date,USD,JPY,EUR
04/01/2011,30.05,36.67,40.09
05/01/2011,30.11,36.68,39.98
06/01/2011,30.23,36.31,39.74
07/01/2011,30.28,36.33,39.37
10/01/2011,30.51,36.72,39.36
11/01/2011,30.69,36.98,39.72
12/01/2011,30.41,36.55,39.53
13/01/2011,30.37,36.57,39.83
14/01/2011,30.50,36.89,40.69
17/01/2011,30.57,36.87,40.80
18/01/2011,30.59,37.04,40.65
19/01/2011,30.48,37.01,40.93
20/01/2011,30.55,37.18,41.07
21/01/2011,30.64,36.94,41.31
24/01/2011,30.77,37.21,41.84
25/01/2011,30.99,37.58,42.32
26/01/2011,30.90,37.65,42.28
27/01/2011,30.81,37.47,42.20
28/01/2011,31.02,37.51,42.52
31/01/2011,31.14,37.95,42.36
01/02/2011,30.89,37.68,42.39
02/02/2011,30.82,37.83,42.64
03/02/2011,30.87,37.83,42.62
04/02/2011,30.85,37.83,42.05
07/02/2011,30.80,37.46,41.90
08/02/2011,30.69,37.30,41.72
09/02/2011,30.69,37.28,41.86
10/02/2011,30.75,37.26,42.16
11/02/2011,30.83,36.98,41.88
14/02/2011,30.77,36.97,41.62
15/02/2011,30.70,36.84,41.46
16/02/2011,30.69,36.65,41.50
17/02/2011,30.62,36.65,41.59
21/02/2011,30.55,36.76,41.81
22/02/2011,30.63,36.86,41.66
23/02/2011,30.61,36.99,41.93
24/02/2011,30.65,37.30,42.18
25/02/2011,30.61,37.36,42.32
28/02/2011,30.61,37.48,42.06
01/03/2011,30.58,37.32,42.24
02/03/2011,30.57,37.32,42.10
03/03/2011,30.51,37.29,42.28
04/03/2011,30.48,37.01,42.53
07/03/2011,30.46,37.01,42.57
08/03/2011,30.41,36.96,42.48
09/03/2011,30.34,36.64,42.14
10/03/2011,30.30,36.60,42.09
11/03/2011,30.41,36.68,42.01
14/03/2011,30.38,36.99,42.34
15/03/2011,30.39,37.21,42.40
16/03/2011,30.44,37.61,42.53
17/03/2011,30.34,38.24,42.22
18/03/2011,30.31,37.25,42.57
21/03/2011,30.28,37.42,42.92
22/03/2011,30.25,37.35,43.01
23/03/2011,30.25,37.39,42.85
24/03/2011,30.30,37.44,42.71
25/03/2011,30.24,37.35,42.87
28/03/2011,30.28,37.12,42.56
29/03/2011,30.32,37.14,42.71
30/03/2011,30.34,36.69,42.76
31/03/2011,30.30,36.58,42.86
01/04/2011,30.28,36.24,42.88
04/04/2011,30.24,35.94,43.02
05/04/2011,30.21,35.84,42.91
07/04/2011,30.14,35.33,43.13
08/04/2011,30.06,35.29,43.14
11/04/2011,30.04,35.44,43.42
12/04/2011,30.17,35.90,43.47
18/04/2011,30.13,36.33,43.28
19/04/2011,30.12,36.50,42.89
20/04/2011,30.02,36.25,43.22
21/04/2011,29.91,36.38,43.60
22/04/2011,29.93,36.60,43.56
25/04/2011,29.93,36.39,43.59
26/04/2011,29.99,36.67,43.59
27/04/2011,29.93,36.68,43.93
28/04/2011,29.89,36.50,44.35
29/04/2011,29.94,36.73,44.39
03/05/2011,29.91,36.91,44.26
04/05/2011,30.05,37.13,44.48
06/05/2011,30.19,37.54,43.98
09/05/2011,30.20,37.48,43.45
10/05/2011,30.19,37.57,43.26
11/05/2011,30.07,37.17,43.30
12/05/2011,30.20,37.22,42.94
13/05/2011,30.25,37.41,43.00
18/05/2011,30.26,37.21,43.13
19/05/2011,30.23,37.03,43.14
20/05/2011,30.27,37.08,43.31
23/05/2011,30.37,37.10,42.77
24/05/2011,30.39,37.14,42.70
25/05/2011,30.43,37.12,42.75
26/05/2011,30.40,37.11,43.01
27/05/2011,30.36,37.46,43.12
30/05/2011,30.31,37.52,43.31
31/05/2011,30.31,37.40,43.58
01/06/2011,30.29,37.23,43.66
02/06/2011,30.31,37.35,43.51
03/06/2011,30.31,37.54,43.91
06/06/2011,30.26,37.70,44.29
07/06/2011,30.31,37.78,44.23
08/06/2011,30.31,37.92,44.45
09/06/2011,30.42,38.00,44.48
10/06/2011,30.40,37.94,44.14
13/06/2011,30.45,37.82,43.66
14/06/2011,30.47,37.98,43.89
15/06/2011,30.46,37.85,43.88
16/06/2011,30.60,37.82,43.34
17/06/2011,30.60,37.95,43.41
20/06/2011,30.57,38.14,43.58
21/06/2011,30.56,38.13,43.83
22/06/2011,30.48,37.99,43.80
23/06/2011,30.49,37.87,43.61
24/06/2011,30.63,38.06,43.63
27/06/2011,30.83,38.19,43.54
28/06/2011,30.94,38.31,44.22
29/06/2011,30.89,38.13,44.34
30/06/2011,30.75,38.19,44.52
04/07/2011,30.44,37.70,44.27
05/07/2011,30.48,37.65,44.19
06/07/2011,30.48,37.69,43.99
07/07/2011,30.35,37.52,43.48
08/07/2011,30.25,37.22,43.42
11/07/2011,30.29,37.53,43.01
12/07/2011,30.41,37.97,42.48
13/07/2011,30.27,38.12,42.39
14/07/2011,30.12,38.28,42.84
18/07/2011,30.11,38.12,42.35
19/07/2011,29.96,37.90,42.32
20/07/2011,29.89,37.75,42.33
21/07/2011,29.88,37.95,42.60
22/07/2011,29.84,37.97,42.96
25/07/2011,29.80,38.00,42.86
26/07/2011,29.72,38.05,42.87
27/07/2011,29.70,38.16,43.09
28/07/2011,29.74,38.18,42.71
29/07/2011,29.75,38.30,42.57
01/08/2011,29.73,38.26,42.78
02/08/2011,29.74,38.42,42.37
03/08/2011,29.81,38.60,42.30
04/08/2011,29.76,37.79,42.58
05/08/2011,29.94,38.03,42.23
08/08/2011,29.78,38.17,42.71
09/08/2011,29.97,38.77,42.57
10/08/2011,29.84,38.80,42.82
11/08/2011,29.91,38.99,42.49
15/08/2011,29.88,38.85,42.74
16/08/2011,29.84,38.83,43.02
17/08/2011,29.88,38.97,42.94
18/08/2011,29.89,39.01,43.04
19/08/2011,29.89,39.03,42.78
22/08/2011,29.83,38.89,42.88
23/08/2011,29.84,38.88,42.91
24/08/2011,29.89,38.95,43.07
25/08/2011,29.96,38.92,43.17
26/08/2011,29.99,38.81,43.22
29/08/2011,29.98,39.09,43.46
30/08/2011,30.00,39.05,43.52
31/08/2011,30.02,39.19,43.32
01/09/2011,29.95,38.91,43.00
02/09/2011,29.97,38.99,42.75
05/09/2011,29.94,38.99,42.38
06/09/2011,29.92,38.93,42.21
07/09/2011,29.95,38.73,42.05
08/09/2011,30.00,38.80,42.21
09/09/2011,30.04,38.78,41.81
12/09/2011,30.12,38.94,40.90
13/09/2011,30.17,39.15,41.16
14/09/2011,30.22,39.29,41.26
15/09/2011,30.27,39.46,41.54
16/09/2011,30.35,39.54,42.01
19/09/2011,30.44,39.59,41.60
20/09/2011,30.62,40.01,41.74
21/09/2011,30.42,39.86,41.68
22/09/2011,30.67,39.98,41.59
23/09/2011,30.81,40.40,41.66
26/09/2011,31.05,40.63,41.64
27/09/2011,30.99,40.61,41.92
28/09/2011,30.96,40.46,42.03
29/09/2011,31.18,40.76,42.33
30/09/2011,31.17,40.69,42.24
03/10/2011,31.28,40.62,41.75
04/10/2011,31.17,40.67,41.16
05/10/2011,31.15,40.64,41.39
06/10/2011,31.12,40.56,41.51
07/10/2011,30.95,40.38,41.55
10/10/2011,30.92,40.30,41.61
11/10/2011,30.88,40.28,42.11
12/10/2011,31.00,40.42,42.21
13/10/2011,30.82,39.99,42.48
14/10/2011,30.85,40.11,42.45
17/10/2011,30.70,39.75,42.53
18/10/2011,30.70,39.97,42.23
19/10/2011,30.65,39.98,42.24
20/10/2011,30.92,40.29,42.43
21/10/2011,31.05,40.47,42.79
25/10/2011,30.80,40.47,42.84
26/10/2011,30.82,40.55,42.90
27/10/2011,30.75,40.45,42.95
28/10/2011,30.51,40.22,43.25
31/10/2011,30.67,39.14,43.16
01/11/2011,30.81,39.39,42.59
02/11/2011,30.85,39.48,42.31
03/11/2011,30.86,39.54,42.23
04/11/2011,30.67,39.32,42.35
07/11/2011,30.67,39.26,42.22
08/11/2011,30.69,39.34,42.21
09/11/2011,30.66,39.50,42.42
10/11/2011,30.81,39.63,41.68
11/11/2011,30.83,39.76,41.93
14/11/2011,30.78,39.89,42.37
15/11/2011,30.79,39.96,41.94
16/11/2011,30.85,40.05,41.59
17/11/2011,30.86,40.07,41.53
18/11/2011,30.97,40.27,41.75
21/11/2011,31.04,40.40,41.93
22/11/2011,31.19,40.48,42.09
23/11/2011,31.24,40.59,42.12
24/11/2011,31.34,40.66,41.91
25/11/2011,31.24,40.38,41.60
28/11/2011,31.30,40.33,41.65
29/11/2011,31.32,40.09,41.74
30/11/2011,31.22,40.06,41.60
01/12/2011,30.93,39.85,41.58
02/12/2011,30.83,39.64,41.53
06/12/2011,30.87,39.72,41.29
07/12/2011,30.80,39.66,41.32
08/12/2011,30.77,39.64,41.25
09/12/2011,30.86,39.74,41.13
13/12/2011,31.19,40.04,41.11
14/12/2011,31.25,40.07,40.71
15/12/2011,31.35,40.18,40.72
16/12/2011,31.34,40.27,40.86
19/12/2011,31.28,40.16,40.72
20/12/2011,31.29,40.12,40.69
21/12/2011,31.23,40.13,40.96
22/12/2011,31.32,40.13,40.86
23/12/2011,31.26,40.02,40.84
26/12/2011,31.31,40.17,40.88
27/12/2011,31.40,40.29,41.02
28/12/2011,31.51,40.51,41.18
29/12/2011,31.69,40.74,40.95
30/12/2011,31.69,40.84,41.03
04/01/2012,31.45,41.04,41.01
05/01/2012,31.54,41.12,40.75
06/01/2012,31.62,40.98,40.44
09/01/2012,31.79,41.32,40.36
10/01/2012,31.71,41.28,40.51
11/01/2012,31.72,41.25,40.42
12/01/2012,31.83,41.39,40.46
13/01/2012,31.77,41.38,40.73
16/01/2012,31.91,41.53,40.34
17/01/2012,31.85,41.49,40.46
18/01/2012,31.79,41.44,40.56
19/01/2012,31.73,41.36,40.79
20/01/2012,31.54,40.90,40.87
23/01/2012,31.52,40.95,40.65
24/01/2012,31.43,40.83,40.89
25/01/2012,31.49,40.47,41.02
26/01/2012,31.37,40.37,41.11
27/01/2012,31.31,40.51,41.01
30/01/2012,31.10,40.55,40.99
31/01/2012,31.04,40.69,40.88
01/02/2012,31.03,40.73,40.53
02/02/2012,30.90,40.60,40.74
03/02/2012,30.94,40.63,40.62
06/02/2012,30.91,40.38,40.50
07/02/2012,30.94,40.39,40.60
08/02/2012,30.81,40.04,40.84
09/02/2012,30.75,39.87,40.76
10/02/2012,30.80,39.69,40.88
13/02/2012,30.85,39.73,40.82
14/02/2012,30.83,39.72,40.57
15/02/2012,30.87,39.32,40.55
16/02/2012,30.85,39.34,40.19
17/02/2012,30.82,39.00,40.47
20/02/2012,30.75,38.68,40.62
21/02/2012,30.75,38.58,40.71
22/02/2012,30.65,38.37,40.55
23/02/2012,30.49,38.03,40.40
24/02/2012,30.32,37.82,40.54
27/02/2012,30.41,37.48,40.91
28/02/2012,30.41,37.89,40.80
29/02/2012,30.25,37.55,40.75
01/03/2012,30.48,37.59,40.66
02/03/2012,30.48,37.50,40.58
05/03/2012,30.63,37.54,40.44
06/03/2012,30.67,37.68,40.52
08/03/2012,30.65,37.73,40.30
09/03/2012,30.53,37.40,40.46
12/03/2012,30.63,37.26,40.11
13/03/2012,30.60,37.18,40.28
14/03/2012,30.68,36.90,40.06
15/03/2012,30.82,36.71,40.14
16/03/2012,30.71,36.79,40.16
19/03/2012,30.69,36.80,40.41
20/03/2012,30.74,36.86,40.68
21/03/2012,30.77,36.82,40.82
22/03/2012,30.77,36.94,40.71
23/03/2012,30.78,37.20,40.63
26/03/2012,30.74,37.18,40.77
27/03/2012,30.69,37.05,40.98
28/03/2012,30.75,37.09,40.99
29/03/2012,30.84,37.33,41.09
30/03/2012,30.84,37.55,41.17
02/04/2012,30.80,37.05,41.08
03/04/2012,30.81,37.64,41.12
04/04/2012,30.95,37.40,40.86
05/04/2012,31.01,37.70,40.77
10/04/2012,30.94,37.91,40.60
11/04/2012,30.96,38.35,40.53
12/04/2012,30.82,38.08,40.43
17/04/2012,30.82,38.31,40.42
18/04/2012,30.79,37.90,40.40
19/04/2012,30.90,37.93,40.54
20/04/2012,30.91,37.87,40.60
23/04/2012,30.93,38.04,40.77
24/04/2012,31.01,38.27,40.80
25/04/2012,30.95,38.03,40.84
26/04/2012,30.92,38.05,40.89
27/04/2012,30.85,38.10,40.71
30/04/2012,30.73,38.33,40.68
02/05/2012,30.77,38.37,40.67
03/05/2012,30.88,38.53,40.58
04/05/2012,30.95,38.61,40.70
08/05/2012,30.98,38.75,40.38
09/05/2012,31.03,38.86,40.28
10/05/2012,31.10,39.04,40.26
11/05/2012,31.15,39.01,40.26
14/05/2012,31.23,39.03,40.25
15/05/2012,31.37,39.28,40.25
16/05/2012,31.48,39.17,40.03
17/05/2012,31.38,39.09,39.97
18/05/2012,31.43,39.60,39.85
21/05/2012,31.30,39.54,40.04
22/05/2012,31.30,39.45,40.04
23/05/2012,31.51,39.51,39.90
24/05/2012,31.57,39.74,39.68
25/05/2012,31.66,39.73,39.69
28/05/2012,31.62,39.83,39.80
29/05/2012,31.68,39.85,39.69
30/05/2012,31.81,40.05,39.65
31/05/2012,31.90,40.49,39.48
01/06/2012,31.85,40.57,39.31
05/06/2012,31.58,40.33,39.52
06/06/2012,31.49,40.01,39.29
07/06/2012,31.46,39.67,39.53
08/06/2012,31.78,40.03,39.78
11/06/2012,31.55,39.64,39.86
12/06/2012,31.67,39.91,39.54
13/06/2012,31.60,39.70,39.48
14/06/2012,31.57,39.76,39.65
15/06/2012,31.52,39.79,39.78
18/06/2012,31.46,39.71,39.93
19/06/2012,31.43,39.81,39.60
20/06/2012,31.45,39.89,39.86
21/06/2012,31.63,39.77,40.07
22/06/2012,31.81,39.69,39.94
25/06/2012,31.87,39.69,39.92
26/06/2012,31.82,39.95,39.82
27/06/2012,31.88,40.15,39.81
28/06/2012,31.86,40.11,39.79
29/06/2012,31.83,40.14,39.83
02/07/2012,31.64,39.68,39.95
03/07/2012,31.56,39.64,39.74
04/07/2012,31.44,39.46,39.58
05/07/2012,31.54,39.47,39.52
06/07/2012,31.62,39.57,39.15
09/07/2012,31.75,39.90,39.01
10/07/2012,31.72,39.91,39.02
11/07/2012,31.73,40.02,38.89
12/07/2012,31.76,39.91,38.85
13/07/2012,31.79,40.09,38.78
16/07/2012,31.62,39.99,38.69
17/07/2012,31.56,40.02,38.80
18/07/2012,31.63,40.02,38.86
19/07/2012,31.65,40.25,38.88
20/07/2012,31.69,40.31,38.85
23/07/2012,31.74,40.56,38.48
24/07/2012,31.77,40.62,38.52
25/07/2012,31.78,40.68,38.37
26/07/2012,31.65,40.53,38.42
27/07/2012,31.58,40.37,38.78
30/07/2012,31.56,40.27,38.79
31/07/2012,31.58,40.40,38.75
01/08/2012,31.51,40.39,38.73
03/08/2012,31.60,40.46,38.48
06/08/2012,31.49,40.15,39.02
07/08/2012,31.47,40.24,39.01
08/08/2012,31.52,40.15,39.05
09/08/2012,31.47,40.13,38.95
10/08/2012,31.48,40.09,38.69
14/08/2012,31.44,40.11,38.82
15/08/2012,31.51,39.99,38.84
16/08/2012,31.53,39.86,38.76
17/08/2012,31.51,39.72,38.93
20/08/2012,31.51,39.62,38.86
21/08/2012,31.49,39.69,38.93
22/08/2012,31.42,39.67,39.17
23/08/2012,31.26,39.79,39.21
24/08/2012,31.22,39.75,39.20
27/08/2012,31.22,39.64,39.04
28/08/2012,31.34,39.90,39.10
29/08/2012,31.31,39.86,39.32
30/08/2012,31.39,39.92,39.35
31/08/2012,31.37,39.98,39.27
03/09/2012,31.26,39.95,39.29
04/09/2012,31.18,39.80,39.30
05/09/2012,31.25,39.85,39.17
06/09/2012,31.24,39.85,39.38
07/09/2012,31.22,39.59,39.45
10/09/2012,31.07,39.74,39.73
11/09/2012,31.10,39.78,39.73
12/09/2012,31.01,39.83,39.88
13/09/2012,31.00,39.89,40.04
14/09/2012,30.83,39.75,40.12
17/09/2012,30.79,39.36,40.41
18/09/2012,30.88,39.31,40.45
19/09/2012,30.82,39.09,40.24
20/09/2012,30.85,39.40,40.16
21/09/2012,30.86,39.43,40.04
24/09/2012,30.89,39.57,40.00
25/09/2012,30.93,39.76,40.01
26/09/2012,30.97,39.84,39.96
27/09/2012,30.99,39.91,39.92
28/09/2012,30.83,39.77,39.85
01/10/2012,30.85,39.61,39.57
02/10/2012,30.74,39.39,39.65
03/10/2012,30.72,39.29,39.64
04/10/2012,30.63,39.03,39.59
05/10/2012,30.55,38.94,39.75
08/10/2012,30.65,38.99,39.84
09/10/2012,30.64,39.14,39.75
10/10/2012,30.72,39.28,39.52
11/10/2012,30.74,39.40,39.50
12/10/2012,30.65,39.08,39.67
15/10/2012,30.74,39.20,39.68
16/10/2012,30.69,38.95,39.79
17/10/2012,30.62,38.88,40.11
18/10/2012,30.62,38.71,40.12
19/10/2012,30.69,38.68,40.10
22/10/2012,30.75,38.75,40.11
24/10/2012,30.77,38.55,39.94
25/10/2012,30.69,38.38,39.84
26/10/2012,30.71,38.33,39.74
29/10/2012,30.72,38.57,39.70
30/10/2012,30.74,38.55,39.70
31/10/2012,30.69,38.58,39.79
01/11/2012,30.70,38.42,39.79
02/11/2012,30.73,38.30,39.72
05/11/2012,30.77,38.25,39.46
06/11/2012,30.80,38.44,39.39
07/11/2012,30.73,38.36,39.39
08/11/2012,30.70,38.43,39.17
09/11/2012,30.67,38.58,39.11
12/11/2012,30.63,38.54,38.96
13/11/2012,30.67,38.59,38.92
14/11/2012,30.68,38.59,39.00
15/11/2012,30.70,38.23,39.09
16/11/2012,30.74,37.92,39.26
19/11/2012,30.72,37.79,39.19
20/11/2012,30.68,37.75,39.23
21/11/2012,30.70,37.51,39.27
22/11/2012,30.70,37.24,39.45
23/11/2012,30.72,37.33,39.57
26/11/2012,30.67,37.24,39.74
27/11/2012,30.69,37.43,39.85
28/11/2012,30.70,37.47,39.69
29/11/2012,30.73,37.44,39.79
30/11/2012,30.70,37.31,39.87
03/12/2012,30.68,37.26,39.95
04/12/2012,30.65,37.34,40.00
06/12/2012,30.68,37.23,40.05
07/12/2012,30.66,37.19,39.75
11/12/2012,30.64,37.20,39.63
12/12/2012,30.62,37.10,39.82
13/12/2012,30.64,36.72,40.03
14/12/2012,30.65,36.62,40.08
17/12/2012,30.59,36.43,40.25
18/12/2012,30.58,36.45,40.26
19/12/2012,30.60,36.30,40.49
20/12/2012,30.62,36.38,40.47
21/12/2012,30.64,36.43,40.46
24/12/2012,30.63,36.31,40.35
25/12/2012,30.63,36.15,40.36
26/12/2012,30.64,35.97,40.39
27/12/2012,30.66,35.78,40.56
28/12/2012,30.63,35.45,40.56
02/01/2013,30.49,35.03,40.42
03/01/2013,30.37,34.84,39.97
04/01/2013,30.43,34.71,39.64
07/01/2013,30.45,34.59,39.73
08/01/2013,30.44,34.80,39.91
09/01/2013,30.42,34.84,39.77
10/01/2013,30.39,34.51,39.66
11/01/2013,30.26,34.02,40.12
14/01/2013,30.28,33.85,40.49
15/01/2013,30.10,33.70,40.25
16/01/2013,29.93,33.93,39.78
17/01/2013,29.80,33.66,39.62
18/01/2013,29.78,33.15,39.82
21/01/2013,29.71,33.16,39.56
22/01/2013,29.78,33.27,39.66
23/01/2013,29.77,33.65,39.64
24/01/2013,29.83,33.60,39.69
25/01/2013,29.87,33.04,39.92
28/01/2013,29.95,32.95,40.29
29/01/2013,29.86,32.93,40.15
30/01/2013,29.78,32.78,40.16
31/01/2013,29.77,32.73,40.38
01/02/2013,29.87,32.51,40.65
04/02/2013,29.76,32.13,40.55
05/02/2013,29.75,32.21,40.13
06/02/2013,29.76,31.75,40.41
07/02/2013,29.79,31.89,40.25
08/02/2013,29.80,31.88,39.91
11/02/2013,29.79,32.19,39.84
12/02/2013,29.89,31.73,40.04
13/02/2013,29.80,31.97,40.08
14/02/2013,29.80,31.88,40.04
15/02/2013,29.84,32.20,39.85
18/02/2013,29.89,31.81,39.87
19/02/2013,29.88,31.87,39.87
20/02/2013,29.84,31.90,40.04
21/02/2013,29.87,31.92,39.65
22/02/2013,29.83,32.03,39.37
26/02/2013,29.85,32.37,39.01
27/02/2013,29.82,32.49,38.92
28/02/2013,29.80,32.25,39.18
01/03/2013,29.75,32.15,38.88
04/03/2013,29.81,31.89,38.79
05/03/2013,29.80,31.93,38.83
06/03/2013,29.74,31.93,38.84
07/03/2013,29.77,31.68,38.66
08/03/2013,29.74,31.29,38.94
11/03/2013,29.76,30.98,38.68
12/03/2013,29.62,30.68,38.59
13/03/2013,29.61,30.88,38.58
14/03/2013,29.63,30.91,38.42
15/03/2013,29.58,30.80,38.50
18/03/2013,29.58,31.24,38.16
19/03/2013,29.37,30.75,38.05
20/03/2013,29.21,30.75,37.59
21/03/2013,29.17,30.43,37.75
22/03/2013,29.24,30.82,37.73
25/03/2013,29.24,30.85,38.09
26/03/2013,29.34,31.13,37.74
27/03/2013,29.33,30.98,37.69
28/03/2013,29.24,31.06,37.37
29/03/2013,29.31,31.15,37.57
01/04/2013,29.29,31.17,37.44
02/04/2013,29.33,31.56,37.72
03/04/2013,29.43,31.46,37.66
04/04/2013,29.38,31.33,37.70
05/04/2013,29.28,30.28,37.85
09/04/2013,29.05,29.27,37.91
10/04/2013,28.95,29.24,37.87
11/04/2013,29.03,29.16,37.89
12/04/2013,29.05,29.19,38.08
17/04/2013,28.93,29.48,38.12
18/04/2013,28.82,29.41,37.57
19/04/2013,28.70,29.15,37.47
22/04/2013,28.63,28.69,37.41
23/04/2013,28.78,29.06,37.54
24/04/2013,28.84,29.02,37.48
25/04/2013,28.99,29.21,37.80
26/04/2013,29.29,29.61,38.15
29/04/2013,29.24,29.95,38.15
30/04/2013,29.32,29.95,38.38
02/05/2013,29.40,30.22,38.72
03/05/2013,29.61,30.21,38.70
07/05/2013,29.63,29.93,38.74
08/05/2013,29.57,29.88,38.70
09/05/2013,29.44,29.80,38.72
10/05/2013,29.65,29.37,38.65
13/05/2013,29.77,29.24,38.61
14/05/2013,29.61,29.17,38.53
15/05/2013,29.73,29.10,38.43
16/05/2013,29.68,29.05,38.20
17/05/2013,29.79,29.12,38.33
20/05/2013,29.87,29.07,38.33
21/05/2013,29.75,29.00,38.31
22/05/2013,29.79,29.05,38.49
23/05/2013,29.97,29.17,38.48
27/05/2013,29.92,29.63,38.66
28/05/2013,29.93,29.38,38.61
29/05/2013,30.14,29.52,38.74
30/05/2013,30.19,29.88,39.12
31/05/2013,30.15,29.85,39.31
03/06/2013,30.42,30.26,39.55
04/06/2013,30.41,30.48,39.72
05/06/2013,30.51,30.52,39.90
06/06/2013,30.57,30.81,40.01
07/06/2013,30.62,31.70,40.55
10/06/2013,30.69,31.30,40.53
11/06/2013,30.88,31.36,40.94
12/06/2013,31.05,32.16,41.33
13/06/2013,31.01,32.72,41.41
14/06/2013,30.57,32.23,40.81
17/06/2013,30.62,32.35,40.82
18/06/2013,30.75,32.42,41.05
19/06/2013,30.91,32.42,41.37
20/06/2013,30.98,32.02,41.09
21/06/2013,31.18,32.04,41.24
24/06/2013,31.12,31.64,40.77
25/06/2013,30.99,31.70,40.65
26/06/2013,31.05,31.74,40.60
27/06/2013,31.10,31.79,40.51
28/06/2013,31.13,31.52,40.62
02/07/2013,30.94,31.06,40.40
03/07/2013,31.03,30.86,40.25
04/07/2013,31.08,31.13,40.39
05/07/2013,31.13,31.03,40.15
08/07/2013,31.41,31.03,40.27
09/07/2013,31.38,31.04,40.36
10/07/2013,31.25,30.97,39.93
11/07/2013,31.08,31.38,40.67
12/07/2013,31.11,31.39,40.68
15/07/2013,31.17,31.39,40.70
16/07/2013,31.09,31.15,40.63
17/07/2013,31.06,31.26,40.80
18/07/2013,31.01,31.07,40.64
19/07/2013,31.12,31.02,40.81
23/07/2013,30.92,31.08,40.78
24/07/2013,30.91,31.02,40.84
25/07/2013,31.08,31.05,41.02
26/07/2013,31.10,31.39,41.28
29/07/2013,31.16,31.84,41.39
30/07/2013,31.25,31.83,41.41
31/07/2013,31.35,31.99,41.57
01/08/2013,31.27,31.85,41.53
02/08/2013,31.39,31.54,41.44
05/08/2013,31.32,31.68,41.56
06/08/2013,31.39,31.99,41.61
07/08/2013,31.44,32.35,41.80
08/08/2013,31.32,32.42,41.77
09/08/2013,31.21,32.32,41.76
13/08/2013,31.26,32.13,41.57
14/08/2013,31.31,31.90,41.51
15/08/2013,31.24,31.90,41.47
16/08/2013,31.27,32.11,41.73
19/08/2013,31.32,32.12,41.75
20/08/2013,31.61,32.39,42.16
21/08/2013,31.75,32.62,42.59
22/08/2013,32.08,32.71,42.80
23/08/2013,31.97,32.30,42.66
26/08/2013,31.92,32.35,42.70
27/08/2013,32.11,32.69,42.93
28/08/2013,32.20,33.12,43.10
29/08/2013,32.18,32.91,42.85
30/08/2013,32.08,32.68,42.48
02/09/2013,32.12,32.58,42.42
03/09/2013,32.02,32.17,42.20
04/09/2013,32.21,32.34,42.40
05/09/2013,32.17,32.25,42.43
06/09/2013,32.38,32.45,42.50
09/09/2013,32.30,32.43,42.54
10/09/2013,32.10,32.21,42.54
11/09/2013,32.13,32.02,42.62
12/09/2013,31.75,31.91,42.26
13/09/2013,31.82,31.90,42.23
16/09/2013,31.68,32.04,42.33
17/09/2013,31.81,32.07,42.40
18/09/2013,31.70,31.94,42.31
19/09/2013,31.03,31.58,41.97
20/09/2013,31.03,31.24,41.99
23/09/2013,31.10,31.40,42.05
24/09/2013,31.30,31.69,42.23
25/09/2013,31.40,31.84,42.31
26/09/2013,31.25,31.67,42.24
27/09/2013,31.23,31.61,42.10
30/09/2013,31.39,32.11,42.36
01/10/2013,31.19,31.76,42.23
02/10/2013,31.28,31.99,42.27
03/10/2013,31.19,31.97,42.38
04/10/2013,31.30,32.21,42.64
07/10/2013,31.32,32.26,42.50
08/10/2013,31.38,32.40,42.56
09/10/2013,31.41,32.30,42.60
10/10/2013,31.47,32.23,42.48
11/10/2013,31.33,31.86,42.38
14/10/2013,31.33,31.88,42.48
15/10/2013,31.28,31.76,42.40
16/10/2013,31.27,31.75,42.25
17/10/2013,31.12,31.59,42.20
18/10/2013,31.03,31.65,42.39
21/10/2013,31.10,31.74,42.52
22/10/2013,31.15,31.71,42.57
24/10/2013,31.15,32.01,42.94
25/10/2013,31.15,32.01,42.94
28/10/2013,31.07,31.87,42.90
29/10/2013,31.08,31.87,42.83
30/10/2013,31.08,31.66,42.69
31/10/2013,31.09,31.61,42.67
01/11/2013,31.19,31.77,42.25
04/11/2013,31.27,31.68,42.17
05/11/2013,31.30,31.81,42.28
06/11/2013,31.30,31.78,42.18
07/11/2013,31.27,31.72,42.26
08/11/2013,31.35,31.94,42.05
11/11/2013,31.63,31.96,42.25
12/11/2013,31.60,31.78,42.33
13/11/2013,31.58,31.74,42.43
14/11/2013,31.48,31.65,42.40
15/11/2013,31.57,31.52,42.47
18/11/2013,31.58,31.52,42.57
19/11/2013,31.58,31.67,42.68
20/11/2013,31.67,31.65,42.89
21/11/2013,31.78,31.66,42.67
22/11/2013,31.80,31.45,42.84
25/11/2013,31.92,31.43,43.23
26/11/2013,32.04,31.57,43.36
27/11/2013,32.07,31.62,43.51
28/11/2013,32.17,31.53,43.66
29/11/2013,32.10,31.36,43.68
02/12/2013,32.20,31.47,43.79
03/12/2013,32.18,31.23,43.56
04/12/2013,32.17,31.37,43.69
06/12/2013,32.29,31.70,44.12
09/12/2013,32.15,31.21,44.06
11/12/2013,32.01,31.15,44.01
12/12/2013,32.12,31.31,44.26
13/12/2013,32.09,31.01,44.13
16/12/2013,32.02,31.09,44.03
17/12/2013,32.04,31.09,44.08
18/12/2013,32.21,31.29,44.34
19/12/2013,32.37,31.13,44.23
20/12/2013,32.52,31.16,44.35
23/12/2013,32.71,31.44,44.74
24/12/2013,32.77,31.41,44.82
25/12/2013,32.73,31.37,44.73
26/12/2013,32.79,31.31,44.84
27/12/2013,32.81,31.30,45.02
02/01/2014,32.90,31.26,45.27
03/01/2014,33.01,31.55,45.07
06/01/2014,33.09,31.69,44.95
07/01/2014,33.10,31.72,45.08
08/01/2014,33.06,31.54,45.02
09/01/2014,33.02,31.48,44.83
10/01/2014,33.02,31.49,44.93
13/01/2014,33.03,31.88,45.14
14/01/2014,32.90,31.82,44.94
15/01/2014,32.82,31.46,44.78
16/01/2014,32.91,31.41,44.79
17/01/2014,32.75,31.39,44.57
20/01/2014,32.89,31.64,44.48
21/01/2014,32.83,31.42,44.46
22/01/2014,32.87,31.52,44.58
23/01/2014,32.95,31.52,44.64
24/01/2014,32.86,31.76,44.95
27/01/2014,32.90,32.15,45.01
28/01/2014,32.89,32.04,44.97
29/01/2014,32.90,31.88,44.92
30/01/2014,32.98,32.25,45.02
31/01/2014,33.00,32.14,44.72
03/02/2014,32.92,32.18,44.39
04/02/2014,32.88,32.50,44.43
05/02/2014,32.78,32.32,44.30
06/02/2014,32.79,32.32,44.34
07/02/2014,32.82,32.19,44.58
10/02/2014,32.78,32.03,44.65
11/02/2014,32.80,32.11,44.82
12/02/2014,32.68,31.88,44.55
13/02/2014,32.56,31.82,44.30
17/02/2014,32.33,31.83,44.32
18/02/2014,32.41,31.70,44.39
19/02/2014,32.59,31.87,44.83
20/02/2014,32.61,31.98,44.82
21/02/2014,32.55,31.77,44.63
24/02/2014,32.61,31.82,44.77
25/02/2014,32.51,31.72,44.65
26/02/2014,32.57,31.84,44.74
27/02/2014,32.59,31.85,44.61
28/02/2014,32.62,32.02,44.68
03/03/2014,32.59,32.14,44.88
04/03/2014,32.54,32.01,44.69
05/03/2014,32.39,31.70,44.48
06/03/2014,32.30,31.50,44.33
07/03/2014,32.27,31.35,44.70
10/03/2014,32.40,31.44,44.98
11/03/2014,32.34,31.30,44.84
12/03/2014,32.38,31.46,44.86
13/03/2014,32.38,31.52,45.03
14/03/2014,32.33,31.76,44.82
17/03/2014,32.27,31.79,44.85
18/03/2014,32.17,31.61,44.80
19/03/2014,32.12,31.69,44.73
20/03/2014,32.34,31.60,44.72
21/03/2014,32.40,31.67,44.66
24/03/2014,32.44,31.69,44.73
25/03/2014,32.50,31.78,44.93
26/03/2014,32.60,31.87,45.03
27/03/2014,32.56,31.94,44.88
28/03/2014,32.52,31.84,44.70
31/03/2014,32.44,31.55,44.61
01/04/2014,32.40,31.38,44.63
02/04/2014,32.38,31.18,44.67
03/04/2014,32.47,31.25,44.68
04/04/2014,32.53,31.32,44.61
08/04/2014,32.43,31.51,44.55
09/04/2014,32.21,31.60,44.41
10/04/2014,32.19,31.60,44.59
11/04/2014,32.32,31.80,44.88
16/04/2014,32.30,31.64,44.62
17/04/2014,32.21,31.57,44.57
18/04/2014,32.19,31.43,44.46
21/04/2014,32.20,31.38,44.46
22/04/2014,32.29,31.47,44.54
23/04/2014,32.37,31.56,44.70
24/04/2014,32.33,31.57,44.68
25/04/2014,32.37,31.62,44.76
28/04/2014,32.25,31.58,44.59
29/04/2014,32.28,31.50,44.74
30/04/2014,32.30,31.53,44.60
02/05/2014,32.40,31.65,44.89
06/05/2014,32.38,31.72,44.93
07/05/2014,32.38,31.87,45.09
08/05/2014,32.44,31.86,45.12
09/05/2014,32.55,32.01,45.02
12/05/2014,32.64,32.01,44.90
14/05/2014,32.51,31.82,44.57
15/05/2014,32.42,31.83,44.46
16/05/2014,32.48,31.98,44.53
19/05/2014,32.49,32.01,44.52
20/05/2014,32.53,32.06,44.59
21/05/2014,32.53,32.14,44.57
22/05/2014,32.43,31.95,44.34
23/05/2014,32.51,31.95,44.36
26/05/2014,32.59,31.98,44.38
27/05/2014,32.58,31.97,44.49
28/05/2014,32.65,32.04,44.50
29/05/2014,32.71,32.17,44.48
30/05/2014,32.79,32.28,44.61
02/06/2014,32.86,32.23,44.76
03/06/2014,32.74,31.99,44.53
04/06/2014,32.67,31.83,44.47
05/06/2014,32.68,31.88,44.44
06/06/2014,32.59,31.85,44.50
09/06/2014,32.45,31.65,44.26
10/06/2014,32.46,31.70,44.10
11/06/2014,32.47,31.73,43.92
12/06/2014,32.48,31.83,43.96
13/06/2014,32.42,31.84,43.93
16/06/2014,32.37,31.78,43.83
17/06/2014,32.41,31.79,43.96
18/06/2014,32.50,31.80,44.01
19/06/2014,32.41,31.80,44.04
20/06/2014,32.46,31.87,44.19
23/06/2014,32.44,31.79,44.09
24/06/2014,32.45,31.86,44.10
25/06/2014,32.46,31.87,44.15
26/06/2014,32.46,31.89,44.23
27/06/2014,32.48,31.99,44.22
30/06/2014,32.46,32.03,44.27
02/07/2014,32.39,31.89,44.29
03/07/2014,32.38,31.78,44.20
04/07/2014,32.40,31.74,44.08
07/07/2014,32.39,31.71,43.98
08/07/2014,32.39,31.82,44.05
09/07/2014,32.34,31.83,44.01
10/07/2014,32.15,31.67,43.86
14/07/2014,32.15,31.71,43.73
15/07/2014,32.16,31.65,43.79
16/07/2014,32.17,31.63,43.62
17/07/2014,32.14,31.64,43.48
18/07/2014,32.20,31.79,43.54
21/07/2014,32.06,31.66,43.39
22/07/2014,31.85,31.39,43.08
23/07/2014,31.78,31.33,42.79
24/07/2014,31.82,31.35,42.82
25/07/2014,31.86,31.31,42.89
28/07/2014,31.81,31.25,42.72
29/07/2014,31.80,31.22,42.73
30/07/2014,31.85,31.20,42.71
31/07/2014,31.99,31.12,42.85
01/08/2014,32.20,31.29,43.10
04/08/2014,32.14,31.32,43.13
05/08/2014,32.13,31.32,43.11
06/08/2014,32.18,31.38,43.01
07/08/2014,32.22,31.52,43.11
08/08/2014,32.24,31.66,43.07
13/08/2014,32.01,31.30,42.77
14/08/2014,31.90,31.10,42.61
15/08/2014,31.88,31.10,42.59
18/08/2014,31.83,31.11,42.62
19/08/2014,31.85,31.05,42.55
20/08/2014,31.90,30.97,42.47
21/08/2014,32.04,30.86,42.47
22/08/2014,31.92,30.72,42.37
25/08/2014,32.01,30.73,42.26
26/08/2014,31.93,30.73,42.14
27/08/2014,31.91,30.67,42.00
28/08/2014,31.87,30.71,42.09
29/08/2014,31.95,30.80,42.11
01/09/2014,31.95,30.67,41.94
02/09/2014,32.03,30.61,42.03
03/09/2014,32.11,30.54,42.16
04/09/2014,32.00,30.50,42.05
05/09/2014,32.09,30.47,41.52
08/09/2014,31.99,30.45,41.43
09/09/2014,32.10,30.26,41.37
10/09/2014,32.12,30.22,41.55
11/09/2014,32.15,30.11,41.53
12/09/2014,32.21,30.05,41.61
15/09/2014,32.27,30.09,41.80
16/09/2014,32.26,30.13,41.75
17/09/2014,32.22,30.03,41.72
18/09/2014,32.30,29.75,41.56
19/09/2014,32.25,29.55,41.62
22/09/2014,32.19,29.55,41.37
23/09/2014,32.25,29.66,41.45
24/09/2014,32.24,29.67,41.43
25/09/2014,32.24,29.54,41.19
26/09/2014,32.29,29.68,41.17
29/09/2014,32.34,29.56,41.02
30/09/2014,32.37,29.60,41.07
01/10/2014,32.44,29.53,40.91
02/10/2014,32.39,29.74,40.92
03/10/2014,32.45,29.81,41.05
06/10/2014,32.62,29.78,40.85
07/10/2014,32.59,29.91,41.12
08/10/2014,32.63,30.12,41.25
09/10/2014,32.47,30.05,41.34
10/10/2014,32.43,30.08,41.19
13/10/2014,32.41,30.23,41.07
14/10/2014,32.42,30.25,41.23
15/10/2014,32.52,30.34,41.09
16/10/2014,32.42,30.56,41.57
17/10/2014,32.42,30.50,41.51
20/10/2014,32.35,30.17,41.26
21/10/2014,32.25,30.22,41.27
22/10/2014,32.29,30.20,41.08
24/10/2014,32.40,30.01,41.00
27/10/2014,32.40,30.00,41.12
28/10/2014,32.43,30.04,41.19
29/10/2014,32.47,30.02,41.34
30/10/2014,32.55,29.86,41.09
31/10/2014,32.51,29.59,40.93
03/11/2014,32.61,28.93,40.67
04/11/2014,32.67,28.77,40.85
05/11/2014,32.69,28.72,41.03
06/11/2014,32.79,28.57,40.96
07/11/2014,32.88,28.53,40.70
10/11/2014,32.74,28.63,40.81
11/11/2014,32.81,28.55,40.79
12/11/2014,32.84,28.40,40.92
13/11/2014,32.81,28.39,40.82
14/11/2014,32.83,28.33,40.89
17/11/2014,32.79,28.29,41.12
18/11/2014,32.78,28.14,40.87
19/11/2014,32.81,28.04,41.07
20/11/2014,32.85,27.77,41.18
21/11/2014,32.78,27.84,41.14
24/11/2014,32.77,27.84,40.60
25/11/2014,32.82,27.81,40.78
26/11/2014,32.78,27.85,40.88
27/11/2014,32.76,27.90,40.96
28/11/2014,32.81,27.78,40.86
01/12/2014,32.90,27.68,40.93
02/12/2014,32.80,27.71,40.88
03/12/2014,32.89,27.57,40.74
04/12/2014,32.88,27.46,40.48
08/12/2014,33.05,27.23,40.62
09/12/2014,32.99,27.37,40.60
11/12/2014,32.82,27.81,40.88
12/12/2014,32.80,27.59,40.66
15/12/2014,32.81,27.65,40.83
16/12/2014,32.98,28.04,41.04
17/12/2014,33.01,28.25,41.25
18/12/2014,32.94,27.78,40.65
19/12/2014,32.83,27.60,40.33
22/12/2014,32.85,27.52,40.20
23/12/2014,32.92,27.42,40.25
24/12/2014,32.90,27.31,40.08
25/12/2014,32.89,27.36,40.12
26/12/2014,32.89,27.36,40.17
29/12/2014,32.92,27.34,40.12
30/12/2014,32.96,27.38,40.05
05/01/2015,32.96,27.38,40.05
06/01/2015,32.95,27.64,39.36
07/01/2015,32.88,27.65,39.04
08/01/2015,32.89,27.52,38.90
09/01/2015,32.85,27.49,38.77
12/01/2015,32.85,27.77,38.95
13/01/2015,32.85,27.85,38.89
14/01/2015,32.80,27.93,38.62
15/01/2015,32.75,27.84,38.56
16/01/2015,32.67,28.13,38.00
19/01/2015,32.54,27.80,37.64
20/01/2015,32.70,27.69,37.86
21/01/2015,32.69,27.69,37.82
22/01/2015,32.58,27.61,37.79
23/01/2015,32.58,27.53,37.01
26/01/2015,32.57,27.68,36.39
27/01/2015,32.58,27.52,36.61
28/01/2015,32.60,27.64,36.98
29/01/2015,32.61,27.70,36.79
30/01/2015,32.72,27.73,37.07
02/02/2015,32.64,27.84,36.92
03/02/2015,32.53,27.76,36.88
04/02/2015,32.60,27.68,37.35
05/02/2015,32.60,27.83,36.99
06/02/2015,32.56,27.75,37.32
09/02/2015,32.61,27.49,36.95
10/02/2015,32.59,27.51,36.93
11/02/2015,32.63,27.32,36.95
12/02/2015,32.68,27.21,36.95
13/02/2015,32.62,27.45,37.19
16/02/2015,32.59,27.49,37.18
17/02/2015,32.60,27.55,36.96
18/02/2015,32.58,27.34,37.14
19/02/2015,32.56,27.44,37.14
20/02/2015,32.56,27.38,37.00
23/02/2015,32.55,27.36,37.01
24/02/2015,32.57,27.37,36.90
25/02/2015,32.56,27.43,36.92
26/02/2015,32.47,27.30,36.90
27/02/2015,32.38,27.16,36.27
02/03/2015,32.37,27.03,36.16
03/03/2015,32.35,26.99,36.19
05/03/2015,32.40,27.05,35.87
06/03/2015,32.42,27.03,35.73
09/03/2015,32.57,26.97,35.33
10/03/2015,32.62,26.83,35.28
11/03/2015,32.62,26.83,35.28
12/03/2015,32.87,27.07,34.65
13/03/2015,32.82,27.04,34.81
16/03/2015,32.91,27.14,34.62
17/03/2015,32.92,27.12,34.75
18/03/2015,32.90,27.13,34.88
19/03/2015,32.73,27.25,35.37
20/03/2015,32.72,27.11,34.93
23/03/2015,32.58,27.16,35.19
24/03/2015,32.54,27.18,35.53
25/03/2015,32.53,27.18,35.54
26/03/2015,32.56,27.34,35.75
27/03/2015,32.58,27.34,35.44
30/03/2015,32.61,27.36,35.44
31/03/2015,32.56,27.09,35.22
01/04/2015,32.51,27.19,35.01
02/04/2015,32.45,27.14,34.93
03/04/2015,32.47,27.14,35.28
07/04/2015,32.48,27.17,35.51
08/04/2015,32.56,27.12,35.28
09/04/2015,32.56,27.10,35.08
10/04/2015,32.55,27.05,34.73
16/04/2015,32.42,27.23,34.68
17/04/2015,32.39,27.23,34.88
20/04/2015,32.36,27.22,34.95
21/04/2015,32.42,27.16,34.77
22/04/2015,32.38,27.07,34.73
23/04/2015,32.40,27.03,34.67
24/04/2015,32.46,27.18,35.12
27/04/2015,32.58,27.41,35.40
28/04/2015,32.64,27.41,35.48
29/04/2015,32.68,27.50,35.85
30/04/2015,32.86,27.67,36.53
06/05/2015,33.25,27.74,37.27
07/05/2015,33.37,27.94,37.84
08/05/2015,33.52,27.98,37.63
11/05/2015,33.54,28.01,37.45
12/05/2015,33.78,28.13,37.69
13/05/2015,33.68,28.12,37.81
14/05/2015,33.45,28.09,38.03
15/05/2015,33.55,28.10,38.25
18/05/2015,33.47,27.99,38.22
19/05/2015,33.37,27.85,37.68
20/05/2015,33.57,27.78,37.33
21/05/2015,33.51,27.66,37.23
22/05/2015,33.41,27.65,37.18
25/05/2015,33.51,27.55,36.81
26/05/2015,33.67,27.61,36.80
27/05/2015,33.78,27.44,36.75
28/05/2015,33.78,27.30,36.86
29/05/2015,33.74,27.28,36.96
02/06/2015,33.76,27.09,36.90
03/06/2015,33.70,27.19,37.59
04/06/2015,33.69,27.10,37.95
05/06/2015,33.74,27.12,37.87
08/06/2015,33.87,27.03,37.63
09/06/2015,33.73,27.10,38.08
10/06/2015,33.70,27.24,38.08
11/06/2015,33.65,27.35,38.01
12/06/2015,33.69,27.29,37.89
15/06/2015,33.70,27.30,37.78
16/06/2015,33.69,27.29,37.97
17/06/2015,33.68,27.29,37.89
18/06/2015,33.64,27.30,38.20
19/06/2015,33.66,27.39,38.26
22/06/2015,33.66,27.43,38.28
23/06/2015,33.72,27.29,38.12
24/06/2015,33.79,27.28,37.77
25/06/2015,33.79,27.29,37.86
26/06/2015,33.79,27.38,37.79
29/06/2015,33.86,27.54,37.35
30/06/2015,33.78,27.58,37.79
02/07/2015,33.80,27.41,37.37
03/07/2015,33.77,27.46,37.44
06/07/2015,33.82,27.60,37.36
07/07/2015,33.87,27.61,37.39
08/07/2015,34.02,27.88,37.41
09/07/2015,33.96,28.07,37.60
10/07/2015,33.92,27.86,37.60
13/07/2015,33.97,27.72,37.81
14/07/2015,34.03,27.56,37.43
15/07/2015,34.05,27.60,37.46
16/07/2015,34.20,27.62,37.39
17/07/2015,34.19,27.56,37.22
20/07/2015,34.28,27.62,37.12
21/07/2015,34.46,27.72,37.31
22/07/2015,34.53,27.92,37.77
23/07/2015,34.78,28.06,38.06
24/07/2015,34.86,28.13,38.27
27/07/2015,34.85,28.21,38.35
28/07/2015,34.87,28.28,38.64
29/07/2015,34.88,28.25,38.62
31/07/2015,35.17,28.36,38.49
03/08/2015,35.05,28.27,38.48
04/08/2015,35.11,28.33,38.43
05/08/2015,35.11,28.24,38.15
06/08/2015,35.17,28.20,38.36
07/08/2015,35.14,28.19,38.40
10/08/2015,35.10,28.24,38.49
11/08/2015,35.25,28.26,38.76
13/08/2015,35.23,28.34,39.27
14/08/2015,35.22,28.32,39.26
17/08/2015,35.34,28.43,39.21
18/08/2015,35.54,28.58,39.36
19/08/2015,35.58,28.64,39.31
20/08/2015,35.54,28.69,39.56
21/08/2015,35.66,28.95,40.15
24/08/2015,35.77,29.51,40.93
25/08/2015,35.59,29.76,41.12
26/08/2015,35.64,29.91,41.05
27/08/2015,35.64,29.70,40.42
28/08/2015,35.77,29.57,40.25
31/08/2015,35.87,29.61,40.27
01/09/2015,35.76,29.60,40.25
02/09/2015,35.75,29.75,40.30
03/09/2015,35.81,29.72,40.18
04/09/2015,35.84,29.95,39.90
07/09/2015,35.99,30.17,40.13
08/09/2015,36.19,30.32,40.46
09/09/2015,36.00,29.91,40.26
10/09/2015,36.19,30.06,40.59
11/09/2015,36.02,29.84,40.63
14/09/2015,36.03,29.90,40.86
15/09/2015,36.01,29.95,40.73
16/09/2015,35.96,29.91,40.57
17/09/2015,35.81,29.71,40.48
18/09/2015,35.74,29.82,40.76
21/09/2015,35.72,29.81,40.41
22/09/2015,35.93,29.85,40.22
23/09/2015,36.12,30.11,40.17
24/09/2015,36.24,30.18,40.51
25/09/2015,36.24,30.14,40.48
28/09/2015,36.23,30.10,40.54
29/09/2015,36.47,30.49,41.04
30/09/2015,36.37,30.34,40.91
01/10/2015,36.37,30.34,40.91
02/10/2015,36.56,30.47,40.89
05/10/2015,36.45,30.39,40.92
06/10/2015,36.34,30.18,40.65
07/10/2015,36.34,30.18,40.65
08/10/2015,35.95,29.99,40.45
09/10/2015,35.67,29.74,40.23
12/10/2015,35.53,29.59,40.39
13/10/2015,35.49,29.61,40.30
14/10/2015,35.58,29.76,40.55
15/10/2015,35.20,29.59,40.37
16/10/2015,35.29,29.63,40.14
19/10/2015,35.32,29.62,40.16
20/10/2015,35.43,29.66,40.17
21/10/2015,35.40,29.53,40.20
22/10/2015,35.60,29.71,40.38
26/10/2015,35.56,29.38,39.23
27/10/2015,35.49,29.42,39.23
28/10/2015,35.51,29.49,39.18
29/10/2015,35.60,29.50,38.89
30/10/2015,35.60,29.45,39.09
02/11/2015,35.56,29.54,39.21
03/11/2015,35.55,29.45,39.15
04/11/2015,35.52,29.32,38.90
05/11/2015,35.54,29.27,38.63
06/11/2015,35.56,29.23,38.70
09/11/2015,35.83,29.08,38.55
10/11/2015,35.90,29.14,38.60
11/11/2015,35.85,29.17,38.52
12/11/2015,35.82,29.15,38.56
13/11/2015,35.86,29.25,38.69
16/11/2015,35.96,29.36,38.55
17/11/2015,35.96,29.17,38.37
18/11/2015,36.02,29.19,38.31
19/11/2015,35.93,29.11,38.41
20/11/2015,35.74,29.08,38.29
23/11/2015,35.79,29.10,38.02
24/11/2015,35.84,29.20,38.11
25/11/2015,35.69,29.17,38.04
26/11/2015,35.72,29.13,37.93
27/11/2015,35.78,29.19,37.95
30/11/2015,35.89,29.24,37.97
01/12/2015,35.82,29.11,37.89
02/12/2015,35.78,29.10,37.99
03/12/2015,35.88,29.10,38.04
04/12/2015,35.79,29.17,39.03
08/12/2015,35.89,29.14,38.92
09/12/2015,35.93,29.24,39.12
11/12/2015,36.01,29.51,39.37
14/12/2015,36.12,29.87,39.65
15/12/2015,36.09,29.84,39.74
16/12/2015,35.98,29.56,39.37
17/12/2015,36.05,29.43,39.14
18/12/2015,36.16,29.55,39.20
21/12/2015,36.15,29.83,39.29
22/12/2015,36.09,29.76,39.36
23/12/2015,36.07,29.81,39.47
24/12/2015,36.10,29.89,39.43
25/12/2015,36.07,30.00,39.50
28/12/2015,36.09,29.97,39.58
29/12/2015,36.10,30.00,39.63
30/12/2015,36.09,29.96,39.44
04/01/2016,36.15,30.10,39.26
05/01/2016,36.14,30.28,39.14
06/01/2016,36.19,30.49,38.93
07/01/2016,36.30,30.71,39.20
08/01/2016,36.21,30.64,39.41
11/01/2016,36.31,30.97,39.68
12/01/2016,36.28,30.84,39.41
13/01/2016,36.27,30.72,39.27
14/01/2016,36.31,30.91,39.53
15/01/2016,36.31,30.80,39.49
18/01/2016,36.32,30.99,39.60
19/01/2016,36.28,30.86,39.49
20/01/2016,36.29,30.96,39.66
21/01/2016,36.26,30.95,39.46
22/01/2016,36.16,30.71,39.20
25/01/2016,35.99,30.34,38.90
26/01/2016,35.98,30.48,39.04
27/01/2016,35.83,30.30,38.89
28/01/2016,35.85,30.21,39.04
29/01/2016,35.78,29.94,39.09
01/02/2016,35.68,29.44,38.69
02/02/2016,35.64,29.51,38.85
03/02/2016,35.82,29.94,39.13
04/02/2016,35.62,30.19,39.51
05/02/2016,35.82,29.94,39.13
08/02/2016,35.54,30.35,39.60
09/02/2016,35.48,30.86,39.77
10/02/2016,35.38,30.89,39.95
11/02/2016,35.26,31.28,39.85
12/02/2016,35.38,31.49,40.00
15/02/2016,35.65,31.39,40.03
16/02/2016,35.63,31.10,39.79
17/02/2016,35.65,31.29,39.74
18/02/2016,35.59,31.21,39.62
19/02/2016,35.63,31.55,39.63
23/02/2016,35.75,31.81,39.46
24/02/2016,35.73,31.92,39.34
25/02/2016,35.68,31.82,39.31
26/02/2016,35.66,31.62,39.41
29/02/2016,35.73,31.54,39.06
01/03/2016,35.63,31.70,38.77
02/03/2016,35.61,31.24,38.70
03/03/2016,35.52,31.20,38.59
04/03/2016,35.42,31.17,38.75
07/03/2016,35.44,31.17,38.93
08/03/2016,35.44,31.36,39.04
09/03/2016,35.36,31.42,38.85
10/03/2016,35.28,31.09,38.74
11/03/2016,35.16,31.04,39.30
14/03/2016,35.08,30.80,39.12
15/03/2016,35.12,30.90,38.99
16/03/2016,35.07,30.93,38.95
17/03/2016,34.85,30.94,39.08
18/03/2016,34.82,31.32,39.41
21/03/2016,34.91,31.34,39.36
22/03/2016,34.93,31.19,39.26
23/03/2016,35.00,31.16,39.22
24/03/2016,35.28,31.29,39.41
25/03/2016,35.33,31.22,39.43
28/03/2016,35.34,31.12,39.43
29/03/2016,35.37,31.15,39.58
30/03/2016,35.29,31.36,39.85
31/03/2016,35.24,31.34,39.90
01/04/2016,35.14,31.30,39.97
04/04/2016,35.15,31.53,40.07
05/04/2016,35.33,31.86,40.26
07/04/2016,35.21,32.19,40.15
08/04/2016,35.19,32.36,40.00
11/04/2016,35.08,32.50,40.01
12/04/2016,35.03,32.41,39.97
18/04/2016,35.06,32.44,39.60
19/04/2016,34.96,32.06,39.57
20/04/2016,34.88,32.00,39.63
21/04/2016,35.02,31.93,39.57
22/04/2016,35.06,32.03,39.61
25/04/2016,35.13,31.59,39.47
26/04/2016,35.16,31.66,39.60
27/04/2016,35.13,31.62,39.71
28/04/2016,35.10,31.81,39.73
29/04/2016,34.93,32.49,39.74
03/05/2016,34.86,32.85,40.20
04/05/2016,35.10,32.84,40.34
09/05/2016,35.12,32.70,40.05
10/05/2016,35.24,32.47,40.12
11/05/2016,35.21,32.33,40.08
12/05/2016,35.25,32.47,40.25
13/05/2016,35.37,32.50,40.21
16/05/2016,35.42,32.55,40.06
17/05/2016,35.37,32.44,40.04
18/05/2016,35.59,32.64,40.22
19/05/2016,35.70,32.45,40.06
23/05/2016,35.62,32.47,40.00
24/05/2016,35.73,32.67,40.04
25/05/2016,35.74,32.49,39.83
26/05/2016,35.63,32.51,39.80
27/05/2016,35.62,32.43,39.85
30/05/2016,35.77,32.28,39.73
31/05/2016,35.73,32.16,39.81
01/06/2016,35.71,32.31,39.72
02/06/2016,35.64,32.64,39.90
03/06/2016,35.57,32.66,39.66
06/06/2016,35.36,33.07,40.11
07/06/2016,35.29,32.81,40.07
08/06/2016,35.23,32.93,40.04
09/06/2016,35.11,32.92,40.02
10/06/2016,35.24,32.91,39.84
13/06/2016,35.24,33.18,39.62
14/06/2016,35.18,33.20,39.69
15/06/2016,35.34,33.29,39.58
16/06/2016,35.20,33.55,39.67
17/06/2016,35.28,33.75,39.71
20/06/2016,35.21,33.64,39.96
21/06/2016,35.21,33.85,39.91
22/06/2016,35.25,33.73,39.66
23/06/2016,35.19,33.64,39.87
24/06/2016,35.37,34.44,39.29
27/06/2016,35.36,34.72,38.96
28/06/2016,35.30,34.65,38.98
29/06/2016,35.26,34.43,39.00
30/06/2016,35.18,34.25,39.06
04/07/2016,35.06,34.18,39.04
05/07/2016,35.11,34.39,39.09
06/07/2016,35.23,34.91,38.93
07/07/2016,35.19,34.86,39.00
08/07/2016,35.21,34.96,38.99
11/07/2016,35.13,34.83,38.81
12/07/2016,35.15,34.13,38.92
13/07/2016,35.20,33.74,38.93
14/07/2016,35.16,33.60,39.03
15/07/2016,35.01,33.09,38.92
20/07/2016,35.05,33.09,38.58
21/07/2016,35.05,32.68,38.61
22/07/2016,34.95,33.05,38.52
25/07/2016,35.01,32.90,38.37
26/07/2016,35.05,33.49,38.52
27/07/2016,35.01,33.26,38.47
28/07/2016,34.92,33.30,38.64
29/07/2016,34.88,33.54,38.64
01/08/2016,34.78,33.91,38.84
02/08/2016,34.79,34.00,38.87
03/08/2016,34.81,34.43,39.02
04/08/2016,34.95,34.56,38.94
05/08/2016,34.88,34.47,38.82
08/08/2016,34.98,34.30,38.79
09/08/2016,34.97,34.14,38.74
10/08/2016,34.80,34.32,38.77
11/08/2016,34.79,34.37,38.87
15/08/2016,34.72,34.29,38.74
16/08/2016,34.60,34.36,38.74
17/08/2016,34.65,34.46,39.06
18/08/2016,34.59,34.63,39.08
19/08/2016,34.62,34.53,39.23
22/08/2016,34.70,34.49,39.16
23/08/2016,34.62,34.58,39.21
24/08/2016,34.65,34.56,39.16
25/08/2016,34.61,34.48,39.01
26/08/2016,34.56,34.41,39.00
29/08/2016,34.66,34.00,38.81
30/08/2016,34.58,33.90,38.63
31/08/2016,34.63,33.64,38.59
01/09/2016,34.63,33.55,38.61
02/09/2016,34.60,33.50,38.73
05/09/2016,34.66,33.43,38.69
06/09/2016,34.79,33.58,38.77
07/09/2016,34.59,34.07,38.86
08/09/2016,34.65,34.09,38.96
09/09/2016,34.77,34.05,39.17
12/09/2016,34.87,34.03,39.20
13/09/2016,34.86,34.29,39.14
14/09/2016,34.95,33.96,39.19
15/09/2016,34.89,34.11,39.21
16/09/2016,34.83,34.16,39.14
19/09/2016,34.87,34.15,38.92
20/09/2016,34.83,34.19,38.91
21/09/2016,34.78,34.14,38.76
22/09/2016,34.67,34.57,38.79
23/09/2016,34.67,34.31,38.83
26/09/2016,34.66,34.40,38.92
27/09/2016,34.62,34.43,38.91
28/09/2016,34.62,34.45,38.78
29/09/2016,34.61,34.19,38.84
30/09/2016,34.70,34.31,38.89
03/10/2016,34.62,34.16,38.86
04/10/2016,34.68,33.98,38.83
05/10/2016,34.77,33.85,38.96
06/10/2016,34.81,33.66,38.97
07/10/2016,34.87,33.63,38.78
10/10/2016,35.01,33.99,39.14
11/10/2016,35.17,33.84,39.12
12/10/2016,35.42,34.27,39.17
13/10/2016,35.71,34.32,39.32
14/10/2016,35.23,33.90,38.87
17/10/2016,35.37,33.97,38.81
18/10/2016,35.16,33.86,38.72
19/10/2016,34.93,33.70,38.39
20/10/2016,34.91,33.70,38.28
21/10/2016,35.10,33.73,38.28
25/10/2016,35.05,33.57,38.10
26/10/2016,34.97,33.54,38.05
27/10/2016,35.07,33.56,38.22
28/10/2016,35.13,33.40,38.30
31/10/2016,35.02,33.42,38.39
01/11/2016,35.02,33.42,38.37
02/11/2016,35.05,33.70,38.71
03/11/2016,34.93,33.87,38.79
04/11/2016,34.96,33.94,38.79
07/11/2016,35.01,33.65,38.82
08/11/2016,34.98,33.51,38.58
09/11/2016,34.93,33.94,38.89
10/11/2016,35.06,33.27,38.33
11/11/2016,35.30,33.15,38.46
14/11/2016,35.42,33.00,38.24
15/11/2016,35.37,32.77,38.07
16/11/2016,35.42,32.57,38.07
17/11/2016,35.42,32.56,37.90
18/11/2016,35.57,32.24,37.71
21/11/2016,35.53,32.09,37.69
22/11/2016,35.45,32.11,37.73
23/11/2016,35.51,31.98,37.71
24/11/2016,35.70,31.70,37.60
25/11/2016,35.67,31.42,37.65
28/11/2016,35.56,31.73,37.84
29/11/2016,35.56,31.75,37.68
30/11/2016,35.61,31.70,37.89
01/12/2016,35.70,31.26,37.84
02/12/2016,35.64,31.34,38.04
06/12/2016,35.63,31.36,38.29
07/12/2016,35.66,31.27,38.21
08/12/2016,35.61,31.35,38.32
09/12/2016,35.65,31.18,37.84
13/12/2016,35.60,30.92,37.84
14/12/2016,35.58,30.89,37.81
15/12/2016,35.72,30.42,37.50
16/12/2016,35.77,30.29,37.31
19/12/2016,35.83,30.49,37.47
20/12/2016,35.90,30.59,37.33
21/12/2016,36.03,30.60,37.44
22/12/2016,36.00,30.63,37.57
23/12/2016,36.01,30.66,37.59
26/12/2016,35.96,30.73,37.59
27/12/2016,36.00,30.68,37.57
28/12/2016,36.02,30.64,37.70
29/12/2016,35.99,30.82,37.55
30/12/2016,35.83,30.80,37.76
04/01/2017,35.89,30.45,37.35
05/01/2017,35.76,30.73,37.64
06/01/2017,35.71,30.82,37.77
09/01/2017,35.75,30.53,37.68
10/01/2017,35.61,30.77,37.74
11/01/2017,35.57,30.69,37.56
12/01/2017,35.36,30.79,37.46
13/01/2017,35.40,30.80,37.56
16/01/2017,35.44,31.03,37.64
17/01/2017,35.40,31.09,37.59
18/01/2017,35.27,31.24,37.72
19/01/2017,35.40,30.89,37.63
20/01/2017,35.35,30.83,37.72
23/01/2017,35.29,31.05,37.89
24/01/2017,35.22,31.19,37.87
25/01/2017,35.24,31.02,37.81
26/01/2017,35.20,31.06,37.85
27/01/2017,35.31,30.74,37.69
30/01/2017,35.27,30.80,37.82
31/01/2017,35.19,30.98,37.65
01/02/2017,35.15,31.08,37.90
02/02/2017,35.10,31.03,37.83
03/02/2017,35.09,31.11,37.75
06/02/2017,35.02,31.15,37.74
07/02/2017,35.03,31.31,37.54
08/02/2017,35.04,31.22,37.40
09/02/2017,35.02,31.21,37.38
10/02/2017,35.07,30.84,37.36
14/02/2017,35.03,30.86,37.14
15/02/2017,35.03,30.65,37.03
16/02/2017,35.00,30.71,37.14
17/02/2017,35.00,30.85,37.31
20/02/2017,35.00,30.98,37.13
21/02/2017,35.05,30.88,37.08
22/02/2017,35.01,30.85,36.91
23/02/2017,35.00,30.91,36.92
24/02/2017,34.97,30.98,36.97
27/02/2017,34.88,31.10,36.83
28/02/2017,34.88,30.97,36.91
01/03/2017,34.98,30.91,36.93
02/03/2017,34.99,30.74,36.86
03/03/2017,35.04,30.70,36.84
06/03/2017,35.03,30.79,37.13
07/03/2017,35.07,30.78,37.10
08/03/2017,35.15,30.91,37.14
09/03/2017,35.32,30.87,37.20
10/03/2017,35.37,30.71,37.46
13/03/2017,35.30,30.76,37.73
14/03/2017,35.30,30.74,37.61
15/03/2017,35.27,30.75,37.45
16/03/2017,35.06,30.96,37.61
17/03/2017,34.96,30.82,37.63
20/03/2017,34.71,30.85,37.34
21/03/2017,34.72,30.85,37.36
22/03/2017,34.73,31.11,37.49
23/03/2017,34.63,31.07,37.34
24/03/2017,34.67,31.14,37.31
27/03/2017,34.47,31.25,37.38
28/03/2017,34.41,31.11,37.37
29/03/2017,34.50,31.05,37.31
30/03/2017,34.49,31.00,37.08
31/03/2017,34.45,30.77,36.79
03/04/2017,34.31,30.81,36.62
04/04/2017,34.39,31.10,36.67
05/04/2017,34.50,31.16,36.83
07/04/2017,34.61,31.33,36.84
10/04/2017,34.64,31.08,36.64
11/04/2017,34.60,31.26,36.63
12/04/2017,34.53,31.54,36.63
17/04/2017,34.29,31.66,36.41
18/04/2017,34.39,31.54,36.59
19/04/2017,34.32,31.62,36.78
20/04/2017,34.38,31.56,36.84
21/04/2017,34.42,31.50,36.88
24/04/2017,34.36,31.24,37.24
25/04/2017,34.37,31.26,37.33
26/04/2017,34.43,30.95,37.63
27/04/2017,34.51,31.02,37.63
28/04/2017,34.63,31.15,37.62
02/05/2017,34.55,30.87,37.69
03/05/2017,34.45,30.74,37.64
04/05/2017,34.59,30.67,37.65
05/05/2017,34.61,30.78,37.97
08/05/2017,34.66,30.74,38.02
09/05/2017,34.68,30.61,37.87
11/05/2017,34.78,30.47,37.82
12/05/2017,34.72,30.51,37.72
15/05/2017,34.62,30.53,37.81
16/05/2017,34.49,30.38,37.89
17/05/2017,34.48,30.62,38.25
18/05/2017,34.50,31.06,38.47
19/05/2017,34.53,31.05,38.35
22/05/2017,34.36,30.85,38.43
23/05/2017,34.37,30.94,38.62
24/05/2017,34.47,30.81,38.52
25/05/2017,34.26,30.70,38.46
26/05/2017,34.09,30.53,38.18
29/05/2017,34.09,30.62,38.07
30/05/2017,34.14,30.77,37.96
31/05/2017,34.10,30.73,38.09
01/06/2017,34.10,30.75,38.32
02/06/2017,34.19,30.64,38.34
05/06/2017,34.04,30.81,38.36
06/06/2017,34.00,30.93,38.30
07/06/2017,34.00,31.04,38.29
08/06/2017,34.04,31.01,38.30
09/06/2017,34.06,30.89,38.11
12/06/2017,34.08,30.92,38.18
13/06/2017,34.00,30.91,38.05
14/06/2017,33.91,30.81,38.01
15/06/2017,33.88,30.92,38.00
16/06/2017,33.97,30.61,37.87
19/06/2017,33.94,30.57,37.98
20/06/2017,33.97,30.44,37.88
21/06/2017,34.04,30.55,37.87
22/06/2017,33.96,30.56,37.91
23/06/2017,33.98,30.51,37.90
26/06/2017,33.95,30.49,37.98
27/06/2017,33.98,30.38,38.01
28/06/2017,33.97,30.29,38.53
29/06/2017,33.96,30.25,38.68
30/06/2017,33.98,30.37,38.85
03/07/2017,33.96,30.22,38.74
04/07/2017,34.00,30.05,38.64
05/07/2017,34.00,30.08,38.61
06/07/2017,34.04,30.11,38.59
07/07/2017,34.09,30.03,38.89
11/07/2017,34.10,29.86,38.85
12/07/2017,34.01,29.94,39.00
13/07/2017,33.95,30.00,38.81
14/07/2017,33.92,29.91,38.68
17/07/2017,33.73,29.95,38.64
18/07/2017,33.60,29.94,38.70
19/07/2017,33.64,30.02,38.81
20/07/2017,33.63,30.02,38.72
21/07/2017,33.53,29.96,38.99
24/07/2017,33.43,30.12,38.97
25/07/2017,33.45,30.07,38.93
26/07/2017,33.50,29.94,38.98
27/07/2017,33.33,30.02,39.10
31/07/2017,33.33,30.14,39.10
01/08/2017,33.27,30.17,39.33
02/08/2017,33.31,30.11,39.32
03/08/2017,33.30,30.09,39.42
04/08/2017,33.25,30.20,39.47
07/08/2017,33.27,30.06,39.23
08/08/2017,33.27,30.06,39.28
09/08/2017,33.28,30.26,39.06
10/08/2017,33.24,30.21,39.05
11/08/2017,33.25,30.47,39.11
15/08/2017,33.26,30.18,39.15
16/08/2017,33.29,30.07,39.07
17/08/2017,33.25,30.29,39.15
18/08/2017,33.25,30.40,38.98
21/08/2017,33.22,30.43,39.03
22/08/2017,33.25,30.46,39.25
23/08/2017,33.27,30.39,39.11
24/08/2017,33.35,30.56,39.35
25/08/2017,33.35,30.44,39.32
28/08/2017,33.23,30.46,39.61
29/08/2017,33.20,30.53,39.75
30/08/2017,33.20,30.26,39.74
31/08/2017,33.21,30.09,39.47
01/09/2017,33.18,30.15,39.48
04/09/2017,33.19,30.26,39.43
05/09/2017,33.16,30.31,39.46
06/09/2017,33.16,30.49,39.50
07/09/2017,33.13,30.37,39.51
08/09/2017,33.07,30.58,39.83
11/09/2017,33.13,30.56,39.78
12/09/2017,33.13,30.30,39.61
13/09/2017,33.09,30.07,39.63
14/09/2017,33.13,29.97,39.36
15/09/2017,33.07,29.98,39.38
18/09/2017,33.09,29.76,39.51
19/09/2017,33.08,29.67,39.58
20/09/2017,33.08,29.67,39.68
21/09/2017,33.12,29.46,39.35
22/09/2017,33.11,29.55,39.56
25/09/2017,33.09,29.47,39.46
26/09/2017,33.14,29.69,39.26
27/09/2017,33.25,29.59,39.18
28/09/2017,33.38,29.57,39.17
29/09/2017,33.37,29.64,39.31
02/10/2017,33.38,29.59,39.29
03/10/2017,33.49,29.65,39.22
04/10/2017,33.35,29.64,39.25
05/10/2017,33.37,29.61,39.22
06/10/2017,33.42,29.61,39.12
09/10/2017,33.40,29.66,39.19
10/10/2017,33.35,29.61,39.23
11/10/2017,33.22,29.56,39.24
12/10/2017,33.15,29.51,39.33
16/10/2017,33.07,29.54,39.03
17/10/2017,33.09,29.51,38.95
18/10/2017,33.10,29.49,38.93
19/10/2017,33.15,29.35,39.11
20/10/2017,33.14,29.33,39.18
24/10/2017,33.16,29.25,38.99
25/10/2017,33.20,29.18,39.03
27/10/2017,33.28,29.16,38.72
30/10/2017,33.25,29.25,38.58
31/10/2017,33.23,29.37,38.67
01/11/2017,33.19,29.17,38.61
02/11/2017,33.11,29.06,38.57
03/11/2017,33.10,29.05,38.58
06/11/2017,33.17,28.98,38.51
07/11/2017,33.12,29.09,38.44
08/11/2017,33.14,29.12,38.41
09/11/2017,33.11,29.07,38.37
10/11/2017,33.09,29.18,38.52
13/11/2017,33.09,29.14,38.54
14/11/2017,33.07,29.10,38.59
15/11/2017,33.05,29.17,38.95
16/11/2017,33.01,29.23,38.90
17/11/2017,32.87,29.18,38.79
20/11/2017,32.80,29.26,38.51
21/11/2017,32.83,29.18,38.53
22/11/2017,32.75,29.19,38.44
23/11/2017,32.71,29.41,38.66
24/11/2017,32.68,29.35,38.70
27/11/2017,32.68,29.32,38.93
28/11/2017,32.63,29.36,38.83
29/11/2017,32.58,29.21,38.60
30/11/2017,32.60,29.11,38.66
01/12/2017,32.66,29.04,38.87
04/12/2017,32.65,28.97,38.75
06/12/2017,32.61,29.03,38.57
07/12/2017,32.63,29.03,38.49
08/12/2017,32.64,28.80,38.39
12/12/2017,32.59,28.69,38.34
13/12/2017,32.60,28.75,38.29
14/12/2017,32.51,28.83,38.45
15/12/2017,32.52,28.96,38.31
18/12/2017,32.56,28.90,38.28
19/12/2017,32.78,29.10,38.62
20/12/2017,32.74,28.98,38.75
21/12/2017,32.72,28.87,38.83
22/12/2017,32.73,28.87,38.76
25/12/2017,32.73,28.90,38.80
26/12/2017,32.76,28.90,38.87
27/12/2017,32.81,28.97,38.92
28/12/2017,32.71,28.89,38.93
29/12/2017,32.68,28.98,39.03
03/01/2018,32.44,28.88,39.06
04/01/2018,32.31,28.68,38.81
05/01/2018,32.21,28.54,38.87
08/01/2018,32.15,28.41,38.68
09/01/2018,32.23,28.57,38.57
10/01/2018,32.23,28.72,38.48
11/01/2018,32.07,28.74,38.34
12/01/2018,31.95,28.70,38.48
15/01/2018,31.92,28.81,38.93
16/01/2018,31.95,28.82,39.15
17/01/2018,31.93,28.87,39.17
18/01/2018,31.96,28.73,38.96
19/01/2018,31.87,28.72,39.02
22/01/2018,31.89,28.78,39.00
23/01/2018,31.82,28.69,39.01
24/01/2018,31.74,28.82,39.04
25/01/2018,31.44,28.80,39.03
26/01/2018,31.38,28.69,38.99
29/01/2018,31.34,28.81,38.87
30/01/2018,31.46,28.90,38.91
31/01/2018,31.38,28.83,38.96
01/02/2018,31.36,28.69,38.91
02/02/2018,31.33,28.62,39.15
05/02/2018,31.49,28.65,39.22
06/02/2018,31.63,29.04,39.15
07/02/2018,31.47,28.79,38.95
08/02/2018,31.71,28.97,38.91
09/02/2018,31.83,29.23,39.02
12/02/2018,31.63,29.11,38.82
13/02/2018,31.56,29.06,38.78
14/02/2018,31.41,29.24,38.83
15/02/2018,31.30,29.32,38.97
16/02/2018,31.24,29.46,39.11
19/02/2018,31.29,29.43,38.88
20/02/2018,31.43,29.43,38.94
21/02/2018,31.52,29.30,38.87
22/02/2018,31.60,29.41,38.78
23/02/2018,31.47,29.44,38.74
26/02/2018,31.38,29.41,38.61
27/02/2018,31.28,29.26,38.57
28/02/2018,31.46,29.33,38.48
02/03/2018,31.46,29.63,38.60
05/03/2018,31.42,29.77,38.69
06/03/2018,31.38,29.54,38.75
07/03/2018,31.35,29.64,38.91
08/03/2018,31.31,29.51,38.84
09/03/2018,31.37,29.37,38.61
12/03/2018,31.32,29.32,38.55
13/03/2018,31.27,29.35,38.56
14/03/2018,31.18,29.26,38.65
15/03/2018,31.15,29.40,38.55
16/03/2018,31.23,29.46,38.42
19/03/2018,31.24,29.52,38.33
20/03/2018,31.19,29.40,38.48
21/03/2018,31.21,29.33,38.26
22/03/2018,31.18,29.50,38.53
23/03/2018,31.27,29.80,38.55
26/03/2018,31.18,29.71,38.55
27/03/2018,31.14,29.49,38.75
28/03/2018,31.21,29.56,38.73
29/03/2018,31.26,29.31,38.51
30/03/2018,31.23,29.39,38.44
02/04/2018,31.17,29.32,38.40
03/04/2018,31.20,29.46,38.40
04/04/2018,31.20,29.30,38.30
05/04/2018,31.22,29.21,38.33
09/04/2018,31.25,29.21,38.33
10/04/2018,31.25,29.23,38.47
11/04/2018,31.19,29.13,38.55
12/04/2018,31.15,29.14,38.52
17/04/2018,31.18,29.13,38.58
18/04/2018,31.23,29.11,38.62
19/04/2018,31.23,29.08,38.63
20/04/2018,31.26,29.06,38.57
23/04/2018,31.39,29.11,38.52
24/04/2018,31.52,28.97,38.45
25/04/2018,31.49,28.88,38.47
26/04/2018,31.58,28.88,38.43
27/04/2018,31.63,28.94,38.28
30/04/2018,31.50,28.86,38.19
02/05/2018,31.70,28.89,38.04
03/05/2018,31.73,28.92,37.98
04/05/2018,31.64,29.01,37.91
07/05/2018,31.77,29.14,38.00
08/05/2018,31.87,29.25,37.99
09/05/2018,32.07,29.29,37.98
10/05/2018,32.13,29.28,38.10
11/05/2018,31.95,29.21,38.05
14/05/2018,31.84,29.11,38.07
15/05/2018,31.89,29.04,38.04
16/05/2018,32.09,29.12,37.97
17/05/2018,32.03,29.04,37.83
18/05/2018,32.12,28.94,37.89
21/05/2018,32.21,28.99,37.83
22/05/2018,32.13,28.95,37.84
23/05/2018,32.08,29.03,37.72
24/05/2018,32.12,29.31,37.59
25/05/2018,32.02,29.24,37.48
28/05/2018,31.91,29.15,37.34
30/05/2018,32.12,29.55,37.10
31/05/2018,32.02,29.46,37.32
01/06/2018,32.06,29.39,37.46
04/06/2018,32.02,29.19,37.40
05/06/2018,31.98,29.11,37.38
06/06/2018,31.91,29.04,37.41
07/06/2018,31.90,28.99,37.62
08/06/2018,32.03,29.19,37.78
11/06/2018,32.04,29.24,37.78
12/06/2018,32.08,29.08,37.72
13/06/2018,32.12,29.06,37.72
14/06/2018,32.15,29.16,37.92
15/06/2018,32.38,29.26,37.45
18/06/2018,32.69,29.58,37.85
19/06/2018,32.69,29.75,38.00
20/06/2018,32.72,29.73,37.88
21/06/2018,32.89,29.76,38.03
22/06/2018,32.92,29.91,38.25
25/06/2018,32.96,30.08,38.41
26/06/2018,32.95,30.07,38.58
27/06/2018,33.01,30.04,38.48
28/06/2018,33.05,30.00,38.20
29/06/2018,33.17,29.99,38.49
02/07/2018,33.09,29.82,38.55
03/07/2018,33.23,29.94,38.63
04/07/2018,33.12,30.01,38.64
05/07/2018,33.21,30.06,38.72
06/07/2018,33.21,30.00,38.81
09/07/2018,33.12,29.98,38.92
10/07/2018,33.10,29.81,38.89
11/07/2018,33.26,29.99,39.01
12/07/2018,33.32,29.69,38.89
13/07/2018,33.24,29.51,38.75
16/07/2018,33.30,29.59,38.88
17/07/2018,33.26,29.58,38.92
18/07/2018,33.33,29.51,38.83
19/07/2018,33.36,29.58,38.83
20/07/2018,33.46,29.75,38.97
23/07/2018,33.34,30.03,39.10
24/07/2018,33.47,30.09,39.11
25/07/2018,33.38,29.99,38.99
26/07/2018,33.23,29.99,38.97
31/07/2018,33.31,30.00,38.99
01/08/2018,33.19,29.70,38.78
02/08/2018,33.18,29.71,38.66
03/08/2018,33.33,29.84,38.60
06/08/2018,33.24,29.86,38.43
07/08/2018,33.34,29.94,38.52
08/08/2018,33.22,29.83,38.55
09/08/2018,33.18,29.92,38.50
10/08/2018,33.25,29.97,38.25
14/08/2018,33.33,30.07,38.02
15/08/2018,33.34,29.94,37.77
16/08/2018,33.30,30.06,37.82
17/08/2018,33.20,29.95,37.77
20/08/2018,33.17,30.00,37.89
21/08/2018,32.81,29.84,37.78
22/08/2018,32.70,29.67,37.84
23/08/2018,32.79,29.60,37.91
24/08/2018,32.83,29.47,37.92
27/08/2018,32.61,29.33,37.90
28/08/2018,32.55,29.25,37.99
29/08/2018,32.67,29.37,38.17
30/08/2018,32.69,29.28,38.24
31/08/2018,32.75,29.50,38.21
03/09/2018,32.76,29.52,37.97
04/09/2018,32.74,29.46,37.96
05/09/2018,32.80,29.40,38.00
06/09/2018,32.79,29.46,38.14
07/09/2018,32.79,29.65,38.10
10/09/2018,32.85,29.61,37.94
11/09/2018,32.83,29.47,38.06
12/09/2018,32.81,29.43,38.03
13/09/2018,32.63,29.28,37.93
14/09/2018,32.59,29.11,38.07
17/09/2018,32.69,29.17,38.00
18/09/2018,32.62,29.15,38.09
19/09/2018,32.55,28.99,37.98
20/09/2018,32.37,28.84,37.79
21/09/2018,32.40,28.77,38.14
24/09/2018,32.47,28.85,38.12
25/09/2018,32.45,28.74,38.11
26/09/2018,32.45,28.73,38.15
27/09/2018,32.45,28.75,38.09
28/09/2018,32.41,28.55,37.72
01/10/2018,32.28,28.33,37.42
02/10/2018,32.33,28.38,37.38
03/10/2018,32.35,28.46,37.39
04/10/2018,32.60,28.50,37.39
05/10/2018,32.77,28.74,37.70
08/10/2018,32.89,28.88,37.85
09/10/2018,32.92,29.09,37.79
10/10/2018,32.89,29.09,37.82
11/10/2018,32.92,29.32,38.01
12/10/2018,32.70,29.11,37.91
16/10/2018,32.65,29.15,37.79
17/10/2018,32.55,28.97,37.65
18/10/2018,32.60,28.95,37.46
19/10/2018,32.62,29.02,37.37
22/10/2018,32.62,28.96,37.52
24/10/2018,32.80,29.16,37.59
25/10/2018,32.92,29.39,37.54
26/10/2018,33.01,29.38,37.51
29/10/2018,33.12,29.58,37.71
30/10/2018,33.27,29.54,37.84
31/10/2018,33.27,29.38,37.73
01/11/2018,33.03,29.27,37.45
02/11/2018,32.91,29.16,37.53
05/11/2018,32.89,29.06,37.45
06/11/2018,32.96,29.09,37.58
07/11/2018,32.92,29.02,37.64
08/11/2018,32.85,28.90,37.53
09/11/2018,33.01,28.97,37.49
12/11/2018,33.09,29.02,37.44
13/11/2018,33.03,29.03,37.11
14/11/2018,32.91,28.88,37.17
15/11/2018,32.89,28.96,37.24
16/11/2018,32.98,29.07,37.38
19/11/2018,32.92,29.21,37.54
20/11/2018,32.96,29.27,37.70
21/11/2018,33.00,29.27,37.54
22/11/2018,32.93,29.14,37.51
23/11/2018,32.99,29.21,37.62
26/11/2018,33.06,29.22,37.45
27/11/2018,33.03,29.11,37.41
28/11/2018,33.04,29.04,37.30
29/11/2018,32.90,28.98,37.37
30/11/2018,32.92,29.02,37.48
03/12/2018,32.83,28.90,37.23
04/12/2018,32.74,28.87,37.18
06/12/2018,32.80,29.08,37.21
07/12/2018,32.81,29.10,37.31
11/12/2018,32.83,29.03,37.29
12/12/2018,32.76,28.87,37.10
13/12/2018,32.72,28.84,37.17
14/12/2018,32.75,28.86,37.19
17/12/2018,32.80,28.90,37.06
18/12/2018,32.74,29.03,37.13
19/12/2018,32.70,29.07,37.20
20/12/2018,32.76,29.14,37.27
21/12/2018,32.64,29.33,37.36
24/12/2018,32.63,29.38,37.12
25/12/2018,32.58,29.55,37.15
26/12/2018,32.58,29.49,37.15
27/12/2018,32.58,29.34,37.03
28/12/2018,32.45,29.31,37.13
02/01/2019,32.37,29.56,37.08
03/01/2019,32.22,30.03,36.58
04/01/2019,32.07,29.75,36.55
07/01/2019,31.95,29.45,36.46
08/01/2019,32.01,29.44,36.63
09/01/2019,32.02,29.43,36.68
10/01/2019,31.93,29.57,36.86
11/01/2019,31.92,29.47,36.75
14/01/2019,31.93,29.48,36.60
15/01/2019,31.88,29.39,36.59
16/01/2019,31.83,29.35,36.29
17/01/2019,31.63,29.03,36.01
18/01/2019,31.68,28.98,36.09
21/01/2019,31.74,28.97,36.09
22/01/2019,31.80,29.03,36.12
23/01/2019,31.74,28.97,36.06
24/01/2019,31.69,28.93,36.07
25/01/2019,31.69,28.87,35.84
28/01/2019,31.49,28.79,35.91
29/01/2019,31.56,28.88,36.04
30/01/2019,31.46,28.77,35.97
31/01/2019,31.25,28.69,35.91
01/02/2019,31.32,28.78,35.82
04/02/2019,31.31,28.57,35.85
05/02/2019,31.31,28.47,35.79
06/02/2019,31.25,28.46,35.61
07/02/2019,31.27,28.47,35.50
08/02/2019,31.33,28.54,35.51
11/02/2019,31.41,28.60,35.56
12/02/2019,31.39,28.41,35.39
13/02/2019,31.26,28.27,35.41
14/02/2019,31.38,28.28,35.36
15/02/2019,31.31,28.37,35.32
18/02/2019,31.22,28.25,35.30
20/02/2019,31.11,28.08,35.28
21/02/2019,31.13,28.12,35.29
22/02/2019,31.26,28.23,35.43
25/02/2019,31.30,28.27,35.50
26/02/2019,31.28,28.20,35.51
27/02/2019,31.38,28.39,35.71
28/02/2019,31.48,28.40,35.78
01/03/2019,31.62,28.32,35.94
04/03/2019,31.79,28.38,36.12
05/03/2019,31.88,28.49,36.11
06/03/2019,31.81,28.46,35.94
07/03/2019,31.87,28.54,36.03
08/03/2019,31.83,28.56,35.63
11/03/2019,31.71,28.55,35.58
12/03/2019,31.67,28.42,35.63
13/03/2019,31.65,28.45,35.71
14/03/2019,31.65,28.40,35.82
15/03/2019,31.75,28.40,35.91
18/03/2019,31.67,28.38,35.84
19/03/2019,31.66,28.44,35.89
20/03/2019,31.71,28.41,35.97
21/03/2019,31.64,28.60,36.14
22/03/2019,31.72,28.66,36.07
25/03/2019,31.60,28.77,35.68
26/03/2019,31.56,28.66,35.70
27/03/2019,31.71,28.68,35.68
28/03/2019,31.88,28.92,35.85
29/03/2019,31.81,28.72,35.72
01/04/2019,31.69,28.53,35.57
02/04/2019,31.74,28.49,35.54
03/04/2019,31.75,28.49,35.61
04/04/2019,31.75,28.49,35.69
05/04/2019,31.84,28.51,35.73
09/04/2019,31.86,28.61,35.86
10/04/2019,31.82,28.61,35.81
11/04/2019,31.77,28.60,35.81
12/04/2019,31.83,28.48,35.90
17/04/2019,31.80,28.40,35.92
18/04/2019,31.80,28.40,35.90
19/04/2019,31.81,28.41,35.74
22/04/2019,31.86,28.46,35.80
23/04/2019,31.90,28.52,35.86
24/04/2019,32.00,28.59,35.88
25/04/2019,32.06,28.61,35.73
26/04/2019,32.01,28.66,35.63
29/04/2019,31.90,28.58,35.56
30/04/2019,31.93,28.63,35.70
02/05/2019,31.96,28.65,35.79
03/05/2019,32.03,28.74,35.78
07/05/2019,31.91,28.82,35.73
08/05/2019,31.84,28.92,35.65
09/05/2019,31.80,28.92,35.58
10/05/2019,31.66,28.82,35.54
13/05/2019,31.63,28.81,35.52
14/05/2019,31.56,28.81,35.44
15/05/2019,31.54,28.76,35.34
16/05/2019,31.55,28.81,35.33
17/05/2019,31.70,28.86,35.42
21/05/2019,31.85,28.91,35.54
22/05/2019,31.98,28.95,35.67
23/05/2019,31.96,28.99,35.62
24/05/2019,31.89,29.09,35.65
27/05/2019,31.78,29.03,35.61
28/05/2019,31.81,29.04,35.56
29/05/2019,31.84,29.13,35.55
30/05/2019,31.80,29.02,35.40
31/05/2019,31.76,29.09,35.36
04/06/2019,31.35,29.05,35.25
05/06/2019,31.39,29.05,35.34
06/06/2019,31.40,28.98,35.22
07/06/2019,31.34,28.88,35.29
10/06/2019,31.34,28.87,35.43
11/06/2019,31.33,28.84,35.43
12/06/2019,31.25,28.81,35.40
13/06/2019,31.24,28.82,35.27
14/06/2019,31.21,28.81,35.18
17/06/2019,31.25,28.76,35.03
18/06/2019,31.35,28.91,35.18
19/06/2019,31.25,28.79,34.98
20/06/2019,31.05,28.85,34.97
21/06/2019,30.84,28.75,34.83
24/06/2019,30.79,28.68,35.02
25/06/2019,30.68,28.64,34.97
26/06/2019,30.82,28.69,35.00
27/06/2019,30.75,28.50,34.94
28/06/2019,30.74,28.55,34.95
01/07/2019,30.61,28.28,34.72
02/07/2019,30.72,28.33,34.64
03/07/2019,30.58,28.42,34.51
04/07/2019,30.61,28.39,34.52
05/07/2019,30.69,28.45,34.60
08/07/2019,30.78,28.38,34.53
09/07/2019,30.82,28.32,34.55
10/07/2019,30.84,28.32,34.55
11/07/2019,30.62,28.34,34.48
12/07/2019,30.78,28.39,34.66
15/07/2019,30.91,28.62,34.81
17/07/2019,30.90,28.56,34.64
18/07/2019,30.87,28.65,34.66
19/07/2019,30.77,28.60,34.64
22/07/2019,30.85,28.57,34.58
23/07/2019,30.88,28.58,34.57
24/07/2019,30.92,28.56,34.45
25/07/2019,30.91,28.57,34.41
26/07/2019,30.98,28.51,34.51
30/07/2019,30.84,28.34,34.33
31/07/2019,30.80,28.37,34.33
01/08/2019,30.86,28.25,34.06
02/08/2019,30.87,28.81,34.22
05/08/2019,30.83,29.06,34.27
06/08/2019,30.80,28.98,34.55
07/08/2019,30.77,28.98,34.47
08/08/2019,30.77,28.97,34.46
09/08/2019,30.73,29.01,34.39
13/08/2019,30.80,29.21,34.48
14/08/2019,30.81,28.97,34.42
15/08/2019,30.85,29.11,34.36
16/08/2019,30.88,29.08,34.26
19/08/2019,30.86,29.02,34.21
20/08/2019,30.83,28.93,34.16
21/08/2019,30.79,28.93,34.16
22/08/2019,30.79,28.89,34.11
23/08/2019,30.78,28.88,34.07
26/08/2019,30.64,29.09,34.11
27/08/2019,30.58,28.91,33.94
28/08/2019,30.65,28.97,33.97
29/08/2019,30.63,28.91,33.93
30/08/2019,30.64,28.81,33.85
02/09/2019,30.63,28.84,33.64
03/09/2019,30.65,28.83,33.53
04/09/2019,30.60,28.86,33.58
05/09/2019,30.56,28.68,33.69
06/09/2019,30.66,28.64,33.82
09/09/2019,30.66,28.67,33.78
10/09/2019,30.65,28.53,33.84
11/09/2019,30.62,28.45,33.82
12/09/2019,30.51,28.24,33.58
13/09/2019,30.44,28.13,33.67
16/09/2019,30.51,28.31,33.77
17/09/2019,30.56,28.25,33.63
18/09/2019,30.53,28.22,33.77
19/09/2019,30.57,28.26,33.70
20/09/2019,30.50,28.27,33.71
23/09/2019,30.48,28.28,33.57
24/09/2019,30.51,28.35,33.51
25/09/2019,30.57,28.51,33.63
26/09/2019,30.61,28.42,33.51
27/09/2019,30.64,28.43,33.44
30/09/2019,30.59,28.34,33.43
01/10/2019,30.60,28.28,33.31
02/10/2019,30.64,28.43,33.49
03/10/2019,30.61,28.57,33.52
04/10/2019,30.49,28.55,33.47
07/10/2019,30.44,28.50,33.43
08/10/2019,30.47,28.38,33.41
09/10/2019,30.35,28.34,33.27
10/10/2019,30.31,28.20,33.28
11/10/2019,30.42,28.17,33.49
15/10/2019,30.39,28.05,33.50
16/10/2019,30.41,27.99,33.53
17/10/2019,30.36,27.91,33.62
18/10/2019,30.29,27.88,33.68
21/10/2019,30.28,27.91,33.76
22/10/2019,30.28,27.87,33.75
24/10/2019,30.28,27.88,33.70
25/10/2019,30.23,27.83,33.57
28/10/2019,30.21,27.78,33.46
29/10/2019,30.23,27.74,33.52
30/10/2019,30.22,27.76,33.56
31/10/2019,30.18,27.77,33.68
01/11/2019,30.17,27.93,33.65
04/11/2019,30.17,27.87,33.66
05/11/2019,30.21,27.78,33.60
06/11/2019,30.25,27.74,33.49
07/11/2019,30.31,27.86,33.52
08/11/2019,30.41,27.84,33.59
11/11/2019,30.35,27.83,33.44
12/11/2019,30.34,27.81,33.45
13/11/2019,30.31,27.81,33.36
14/11/2019,30.23,27.79,33.24
15/11/2019,30.20,27.81,33.28
18/11/2019,30.25,27.80,33.43
19/11/2019,30.20,27.81,33.40
20/11/2019,30.18,27.82,33.41
21/11/2019,30.19,27.85,33.42
22/11/2019,30.21,27.80,33.41
25/11/2019,30.21,27.76,33.29
