Date,Price
1/2/2002,3.425
1/4/2002,3.500
1/7/2002,3.475
1/8/2002,3.500
1/9/2002,3.475
1/10/2002,3.500
1/11/2002,3.500
1/14/2002,3.475
1/15/2002,3.450
1/16/2002,3.500
1/17/2002,3.475
1/18/2002,3.450
1/21/2002,3.450
1/22/2002,3.450
1/23/2002,3.450
1/24/2002,3.450
1/25/2002,3.425
1/28/2002,3.425
1/29/2002,3.425
1/30/2002,3.425
2/1/2002,3.500
2/4/2002,3.475
2/5/2002,3.450
2/6/2002,3.475
2/7/2002,3.450
2/8/2002,3.450
2/11/2002,3.450
2/12/2002,3.450
2/13/2002,3.450
2/14/2002,3.475
2/15/2002,3.475
2/18/2002,3.500
2/19/2002,3.475
2/20/2002,3.500
2/21/2002,3.425
2/22/2002,3.425
2/25/2002,3.425
2/27/2002,3.450
2/28/2002,3.475
3/1/2002,3.625
3/4/2002,3.600
3/5/2002,3.650
3/6/2002,3.625
3/7/2002,3.650
3/8/2002,3.625
3/11/2002,3.600
3/12/2002,3.575
3/13/2002,3.550
3/14/2002,3.550
3/15/2002,3.500
3/18/2002,3.525
3/19/2002,3.550
3/20/2002,3.575
3/21/2002,3.600
3/22/2002,3.575
3/25/2002,3.575
3/26/2002,3.600
3/27/2002,3.550
3/28/2002,3.575
3/29/2002,3.575
4/1/2002,3.600
4/2/2002,3.625
4/3/2002,3.550
4/4/2002,3.325
4/5/2002,3.300
4/9/2002,3.325
4/10/2002,3.275
4/11/2002,3.225
4/12/2002,3.275
4/17/2002,3.250
4/18/2002,3.225
4/19/2002,3.200
4/22/2002,3.200
4/23/2002,3.200
4/24/2002,3.150
4/25/2002,3.050
4/26/2002,3.125
4/29/2002,3.025
4/30/2002,2.900
5/2/2002,3.000
5/3/2002,3.000
5/7/2002,3.175
5/8/2002,3.175
5/9/2002,3.175
5/10/2002,3.175
5/13/2002,3.175
5/14/2002,3.175
5/15/2002,3.150
5/16/2002,3.150
5/17/2002,3.200
5/20/2002,3.200
5/21/2002,3.300
5/22/2002,3.275
5/23/2002,3.325
5/24/2002,3.325
5/28/2002,3.375
5/29/2002,3.350
5/30/2002,3.375
5/31/2002,3.350
6/3/2002,3.375
6/4/2002,3.350
6/5/2002,3.450
6/6/2002,3.550
6/7/2002,3.650
6/10/2002,3.700
6/11/2002,3.600
6/12/2002,3.725
6/13/2002,3.775
6/14/2002,3.750
6/17/2002,3.675
6/18/2002,3.675
6/19/2002,3.550
6/20/2002,3.550
6/21/2002,3.500
6/24/2002,3.550
6/25/2002,3.575
6/26/2002,3.500
6/27/2002,3.500
6/28/2002,3.600
7/2/2002,3.550
7/3/2002,3.525
7/4/2002,3.525
7/5/2002,3.550
7/8/2002,3.575
7/9/2002,3.575
7/10/2002,3.575
7/11/2002,3.525
7/12/2002,3.575
7/15/2002,3.575
7/16/2002,3.525
7/17/2002,3.550
7/18/2002,3.550
7/19/2002,3.575
7/22/2002,3.500
7/23/2002,3.500
7/24/2002,3.425
7/26/2002,3.425
7/29/2002,3.450
7/30/2002,3.425
7/31/2002,3.425
8/1/2002,3.475
8/2/2002,3.450
8/5/2002,3.450
8/6/2002,3.500
8/7/2002,3.500
8/8/2002,3.500
8/9/2002,3.575
8/13/2002,3.575
8/14/2002,3.650
8/15/2002,3.775
8/16/2002,3.750
8/19/2002,3.675
8/20/2002,3.675
8/21/2002,3.725
8/22/2002,3.700
8/26/2002,3.775
8/27/2002,3.775
8/28/2002,3.750
8/29/2002,3.725
8/30/2002,3.775
9/2/2002,3.775
9/3/2002,3.750
9/4/2002,3.775
9/5/2002,3.825
9/6/2002,3.825
9/9/2002,3.900
9/10/2002,3.950
9/11/2002,3.975
9/12/2002,3.925
9/13/2002,3.850
9/16/2002,3.825
9/17/2002,3.750
9/18/2002,3.750
9/19/2002,3.800
9/20/2002,3.875
9/23/2002,3.850
9/24/2002,3.950
9/25/2002,4.000
9/26/2002,3.975
9/27/2002,4.075
9/30/2002,4.100
10/1/2002,4.050
10/2/2002,3.975
10/3/2002,3.975
10/4/2002,3.975
10/7/2002,4.000
10/8/2002,4.000
10/9/2002,4.025
10/10/2002,4.050
10/11/2002,4.050
10/14/2002,3.975
10/15/2002,3.900
10/16/2002,3.900
10/17/2002,3.850
10/18/2002,3.825
10/21/2002,3.750
10/22/2002,3.800
10/24/2002,3.800
10/25/2002,3.800
10/28/2002,3.875
10/29/2002,3.850
10/30/2002,3.875
10/31/2002,3.850
11/1/2002,3.875
11/4/2002,3.850
11/5/2002,3.875
11/6/2002,3.900
11/7/2002,3.900
11/8/2002,3.975
11/11/2002,3.950
11/12/2002,3.850
11/13/2002,3.975
11/14/2002,3.900
11/15/2002,3.875
11/18/2002,3.900
11/19/2002,3.900
11/20/2002,3.875
11/21/2002,3.925
11/22/2002,3.925
11/25/2002,3.850
11/26/2002,3.850
11/27/2002,3.850
11/28/2002,3.850
11/29/2002,3.875
12/3/2002,3.850
12/4/2002,3.925
12/6/2002,4.025
12/9/2002,3.975
12/11/2002,3.975
12/12/2002,4.000
12/13/2002,4.025
12/16/2002,4.025
12/17/2002,4.100
12/18/2002,4.100
12/19/2002,4.100
12/20/2002,4.125
12/23/2002,4.125
12/24/2002,4.200
12/25/2002,4.175
12/26/2002,4.250
12/27/2002,4.225
1/2/2003,4.250
1/3/2003,4.225
1/6/2003,4.250
1/7/2003,4.275
1/8/2003,4.125
1/9/2003,4.100
1/10/2003,4.050
1/13/2003,4.100
1/14/2003,4.175
1/15/2003,4.125
1/16/2003,4.175
1/17/2003,4.175
1/20/2003,4.225
1/21/2003,4.225
1/22/2003,4.225
1/23/2003,4.200
1/24/2003,4.225
1/27/2003,4.250
1/28/2003,4.250
1/29/2003,4.275
1/30/2003,4.250
1/31/2003,4.300
2/3/2003,4.300
2/4/2003,4.250
2/5/2003,4.250
2/6/2003,4.300
2/7/2003,4.425
2/10/2003,4.425
2/11/2003,4.400
2/12/2003,4.425
2/13/2003,4.325
2/14/2003,4.350
2/17/2003,43.500
2/18/2003,4.475
2/19/2003,4.450
2/20/2003,4.400
2/21/2003,4.325
2/24/2003,4.325
2/25/2003,4.300
2/26/2003,4.350
2/27/2003,4.375
2/28/2003,4.375
3/3/2003,4.400
3/4/2003,4.375
3/5/2003,4.325
3/6/2003,4.325
3/7/2003,4.275
3/10/2003,4.250
3/11/2003,4.250
3/12/2003,4.300
3/13/2003,4.400
3/14/2003,4.400
3/17/2003,4.375
3/18/2003,4.300
3/19/2003,4.250
3/20/2003,4.100
3/21/2003,4.200
3/24/2003,4.250
3/25/2003,4.375
3/26/2003,4.400
3/27/2003,4.400
3/28/2003,4.400
3/31/2003,4.550
4/1/2003,4.475
4/2/2003,4.250
4/3/2003,4.300
4/4/2003,4.300
4/7/2003,43.000
4/8/2003,4.300
4/9/2003,4.300
4/10/2003,4.300
4/11/2003,4.325
4/14/2003,43.250
4/15/2003,43.250
4/16/2003,4.450
4/17/2003,4.500
4/18/2003,4.450
4/21/2003,4.475
4/22/2003,4.525
4/23/2003,4.500
4/24/2003,4.500
4/25/2003,4.550
4/28/2003,4.625
4/29/2003,4.650
4/30/2003,4.700
5/1/2003,47.000
5/2/2003,4.775
5/5/2003,47.750
5/6/2003,4.900
5/7/2003,4.800
5/8/2003,4.650
5/9/2003,4.725
5/12/2003,4.725
5/13/2003,4.800
5/14/2003,4.800
5/15/2003,48.000
5/16/2003,4.800
5/19/2003,4.900
5/20/2003,4.900
5/21/2003,4.950
5/22/2003,4.975
5/23/2003,5.200
5/26/2003,5.200
5/27/2003,5.500
5/28/2003,5.350
5/29/2003,5.450
5/30/2003,5.300
6/2/2003,5.400
6/3/2003,5.650
6/4/2003,5.850
6/5/2003,5.750
6/6/2003,5.750
6/9/2003,5.800
6/10/2003,5.950
6/11/2003,5.850
6/12/2003,6.000
6/13/2003,6.050
6/16/2003,6.200
6/17/2003,6.550
6/18/2003,6.600
6/19/2003,6.700
6/20/2003,6.650
6/23/2003,6.800
6/24/2003,6.650
6/25/2003,6.600
6/26/2003,6.750
6/27/2003,6.600
6/30/2003,6.650
7/1/2003,66.500
7/2/2003,7.000
7/3/2003,7.300
7/4/2003,7.400
7/7/2003,7.450
7/8/2003,7.800
7/9/2003,7.450
7/10/2003,6.950
7/11/2003,7.300
7/14/2003,73.000
7/15/2003,7.700
7/16/2003,7.750
7/17/2003,7.600
7/18/2003,7.400
7/21/2003,7.200
7/22/2003,72.000
7/23/2003,6.900
7/24/2003,6.900
7/25/2003,7.050
7/28/2003,6.750
7/29/2003,6.800
7/30/2003,6.700
7/31/2003,6.950
8/1/2003,7.300
8/4/2003,7.300
8/5/2003,7.050
8/6/2003,6.950
8/7/2003,7.100
8/8/2003,7.100
8/11/2003,7.400
8/12/2003,74.000
8/13/2003,7.450
8/14/2003,7.350
8/15/2003,7.400
8/18/2003,7.250
8/19/2003,7.350
8/20/2003,7.400
8/21/2003,7.400
8/22/2003,7.400
8/25/2003,7.300
8/26/2003,7.300
8/27/2003,7.250
8/28/2003,7.350
8/29/2003,7.300
9/1/2003,7.350
9/2/2003,7.350
9/3/2003,7.200
9/4/2003,7.250
9/5/2003,7.650
9/8/2003,7.700
9/9/2003,7.850
9/10/2003,7.850
9/11/2003,7.750
9/12/2003,7.950
9/15/2003,7.800
9/16/2003,7.800
9/17/2003,7.650
9/18/2003,7.750
9/19/2003,7.850
9/22/2003,7.900
9/23/2003,7.800
9/24/2003,7.900
9/25/2003,7.900
9/26/2003,8.050
9/29/2003,8.050
9/30/2003,8.300
10/1/2003,8.900
10/2/2003,8.300
10/3/2003,8.300
10/6/2003,7.850
10/7/2003,8.050
10/8/2003,8.300
10/9/2003,8.350
10/10/2003,8.400
10/13/2003,8.450
10/14/2003,8.250
10/15/2003,8.500
10/16/2003,9.000
10/17/2003,9.450
10/20/2003,9.650
10/21/2003,9.600
10/22/2003,9.800
10/23/2003,98.000
10/24/2003,9.600
10/27/2003,9.750
10/28/2003,9.500
10/29/2003,9.600
10/30/2003,9.550
10/31/2003,9.500
11/3/2003,10.100
11/4/2003,11.200
11/5/2003,11.000
11/6/2003,10.700
11/7/2003,10.800
11/10/2003,11.200
11/11/2003,10.700
11/12/2003,10.800
11/13/2003,10.700
11/14/2003,10.800
11/17/2003,10.700
11/18/2003,10.500
11/19/2003,10.000
11/20/2003,9.650
11/21/2003,10.000
11/24/2003,9.650
11/25/2003,9.750
11/26/2003,10.200
11/27/2003,10.200
11/28/2003,10.700
12/1/2003,10.600
12/2/2003,10.700
12/3/2003,10.900
12/4/2003,10.800
12/5/2003,108.000
12/8/2003,11.300
12/9/2003,11.800
12/10/2003,118.000
12/11/2003,12.400
12/12/2003,12.400
12/15/2003,12.400
12/16/2003,12.900
12/17/2003,12.600
12/18/2003,13.000
12/19/2003,13.400
12/22/2003,13.700
12/23/2003,14.000
12/24/2003,14.800
12/25/2003,15.400
12/26/2003,17.000
12/29/2003,16.400
12/30/2003,18.300
12/31/2003,18.500
1/1/2004,185.000
1/2/2004,185.000
1/5/2004,18.500
1/6/2004,17.500
1/7/2004,16.600
1/8/2004,16.900
1/9/2004,17.000
1/12/2004,17.400
1/13/2004,17.000
1/14/2004,16.700
1/15/2004,16.100
1/16/2004,16.800
1/19/2004,16.600
1/20/2004,16.500
1/21/2004,16.300
1/22/2004,16.400
1/23/2004,16.500
1/26/2004,16.100
1/27/2004,16.500
1/28/2004,16.000
1/29/2004,15.900
1/30/2004,16.000
2/2/2004,15.300
2/3/2004,15.600
2/4/2004,15.900
2/5/2004,16.100
2/6/2004,15.600
2/9/2004,16.100
2/10/2004,16.500
2/11/2004,17.300
2/12/2004,17.000
2/13/2004,17.200
2/16/2004,16.700
2/17/2004,17.300
2/18/2004,16.900
2/19/2004,16.600
2/20/2004,16.600
2/23/2004,16.400
2/24/2004,16.300
2/25/2004,16.100
2/26/2004,15.700
2/27/2004,16.100
3/1/2004,15.900
3/2/2004,16.000
3/3/2004,16.000
3/4/2004,16.200
3/5/2004,162.000
3/8/2004,16.600
3/9/2004,16.800
3/10/2004,16.600
3/11/2004,16.400
3/12/2004,16.200
3/15/2004,15.800
3/16/2004,15.400
3/17/2004,15.100
3/18/2004,15.100
3/19/2004,15.100
3/22/2004,15.200
3/23/2004,15.100
3/24/2004,15.000
3/25/2004,14.800
3/26/2004,14.600
3/29/2004,13.800
3/30/2004,13.900
3/31/2004,14.000
4/1/2004,14.900
4/2/2004,15.400
4/5/2004,16.000
4/6/2004,160.000
4/7/2004,15.400
4/8/2004,15.400
4/9/2004,15.200
4/12/2004,15.600
4/13/2004,156.000
4/14/2004,156.000
4/15/2004,156.000
4/16/2004,15.800
4/19/2004,15.600
4/20/2004,15.900
4/21/2004,15.700
4/22/2004,15.200
4/23/2004,15.200
4/26/2004,14.700
4/27/2004,15.100
4/28/2004,15.000
4/29/2004,14.600
4/30/2004,14.600
5/3/2004,146.000
5/4/2004,14.400
5/5/2004,144.000
5/6/2004,14.200
5/7/2004,14.700
5/10/2004,14.200
5/11/2004,14.400
5/12/2004,14.500
5/13/2004,14.500
5/14/2004,14.400
5/17/2004,14.100
5/18/2004,14.100
5/19/2004,14.800
5/20/2004,14.400
5/21/2004,14.700
5/24/2004,14.500
5/25/2004,14.500
5/26/2004,14.600
5/27/2004,15.500
5/28/2004,15.400
5/31/2004,15.800
6/1/2004,15.600
6/2/2004,156.000
6/3/2004,15.500
6/4/2004,15.400
6/7/2004,15.200
6/8/2004,14.900
6/9/2004,15.000
6/10/2004,15.100
6/11/2004,15.100
6/14/2004,15.100
6/15/2004,15.000
6/16/2004,15.200
6/17/2004,15.400
6/18/2004,15.500
6/21/2004,15.600
6/22/2004,15.600
6/23/2004,15.400
6/24/2004,15.600
6/25/2004,15.600
6/28/2004,15.700
6/29/2004,15.600
6/30/2004,15.400
7/1/2004,154.000
7/2/2004,15.400
7/5/2004,15.600
7/6/2004,15.900
7/7/2004,15.800
7/8/2004,15.600
7/9/2004,15.800
7/12/2004,15.700
7/13/2004,15.900
7/14/2004,15.600
7/15/2004,15.400
7/16/2004,15.200
7/19/2004,14.900
7/20/2004,14.900
7/21/2004,15.400
7/22/2004,15.200
7/23/2004,15.200
7/26/2004,15.100
7/27/2004,15.000
7/28/2004,15.200
7/29/2004,15.200
7/30/2004,15.300
8/2/2004,153.000
8/3/2004,15.100
8/4/2004,15.000
8/5/2004,14.900
8/6/2004,14.800
8/9/2004,14.700
8/10/2004,14.800
8/11/2004,14.700
8/12/2004,147.000
8/13/2004,14.700
8/16/2004,15.100
8/17/2004,15.200
8/18/2004,15.000
8/19/2004,14.900
8/20/2004,14.900
8/23/2004,15.000
8/24/2004,14.800
8/25/2004,15.000
8/26/2004,15.100
8/27/2004,15.100
8/30/2004,14.900
8/31/2004,15.000
9/1/2004,15.400
9/2/2004,15.500
9/3/2004,15.500
9/6/2004,15.600
9/7/2004,15.600
9/8/2004,15.500
9/9/2004,15.700
9/10/2004,15.600
9/13/2004,15.700
9/14/2004,15.800
9/15/2004,16.100
9/16/2004,16.400
9/17/2004,16.900
9/20/2004,16.900
9/21/2004,16.900
9/22/2004,17.000
9/23/2004,16.600
9/24/2004,17.100
9/27/2004,17.100
9/28/2004,16.900
9/29/2004,16.700
9/30/2004,16.900
10/1/2004,17.300
10/4/2004,18.000
10/5/2004,18.200
10/6/2004,18.100
10/7/2004,18.000
10/8/2004,18.500
10/11/2004,19.000
10/12/2004,18.300
10/13/2004,18.400
10/14/2004,17.400
10/15/2004,17.400
10/18/2004,17.600
10/19/2004,18.100
10/20/2004,17.800
10/21/2004,17.700
10/22/2004,18.100
10/25/2004,181.000
10/26/2004,17.700
10/27/2004,17.000
10/28/2004,16.700
10/29/2004,17.000
11/1/2004,16.800
11/2/2004,16.900
11/3/2004,17.200
11/4/2004,17.100
11/5/2004,16.900
11/8/2004,16.600
11/9/2004,16.500
11/10/2004,16.300
11/11/2004,16.500
11/12/2004,16.900
11/15/2004,17.000
11/16/2004,16.700
11/17/2004,16.800
11/18/2004,16.700
11/19/2004,16.900
11/22/2004,16.700
11/23/2004,16.900
11/24/2004,16.800
11/25/2004,17.000
11/26/2004,16.900
11/29/2004,17.100
11/30/2004,16.900
12/1/2004,17.000
12/2/2004,17.100
12/3/2004,17.000
12/6/2004,170.000
12/7/2004,16.700
12/8/2004,16.600
12/9/2004,16.500
12/10/2004,165.000
12/13/2004,16.500
12/14/2004,16.600
12/15/2004,16.900
12/16/2004,17.100
12/17/2004,17.500
12/20/2004,17.700
12/21/2004,17.500
12/22/2004,17.500
12/23/2004,17.200
12/24/2004,17.300
12/27/2004,17.200
12/28/2004,17.000
12/29/2004,17.300
12/30/2004,17.300
12/31/2004,173.000
1/4/2005,17.600
1/5/2005,17.500
1/6/2005,17.800
1/7/2005,17.800
1/10/2005,17.900
1/11/2005,17.600
1/12/2005,17.600
1/13/2005,17.800
1/14/2005,18.100
1/17/2005,18.500
1/18/2005,18.500
1/19/2005,18.400
1/20/2005,18.700
1/21/2005,18.400
1/24/2005,18.400
1/25/2005,18.500
1/26/2005,18.600
1/27/2005,18.700
1/28/2005,18.600
1/31/2005,18.400
2/1/2005,18.600
2/2/2005,18.800
2/3/2005,19.000
2/4/2005,19.000
2/7/2005,19.000
2/8/2005,19.100
2/9/2005,19.200
2/10/2005,19.400
2/11/2005,19.000
2/14/2005,19.100
2/15/2005,19.300
2/16/2005,19.600
2/17/2005,19.900
2/18/2005,19.900
2/21/2005,19.600
2/22/2005,19.700
2/24/2005,20.000
2/25/2005,20.400
2/28/2005,21.600
3/1/2005,21.000
3/2/2005,20.200
3/3/2005,20.400
3/4/2005,20.800
3/7/2005,21.400
3/8/2005,20.800
3/9/2005,21.200
3/10/2005,21.000
3/11/2005,20.600
3/14/2005,20.400
3/15/2005,20.200
3/16/2005,20.600
3/17/2005,20.400
3/18/2005,20.600
3/21/2005,20.200
3/22/2005,20.000
3/23/2005,19.700
3/24/2005,19.100
3/25/2005,19.100
3/28/2005,19.000
3/29/2005,18.900
3/30/2005,18.700
3/31/2005,19.300
4/1/2005,20.200
4/4/2005,19.800
4/5/2005,19.800
4/7/2005,19.800
4/8/2005,20.600
4/11/2005,21.200
4/12/2005,21.200
4/18/2005,20.000
4/19/2005,20.000
4/20/2005,20.200
4/21/2005,20.200
4/22/2005,20.200
4/25/2005,20.000
4/26/2005,19.900
4/27/2005,20.000
4/28/2005,20.000
4/29/2005,20.000
5/3/2005,20.400
5/4/2005,20.400
5/6/2005,20.800
5/9/2005,21.000
5/10/2005,20.600
5/11/2005,20.800
5/12/2005,20.600
5/13/2005,20.400
5/16/2005,20.000
5/17/2005,19.500
5/18/2005,19.800
5/19/2005,19.600
5/20/2005,19.600
5/24/2005,19.700
5/25/2005,19.900
5/26/2005,19.700
5/27/2005,19.800
5/30/2005,19.900
5/31/2005,19.700
6/1/2005,19.800
6/2/2005,20.200
6/3/2005,20.600
6/6/2005,20.800
6/7/2005,21.000
6/8/2005,21.000
6/9/2005,20.600
6/10/2005,21.000
6/13/2005,20.800
6/14/2005,21.200
6/15/2005,21.400
6/16/2005,21.400
6/17/2005,21.200
6/20/2005,21.400
6/21/2005,22.200
6/22/2005,22.000
6/23/2005,22.800
6/24/2005,22.600
6/27/2005,22.200
6/28/2005,22.400
6/29/2005,22.400
6/30/2005,21.800
7/4/2005,22.000
7/5/2005,21.600
7/6/2005,21.800
7/7/2005,21.000
7/8/2005,21.200
7/11/2005,21.000
7/12/2005,21.800
7/13/2005,22.000
7/14/2005,22.200
7/15/2005,21.600
7/18/2005,21.800
7/19/2005,21.600
7/20/2005,21.800
7/21/2005,21.600
7/25/2005,22.200
7/26/2005,22.000
7/27/2005,22.200
7/28/2005,22.800
7/29/2005,23.200
8/1/2005,23.400
8/2/2005,23.800
8/3/2005,23.800
8/4/2005,23.800
8/5/2005,23.800
8/8/2005,23.800
8/9/2005,23.800
8/10/2005,23.800
8/11/2005,23.600
8/15/2005,23.800
8/16/2005,23.000
8/17/2005,23.400
8/18/2005,23.200
8/19/2005,23.600
8/22/2005,24.200
8/23/2005,24.400
8/24/2005,24.800
8/25/2005,24.600
8/26/2005,24.600
8/29/2005,24.400
8/30/2005,24.400
8/31/2005,24.600
9/1/2005,25.000
9/2/2005,24.600
9/5/2005,24.000
9/6/2005,24.000
9/7/2005,23.800
9/8/2005,24.000
9/9/2005,23.800
9/12/2005,24.000
9/13/2005,23.800
9/14/2005,24.000
9/15/2005,23.800
9/16/2005,23.600
9/19/2005,23.800
9/20/2005,24.800
9/21/2005,24.600
9/22/2005,24.800
9/23/2005,24.600
9/26/2005,24.200
9/27/2005,24.400
9/28/2005,24.600
9/29/2005,24.600
9/30/2005,24.400
10/3/2005,24.200
10/4/2005,24.000
10/5/2005,23.920
10/6/2005,23.600
10/7/2005,23.200
10/10/2005,23.000
10/11/2005,23.400
10/12/2005,23.600
10/13/2005,23.600
10/14/2005,23.200
10/17/2005,23.000
10/18/2005,23.000
10/19/2005,22.200
10/20/2005,21.800
10/21/2005,22.200
10/25/2005,21.835
10/26/2005,22.053
10/27/2005,22.400
10/28/2005,22.139
10/31/2005,22.000
11/1/2005,22.200
11/2/2005,22.598
11/3/2005,22.800
11/4/2005,23.000
11/7/2005,22.800
11/8/2005,22.515
11/9/2005,22.400
11/10/2005,22.200
11/11/2005,22.200
11/14/2005,22.400
11/15/2005,22.400
11/16/2005,22.000
11/17/2005,21.800
11/18/2005,21.869
11/21/2005,21.800
11/22/2005,21.973
11/23/2005,22.000
11/24/2005,22.200
11/25/2005,22.000
11/28/2005,21.946
11/29/2005,22.000
11/30/2005,21.600
12/1/2005,21.400
12/2/2005,21.200
12/6/2005,22.200
12/7/2005,23.000
12/8/2005,22.975
12/9/2005,23.200
12/13/2005,23.000
12/14/2005,22.800
12/15/2005,22.400
12/16/2005,22.800
12/19/2005,22.600
12/20/2005,23.000
12/21/2005,22.800
12/22/2005,22.598
12/23/2005,22.400
12/26/2005,22.400
12/27/2005,22.600
12/28/2005,22.400
12/29/2005,22.400
12/30/2005,22.600
1/3/2006,23.200
1/4/2006,23.723
1/5/2006,23.902
1/6/2006,23.777
1/9/2006,24.600
1/10/2006,24.600
1/11/2006,24.800
1/12/2006,24.600
1/13/2006,24.400
1/16/2006,24.400
1/17/2006,24.600
1/18/2006,24.000
1/19/2006,24.200
1/20/2006,24.400
1/23/2006,24.800
1/24/2006,24.600
1/25/2006,25.337
1/26/2006,25.942
1/27/2006,25.800
1/30/2006,26.000
1/31/2006,26.200
2/1/2006,26.400
2/2/2006,25.600
2/3/2006,25.600
2/6/2006,25.200
2/7/2006,25.000
2/8/2006,24.400
2/9/2006,24.367
2/10/2006,24.720
2/13/2006,244.000
2/14/2006,24.400
2/15/2006,24.000
2/16/2006,24.200
2/17/2006,24.400
2/20/2006,24.400
2/21/2006,24.200
2/22/2006,24.200
2/23/2006,24.405
2/24/2006,25.000
2/27/2006,25.112
2/28/2006,24.924
3/1/2006,24.982
3/2/2006,25.382
3/3/2006,25.443
3/6/2006,25.200
3/7/2006,24.800
3/8/2006,24.400
3/9/2006,24.600
3/10/2006,24.600
3/13/2006,24.763
3/14/2006,25.200
3/15/2006,24.600
3/16/2006,24.600
3/17/2006,24.800
3/20/2006,24.400
3/21/2006,24.000
3/22/2006,23.800
3/23/2006,24.200
3/24/2006,24.000
3/27/2006,24.000
3/28/2006,24.000
3/29/2006,23.400
3/30/2006,23.200
3/31/2006,23.378
4/3/2006,23.491
4/4/2006,24.600
4/5/2006,25.169
4/6/2006,252.000
4/7/2006,25.505
4/10/2006,25.000
4/11/2006,25.254
4/12/2006,25.400
4/13/2006,254.000
4/14/2006,254.000
4/17/2006,25.800
4/18/2006,26.000
4/19/2006,260.000
4/20/2006,27.000
4/21/2006,26.600
4/24/2006,26.800
4/25/2006,26.200
4/26/2006,26.400
4/27/2006,26.000
4/28/2006,25.798
5/2/2006,25.991
5/3/2006,26.400
5/4/2006,25.997
5/5/2006,262.000
5/8/2006,26.600
5/9/2006,26.400
5/10/2006,26.200
5/11/2006,26.000
5/12/2006,260.000
5/15/2006,25.400
5/16/2006,25.400
5/17/2006,25.200
5/18/2006,25.000
5/19/2006,25.000
5/22/2006,24.989
5/23/2006,24.492
5/24/2006,24.255
5/25/2006,23.636
5/26/2006,24.047
5/29/2006,24.600
5/30/2006,24.240
5/31/2006,24.200
6/1/2006,24.400
6/2/2006,24.696
6/5/2006,24.400
6/6/2006,24.015
6/7/2006,23.400
6/8/2006,22.800
6/9/2006,22.200
6/12/2006,222.000
6/13/2006,222.000
6/14/2006,21.057
6/15/2006,20.800
6/16/2006,21.800
6/19/2006,21.600
6/20/2006,21.117
6/21/2006,21.229
6/22/2006,21.800
6/23/2006,21.800
6/26/2006,21.600
6/27/2006,21.886
6/28/2006,21.792
6/29/2006,22.247
6/30/2006,22.800
7/3/2006,23.400
7/4/2006,24.000
7/5/2006,23.200
7/6/2006,23.497
7/7/2006,23.200
7/10/2006,23.400
7/11/2006,234.000
7/12/2006,23.600
7/13/2006,23.000
7/14/2006,23.000
7/17/2006,22.800
7/18/2006,22.800
7/19/2006,22.800
7/20/2006,23.200
7/21/2006,23.600
7/24/2006,23.500
7/25/2006,23.400
7/26/2006,23.400
7/27/2006,23.600
7/28/2006,23.600
7/31/2006,23.600
8/1/2006,23.646
8/2/2006,24.200
8/3/2006,24.600
8/4/2006,24.400
8/7/2006,24.600
8/8/2006,25.000
8/9/2006,24.800
8/10/2006,24.400
8/11/2006,24.800
8/14/2006,248.000
8/15/2006,24.800
8/16/2006,25.400
8/17/2006,24.800
8/18/2006,24.400
8/21/2006,24.600
8/22/2006,24.600
8/23/2006,24.200
8/24/2006,24.200
8/25/2006,24.000
8/28/2006,23.600
8/29/2006,23.600
8/30/2006,23.200
8/31/2006,23.600
9/1/2006,23.800
9/4/2006,23.800
9/5/2006,23.800
9/6/2006,23.800
9/7/2006,22.600
9/8/2006,21.800
9/11/2006,21.200
9/12/2006,21.200
9/13/2006,21.400
9/14/2006,21.800
9/15/2006,21.600
9/18/2006,22.000
9/19/2006,21.800
9/20/2006,218.000
9/21/2006,21.200
9/22/2006,21.200
9/25/2006,21.200
9/26/2006,21.200
9/27/2006,22.000
9/28/2006,21.800
9/29/2006,21.800
10/2/2006,21.800
10/3/2006,21.400
10/4/2006,21.200
10/5/2006,21.200
10/6/2006,21.200
10/9/2006,21.200
10/10/2006,21.600
10/11/2006,21.400
10/12/2006,21.600
10/13/2006,21.400
10/16/2006,21.800
10/17/2006,21.600
10/18/2006,22.000
10/19/2006,21.800
10/20/2006,22.200
10/23/2006,222.000
10/24/2006,22.200
10/25/2006,22.600
10/26/2006,22.800
10/27/2006,22.800
10/30/2006,22.400
10/31/2006,22.200
11/1/2006,22.600
11/2/2006,22.400
11/3/2006,22.600
11/6/2006,22.600
11/7/2006,22.800
11/8/2006,22.800
11/9/2006,22.800
11/10/2006,22.600
11/13/2006,22.600
11/14/2006,22.600
11/15/2006,22.600
11/16/2006,22.600
11/17/2006,22.400
11/20/2006,21.800
11/21/2006,21.600
11/22/2006,22.200
11/23/2006,22.400
11/24/2006,22.000
11/27/2006,22.400
11/28/2006,22.200
11/29/2006,22.800
11/30/2006,23.000
12/1/2006,23.400
12/4/2006,23.800
12/5/2006,238.000
12/6/2006,23.800
12/7/2006,23.400
12/8/2006,23.000
12/11/2006,230.000
12/12/2006,22.600
12/13/2006,22.400
12/14/2006,22.400
12/15/2006,22.600
12/18/2006,22.400
12/19/2006,18.600
12/20/2006,21.600
12/21/2006,20.600
12/22/2006,21.200
12/25/2006,21.200
12/26/2006,21.200
12/27/2006,21.000
12/28/2006,21.000
12/29/2006,21.000
1/3/2007,20.400
1/4/2007,20.000
1/5/2007,19.200
1/8/2007,19.800
1/9/2007,19.200
1/10/2007,19.600
1/11/2007,20.000
1/12/2007,20.200
1/15/2007,20.800
1/16/2007,20.800
1/17/2007,20.600
1/18/2007,20.600
1/19/2007,20.400
1/22/2007,20.400
1/23/2007,20.200
1/24/2007,20.600
1/25/2007,20.600
1/26/2007,20.200
1/29/2007,20.200
1/30/2007,19.800
1/31/2007,19.900
2/1/2007,19.800
2/2/2007,20.000
2/5/2007,20.000
2/6/2007,20.000
2/7/2007,20.200
2/8/2007,21.000
2/9/2007,21.400
2/12/2007,21.600
2/13/2007,21.200
2/14/2007,21.200
2/15/2007,21.000
2/16/2007,20.800
2/19/2007,20.800
2/20/2007,20.800
2/21/2007,21.200
2/22/2007,21.200
2/23/2007,21.400
2/26/2007,21.200
2/27/2007,21.200
2/28/2007,20.800
3/1/2007,21.000
3/2/2007,21.000
3/6/2007,20.600
3/7/2007,20.200
3/8/2007,20.400
3/9/2007,20.400
3/12/2007,20.200
3/13/2007,20.400
3/14/2007,20.200
3/15/2007,20.200
3/16/2007,20.200
3/19/2007,20.200
3/20/2007,20.400
3/21/2007,20.400
3/22/2007,20.600
3/23/2007,20.600
3/26/2007,20.800
3/27/2007,20.800
3/28/2007,20.600
3/29/2007,20.800
3/30/2007,20.800
4/2/2007,21.000
4/3/2007,20.800
4/4/2007,20.800
4/5/2007,20.800
4/9/2007,20.800
4/10/2007,20.800
4/11/2007,21.600
4/12/2007,21.600
4/17/2007,21.600
4/18/2007,21.400
4/19/2007,21.200
4/20/2007,21.200
4/23/2007,21.000
4/24/2007,20.800
4/25/2007,21.000
4/26/2007,21.400
4/27/2007,21.600
4/30/2007,22.000
5/2/2007,22.400
5/3/2007,23.000
5/4/2007,23.600
5/8/2007,22.800
5/9/2007,22.800
5/10/2007,22.800
5/11/2007,22.800
5/14/2007,23.200
5/15/2007,23.200
5/16/2007,23.600
5/17/2007,23.800
5/18/2007,24.000
5/21/2007,24.600
5/22/2007,24.600
5/23/2007,24.600
5/24/2007,24.400
5/25/2007,24.200
5/28/2007,24.800
5/29/2007,25.000
5/30/2007,25.400
6/1/2007,25.800
6/4/2007,27.000
6/5/2007,26.600
6/6/2007,26.800
6/7/2007,27.000
6/8/2007,26.400
6/11/2007,26.200
6/12/2007,25.800
6/13/2007,24.800
6/14/2007,25.200
6/15/2007,26.000
6/18/2007,27.000
6/19/2007,26.600
6/20/2007,27.200
6/21/2007,26.800
6/22/2007,26.600
6/25/2007,26.600
6/26/2007,26.800
6/27/2007,27.000
6/28/2007,27.000
6/29/2007,27.000
7/2/2007,27.800
7/3/2007,28.400
7/4/2007,29.000
7/5/2007,28.400
7/6/2007,29.400
7/9/2007,29.600
7/10/2007,30.800
7/11/2007,30.200
7/12/2007,29.800
7/13/2007,30.600
7/16/2007,30.800
7/17/2007,30.800
7/18/2007,31.000
7/19/2007,30.800
7/20/2007,30.600
7/23/2007,31.000
7/24/2007,32.800
7/25/2007,32.800
7/26/2007,33.200
7/27/2007,32.200
7/31/2007,31.400
8/1/2007,30.600
8/2/2007,30.200
8/3/2007,30.200
8/6/2007,29.200
8/7/2007,29.200
8/8/2007,30.400
8/9/2007,29.400
8/10/2007,29.000
8/14/2007,27.800
8/15/2007,27.400
8/16/2007,27.000
8/17/2007,27.200
8/20/2007,28.800
8/21/2007,27.600
8/22/2007,28.800
8/23/2007,28.800
8/24/2007,29.000
8/27/2007,28.800
8/28/2007,28.600
8/29/2007,29.000
8/30/2007,29.200
8/31/2007,30.600
9/3/2007,31.200
9/4/2007,30.800
9/5/2007,31.400
9/6/2007,31.400
9/7/2007,31.200
9/10/2007,31.200
9/11/2007,31.400
9/12/2007,31.400
9/13/2007,32.000
9/14/2007,32.400
9/17/2007,31.400
9/18/2007,31.200
9/19/2007,31.800
9/20/2007,32.000
9/21/2007,33.200
9/24/2007,33.200
9/25/2007,33.000
9/26/2007,33.400
9/27/2007,33.400
9/28/2007,33.600
10/1/2007,33.800
10/2/2007,33.200
10/3/2007,33.000
10/4/2007,32.400
10/5/2007,32.800
10/8/2007,33.400
10/9/2007,34.000
10/10/2007,33.800
10/11/2007,34.800
10/12/2007,35.200
10/15/2007,36.600
10/16/2007,38.600
10/17/2007,37.800
10/18/2007,36.800
10/19/2007,37.200
10/22/2007,36.400
10/24/2007,37.000
10/25/2007,39.400
10/26/2007,40.800
10/29/2007,44.000
10/30/2007,42.800
10/31/2007,41.600
11/1/2007,41.600
11/2/2007,40.400
11/5/2007,38.600
11/6/2007,40.400
11/7/2007,40.000
11/8/2007,39.600
11/9/2007,40.000
11/12/2007,38.600
11/13/2007,38.000
11/14/2007,37.800
11/15/2007,37.800
11/16/2007,37.200
11/19/2007,36.200
11/20/2007,36.600
11/21/2007,35.000
11/22/2007,35.600
11/23/2007,36.000
11/26/2007,37.000
11/27/2007,36.400
11/28/2007,36.400
11/29/2007,37.400
11/30/2007,38.000
12/3/2007,35.800
12/4/2007,35.600
12/6/2007,36.600
12/7/2007,35.600
12/11/2007,36.400
12/12/2007,36.000
12/13/2007,36.800
12/14/2007,368.000
12/17/2007,368.000
12/18/2007,35.800
12/19/2007,34.000
12/20/2007,33.000
12/21/2007,34.600
12/24/2007,346.000
12/25/2007,36.800
12/26/2007,36.800
12/27/2007,37.200
12/28/2007,37.600
1/2/2008,36.800
1/3/2008,36.000
1/4/2008,34.600
1/7/2008,33.400
1/8/2008,33.600
1/9/2008,34.800
1/10/2008,33.200
1/11/2008,32.600
1/14/2008,32.000
1/15/2008,30.800
1/16/2008,30.400
1/17/2008,32.000
1/18/2008,32.000
1/21/2008,29.600
1/22/2008,29.200
1/23/2008,29.400
1/24/2008,28.800
1/25/2008,31.400
1/28/2008,30.400
1/29/2008,31.000
1/30/2008,31.200
1/31/2008,32.600
2/1/2008,33.800
2/4/2008,32.800
2/5/2008,32.600
2/6/2008,31.600
2/7/2008,31.000
2/8/2008,31.800
2/11/2008,31.600
2/12/2008,32.400
2/13/2008,33.000
2/14/2008,33.200
2/15/2008,32.800
2/18/2008,32.600
2/19/2008,33.200
2/20/2008,33.200
2/22/2008,32.800
2/25/2008,33.600
2/26/2008,33.400
2/27/2008,33.400
2/28/2008,34.000
2/29/2008,34.200
3/3/2008,33.600
3/4/2008,33.000
3/5/2008,32.200
3/6/2008,32.400
3/7/2008,32.400
3/10/2008,32.000
3/11/2008,33.000
3/12/2008,33.800
3/13/2008,33.200
3/14/2008,33.400
3/17/2008,32.800
3/18/2008,32.400
3/19/2008,32.000
3/20/2008,31.400
3/21/2008,31.200
3/24/2008,31.200
3/25/2008,32.200
3/26/2008,31.600
3/27/2008,32.000
3/28/2008,32.200
3/31/2008,31.600
4/1/2008,32.000
4/2/2008,32.000
4/3/2008,32.000
4/4/2008,31.800
4/8/2008,32.000
4/9/2008,31.800
4/10/2008,31.600
4/11/2008,31.800
4/16/2008,32.200
4/17/2008,33.200
4/18/2008,33.400
4/21/2008,33.400
4/22/2008,34.600
4/23/2008,33.800
4/24/2008,33.400
4/25/2008,33.200
4/28/2008,34.000
4/29/2008,33.800
4/30/2008,33.400
5/2/2008,34.000
5/6/2008,34.400
5/7/2008,34.800
5/8/2008,35.200
5/9/2008,35.200
5/12/2008,34.600
5/13/2008,34.000
5/14/2008,34.600
5/15/2008,35.200
5/16/2008,36.600
5/20/2008,37.600
5/21/2008,38.000
5/22/2008,37.200
5/23/2008,37.200
5/26/2008,36.000
5/27/2008,35.400
5/28/2008,34.000
5/29/2008,34.000
5/30/2008,33.600
6/2/2008,32.200
6/3/2008,32.200
6/4/2008,32.200
6/5/2008,32.400
6/6/2008,33.200
6/9/2008,33.000
6/10/2008,32.400
6/11/2008,32.000
6/12/2008,32.600
6/13/2008,32.000
6/16/2008,31.600
6/17/2008,31.200
6/18/2008,30.200
6/19/2008,29.200
6/20/2008,30.800
6/23/2008,30.800
6/24/2008,30.000
6/25/2008,30.600
6/26/2008,30.600
6/27/2008,30.800
6/30/2008,30.200
7/2/2008,30.400
7/3/2008,29.800
7/4/2008,29.800
7/7/2008,29.000
7/8/2008,28.200
7/9/2008,28.600
7/10/2008,29.000
7/11/2008,29.800
7/14/2008,28.600
7/15/2008,27.000
7/16/2008,25.000
7/18/2008,23.800
7/21/2008,26.000
7/22/2008,26.400
7/23/2008,26.400
7/24/2008,26.600
7/25/2008,26.200
7/28/2008,25.400
7/29/2008,24.400
7/30/2008,23.600
7/31/2008,25.000
8/1/2008,24.600
8/4/2008,24.600
8/5/2008,23.600
8/6/2008,24.000
8/7/2008,26.400
8/8/2008,25.600
8/11/2008,26.600
8/13/2008,26.400
8/14/2008,26.800
8/15/2008,27.000
8/18/2008,27.200
8/19/2008,27.000
8/20/2008,26.800
8/21/2008,25.800
8/22/2008,26.400
8/25/2008,26.000
8/26/2008,25.800
8/27/2008,25.800
8/28/2008,26.400
8/29/2008,26.600
9/1/2008,26.200
9/2/2008,25.000
9/3/2008,24.000
9/4/2008,24.600
9/5/2008,24.000
9/8/2008,24.800
9/9/2008,24.800
9/10/2008,24.600
9/11/2008,24.000
9/12/2008,24.400
9/15/2008,23.800
9/16/2008,22.800
9/17/2008,21.400
9/18/2008,21.400
9/19/2008,22.800
9/22/2008,22.800
9/23/2008,22.800
9/24/2008,23.600
9/25/2008,23.800
9/26/2008,23.600
9/29/2008,23.000
9/30/2008,22.800
10/1/2008,22.400
10/2/2008,22.800
10/3/2008,22.600
10/6/2008,20.200
10/7/2008,19.500
10/8/2008,18.300
10/9/2008,19.200
10/10/2008,17.000
10/13/2008,18.200
10/14/2008,19.000
10/15/2008,18.100
10/16/2008,17.900
10/17/2008,17.700
10/20/2008,18.100
10/21/2008,18.300
10/22/2008,17.700
10/24/2008,16.200
10/27/2008,14.100
10/28/2008,14.800
10/29/2008,14.000
10/30/2008,15.300
10/31/2008,15.900
11/3/2008,17.700
11/4/2008,18.300
11/5/2008,18.300
11/6/2008,18.300
11/7/2008,18.200
11/10/2008,18.000
11/11/2008,17.100
11/12/2008,16.700
11/13/2008,16.600
11/14/2008,16.400
11/17/2008,16.800
11/18/2008,15.900
11/19/2008,15.000
11/20/2008,14.200
11/21/2008,14.100
11/24/2008,13.700
11/25/2008,13.800
11/26/2008,14.300
11/27/2008,14.000
11/28/2008,14.700
12/1/2008,14.400
12/2/2008,14.300
12/3/2008,14.400
12/4/2008,14.400
12/8/2008,15.400
12/9/2008,16.800
12/11/2008,17.200
12/12/2008,17.200
12/15/2008,17.700
12/16/2008,18.000
12/17/2008,17.700
12/18/2008,18.000
12/19/2008,17.600
12/22/2008,16.800
12/23/2008,17.100
12/24/2008,17.100
12/25/2008,17.200
12/26/2008,17.200
12/29/2008,17.300
12/30/2008,17.500
1/2/2009,175.000
1/5/2009,18.900
1/6/2009,18.400
1/7/2009,18.100
1/8/2009,18.300
1/9/2009,17.700
1/12/2009,16.800
1/13/2009,15.600
1/14/2009,15.800
1/15/2009,15.400
1/16/2009,15.900
1/19/2009,15.800
1/20/2009,15.700
1/21/2009,15.600
1/22/2009,16.200
1/23/2009,15.900
1/26/2009,16.000
1/27/2009,16.500
1/28/2009,16.700
1/29/2009,15.900
1/30/2009,16.000
2/2/2009,15.400
2/3/2009,15.500
2/4/2009,15.400
2/5/2009,15.500
2/6/2009,16.500
2/10/2009,16.300
2/11/2009,16.300
2/12/2009,16.000
2/13/2009,16.400
2/16/2009,16.300
2/17/2009,15.900
2/18/2009,15.900
2/19/2009,15.900
2/20/2009,15.600
2/23/2009,15.700
2/24/2009,15.600
2/25/2009,15.800
2/26/2009,15.500
2/27/2009,15.600
3/2/2009,15.100
3/3/2009,15.000
3/4/2009,15.000
3/5/2009,14.500
3/6/2009,14.600
3/9/2009,14.100
3/10/2009,14.600
3/11/2009,14.400
3/12/2009,14.400
3/13/2009,15.000
3/16/2009,14.900
3/17/2009,14.700
3/18/2009,14.800
3/19/2009,14.900
3/20/2009,15.100
3/23/2009,16.000
3/24/2009,16.100
3/25/2009,16.000
3/26/2009,16.100
3/27/2009,16.000
3/30/2009,15.200
3/31/2009,15.250
4/1/2009,15.150
4/2/2009,15.800
4/3/2009,16.200
4/7/2009,16.000
4/8/2009,16.000
4/9/2009,16.100
4/10/2009,16.550
4/16/2009,16.300
4/17/2009,16.900
4/20/2009,17.800
4/21/2009,17.650
4/22/2009,17.350
4/23/2009,17.650
4/24/2009,18.000
4/27/2009,18.200
4/28/2009,18.100
4/29/2009,18.500
4/30/2009,18.950
5/4/2009,19.950
5/6/2009,21.200
5/7/2009,21.200
5/11/2009,22.000
5/12/2009,22.000
5/13/2009,22.200
5/14/2009,20.800
5/15/2009,20.900
5/18/2009,20.900
5/19/2009,21.800
5/20/2009,22.000
5/21/2009,21.400
5/22/2009,21.500
5/25/2009,21.200
5/26/2009,21.000
5/27/2009,21.800
5/28/2009,21.700
5/29/2009,22.000
6/1/2009,23.200
6/2/2009,22.700
6/3/2009,22.600
6/4/2009,22.900
6/5/2009,23.100
6/8/2009,22.900
6/9/2009,23.100
6/10/2009,24.400
6/11/2009,25.100
6/12/2009,25.800
6/15/2009,24.700
6/16/2009,23.900
6/17/2009,23.400
6/18/2009,22.500
6/19/2009,23.400
6/22/2009,22.800
6/23/2009,22.200
6/24/2009,22.800
6/25/2009,23.500
6/26/2009,23.700
6/29/2009,23.700
6/30/2009,23.400
7/2/2009,22.900
7/3/2009,22.700
7/6/2009,227.000
7/8/2009,22.200
7/9/2009,22.700
7/10/2009,21.600
7/13/2009,21.500
7/14/2009,22.200
7/15/2009,22.300
7/16/2009,22.100
7/17/2009,22.200
7/20/2009,23.700
7/21/2009,23.300
7/22/2009,22.600
7/23/2009,23.200
7/24/2009,23.300
7/27/2009,23.600
7/28/2009,23.800
7/29/2009,23.500
7/30/2009,24.000
7/31/2009,23.900
8/3/2009,24.800
8/4/2009,25.000
8/5/2009,24.800
8/6/2009,25.600
8/7/2009,25.100
8/10/2009,25.100
8/11/2009,25.000
8/13/2009,25.400
8/14/2009,25.000
8/17/2009,23.500
8/18/2009,23.700
8/19/2009,23.200
8/20/2009,23.600
8/21/2009,23.700
8/24/2009,24.400
8/25/2009,24.700
8/26/2009,24.600
8/27/2009,24.400
8/28/2009,24.700
8/31/2009,24.400
9/1/2009,24.300
9/2/2009,23.800
9/3/2009,24.000
9/4/2009,24.000
9/7/2009,24.500
9/8/2009,25.300
9/9/2009,26.000
9/10/2009,26.400
9/11/2009,26.500
9/14/2009,25.700
9/15/2009,26.500
9/16/2009,26.600
9/17/2009,26.500
9/18/2009,26.600
9/21/2009,26.400
9/22/2009,26.700
9/23/2009,26.800
9/24/2009,26.500
9/25/2009,26.200
9/28/2009,25.700
9/29/2009,25.900
9/30/2009,26.200
10/1/2009,26.300
10/2/2009,26.100
10/5/2009,25.800
10/6/2009,26.400
10/7/2009,26.800
10/8/2009,26.700
10/9/2009,26.900
10/12/2009,27.000
10/13/2009,27.300
10/14/2009,26.700
10/15/2009,25.500
10/16/2009,26.200
10/19/2009,26.500
10/20/2009,26.100
10/21/2009,25.600
10/22/2009,25.500
10/26/2009,25.800
10/27/2009,25.700
10/28/2009,25.100
10/29/2009,24.300
10/30/2009,24.000
11/2/2009,23.300
11/3/2009,22.800
11/4/2009,23.600
11/5/2009,23.400
11/6/2009,24.300
11/9/2009,25.200
11/10/2009,24.800
11/11/2009,25.000
11/12/2009,23.600
11/13/2009,23.600
11/16/2009,23.800
11/17/2009,23.900
11/18/2009,23.900
11/19/2009,23.300
11/20/2009,23.100
11/23/2009,22.900
11/24/2009,22.100
11/25/2009,22.900
11/26/2009,22.300
11/27/2009,22.200
11/30/2009,22.400
12/1/2009,23.700
12/2/2009,22.500
12/3/2009,22.700
12/4/2009,22.200
12/8/2009,22.100
12/9/2009,22.100
12/11/2009,22.200
12/14/2009,22.500
12/15/2009,22.700
12/16/2009,22.800
12/17/2009,22.800
12/18/2009,22.700
12/21/2009,22.900
12/22/2009,23.400
12/23/2009,24.000
12/24/2009,23.800
12/25/2009,24.100
12/28/2009,24.400
12/29/2009,25.000
12/30/2009,24.600
1/4/2010,24.500
1/5/2010,24.400
1/6/2010,24.500
1/7/2010,24.400
1/8/2010,24.600
1/11/2010,24.900
1/12/2010,24.700
1/13/2010,24.600
1/14/2010,24.700
1/15/2010,24.700
1/18/2010,24.700
1/19/2010,24.200
1/20/2010,23.800
1/21/2010,23.100
1/22/2010,22.900
1/25/2010,22.600
1/26/2010,22.200
1/27/2010,21.700
1/28/2010,22.000
1/29/2010,22.300
2/1/2010,22.400
2/2/2010,21.900
2/3/2010,22.500
2/4/2010,22.200
2/5/2010,21.800
2/8/2010,21.700
2/9/2010,21.400
2/10/2010,21.600
2/11/2010,22.000
2/12/2010,22.100
2/15/2010,21.600
2/16/2010,21.600
2/17/2010,21.800
2/18/2010,21.800
2/19/2010,22.400
2/22/2010,22.700
2/23/2010,23.300
2/24/2010,23.100
2/25/2010,23.100
2/26/2010,23.200
3/2/2010,24.100
3/3/2010,24.200
3/4/2010,23.600
3/5/2010,23.100
3/8/2010,23.500
3/9/2010,23.700
3/10/2010,23.700
3/11/2010,23.700
3/12/2010,24.000
3/15/2010,24.000
3/16/2010,24.600
3/17/2010,25.000
3/18/2010,24.700
3/19/2010,25.100
3/22/2010,24.900
3/23/2010,25.600
3/24/2010,25.600
3/25/2010,25.400
3/26/2010,25.100
3/29/2010,24.700
3/30/2010,25.500
3/31/2010,26.200
4/1/2010,27.000
4/2/2010,27.100
4/5/2010,27.300
4/7/2010,27.900
4/8/2010,26.700
4/9/2010,26.900
4/12/2010,25.600
4/16/2010,24.700
4/19/2010,24.500
4/20/2010,26.000
4/21/2010,25.500
4/22/2010,25.600
4/23/2010,25.300
4/26/2010,25.800
4/27/2010,25.600
4/28/2010,25.000
4/29/2010,25.100
4/30/2010,25.700
5/4/2010,26.900
5/6/2010,26.300
5/7/2010,25.600
5/10/2010,25.800
5/11/2010,25.400
5/12/2010,25.500
5/13/2010,25.200
5/14/2010,25.400
5/17/2010,24.800
5/18/2010,24.900
5/19/2010,25.100
5/20/2010,251.000
5/21/2010,251.000
5/24/2010,24.200
5/25/2010,23.300
5/26/2010,23.700
5/27/2010,24.200
5/31/2010,24.600
6/1/2010,24.100
6/2/2010,24.400
6/3/2010,24.800
6/4/2010,25.100
6/7/2010,24.600
6/8/2010,24.300
6/9/2010,24.500
6/10/2010,24.500
6/11/2010,24.400
6/14/2010,24.600
6/15/2010,24.500
6/16/2010,25.100
6/17/2010,25.100
6/18/2010,25.200
6/21/2010,25.700
6/22/2010,25.500
6/23/2010,25.400
6/24/2010,25.000
6/25/2010,25.000
6/28/2010,25.400
6/29/2010,25.000
6/30/2010,24.600
7/2/2010,24.600
7/5/2010,24.400
7/6/2010,25.000
7/7/2010,24.700
7/8/2010,24.700
7/9/2010,24.800
7/12/2010,24.600
7/13/2010,24.700
7/14/2010,24.600
7/15/2010,24.600
7/16/2010,24.600
7/19/2010,24.700
7/20/2010,24.600
7/21/2010,24.500
7/22/2010,24.200
7/23/2010,24.700
7/27/2010,25.500
7/28/2010,25.600
7/29/2010,25.600
7/30/2010,25.400
8/2/2010,25.700
8/3/2010,25.800
8/4/2010,25.900
8/5/2010,26.100
8/6/2010,25.900
8/9/2010,25.600
8/10/2010,25.100
8/11/2010,25.000
8/16/2010,25.500
8/17/2010,25.700
8/18/2010,26.000
8/19/2010,26.600
8/20/2010,26.600
8/23/2010,26.400
8/24/2010,25.800
8/25/2010,25.700
8/26/2010,25.800
8/27/2010,25.800
8/30/2010,26.300
8/31/2010,26.500
9/1/2010,27.100
9/2/2010,26.900
9/3/2010,29.100
9/6/2010,30.200
9/7/2010,29.200
9/8/2010,28.900
9/9/2010,28.500
9/10/2010,28.800
9/13/2010,29.100
9/14/2010,28.200
9/15/2010,28.100
9/16/2010,28.400
9/17/2010,28.500
9/20/2010,28.400
9/21/2010,28.700
9/22/2010,29.300
9/23/2010,29.100
9/24/2010,29.000
9/27/2010,29.400
9/28/2010,29.200
9/29/2010,29.300
9/30/2010,29.700
10/1/2010,29.700
10/4/2010,29.700
10/5/2010,29.700
10/6/2010,30.200
10/7/2010,30.000
10/8/2010,30.200
10/11/2010,30.600
10/12/2010,30.400
10/13/2010,30.900
10/14/2010,31.300
10/15/2010,31.300
10/18/2010,30.800
10/19/2010,31.000
10/20/2010,30.700
10/21/2010,30.500
10/22/2010,30.400
10/26/2010,30.500
10/27/2010,30.000
10/28/2010,30.200
10/29/2010,30.300
11/1/2010,30.900
11/2/2010,30.800
11/3/2010,31.400
11/4/2010,33.100
11/5/2010,34.200
11/8/2010,34.200
11/9/2010,33.800
11/10/2010,33.700
11/11/2010,33.300
11/12/2010,32.900
11/15/2010,33.200
11/16/2010,32.100
11/17/2010,31.600
11/18/2010,32.100
11/19/2010,32.300
11/22/2010,32.600
11/23/2010,32.200
11/24/2010,31.000
11/25/2010,30.200
11/26/2010,30.300
11/29/2010,31.400
11/30/2010,30.900
12/1/2010,31.300
12/2/2010,32.100
12/3/2010,32.100
12/7/2010,32.900
12/8/2010,32.300
12/9/2010,32.400
12/13/2010,32.600
12/14/2010,32.400
12/15/2010,32.000
12/16/2010,32.000
12/17/2010,32.000
12/20/2010,31.800
12/21/2010,32.300
12/22/2010,32.000
12/23/2010,31.900
12/24/2010,31.800
12/27/2010,31.800
12/28/2010,32.000
12/29/2010,32.000
12/30/2010,32.000
1/4/2011,33.000
1/5/2011,33.200
1/6/2011,33.200
1/7/2011,32.200
1/10/2011,31.800
1/11/2011,31.900
1/12/2011,32.900
1/13/2011,33.300
1/14/2011,33.200
1/17/2011,32.800
1/18/2011,33.400
1/19/2011,34.200
1/20/2011,33.900
1/21/2011,33.900
1/24/2011,32.100
1/25/2011,32.300
1/26/2011,33.700
1/27/2011,34.400
1/28/2011,34.200
1/31/2011,33.500
2/1/2011,33.800
2/2/2011,34.400
2/3/2011,34.500
2/4/2011,34.500
2/7/2011,33.900
2/8/2011,33.700
2/9/2011,33.000
2/10/2011,32.000
2/11/2011,31.600
2/14/2011,32.400
2/15/2011,32.600
2/16/2011,32.900
2/17/2011,33.400
2/21/2011,33.100
2/22/2011,33.300
2/23/2011,33.900
2/24/2011,34.000
2/25/2011,34.300
2/28/2011,33.700
3/1/2011,33.900
3/2/2011,33.400
3/3/2011,33.200
3/4/2011,33.300
3/7/2011,34.200
3/8/2011,34.800
3/9/2011,34.400
3/10/2011,34.600
3/11/2011,34.300
3/14/2011,34.900
3/15/2011,33.800
3/16/2011,33.900
3/17/2011,33.600
3/21/2011,34.300
3/22/2011,34.200
3/23/2011,34.500
3/24/2011,34.700
3/25/2011,34.800
3/28/2011,34.600
3/29/2011,34.600
3/30/2011,35.200
3/31/2011,35.400
4/1/2011,35.700
4/4/2011,36.800
4/5/2011,36.800
4/7/2011,37.700
4/8/2011,37.600
4/11/2011,36.800
4/12/2011,37.100
4/18/2011,37.500
4/19/2011,37.700
4/20/2011,38.400
4/21/2011,38.300
4/22/2011,38.000
4/25/2011,37.900
4/26/2011,37.600
4/27/2011,37.700
4/28/2011,37.300
4/29/2011,37.500
5/3/2011,36.400
5/4/2011,36.100
5/6/2011,34.700
5/9/2011,35.800
5/10/2011,36.100
5/11/2011,36.800
5/12/2011,36.000
5/13/2011,36.100
5/18/2011,36.200
5/19/2011,36.600
5/20/2011,36.100
5/23/2011,35.200
5/24/2011,35.200
5/25/2011,34.800
5/26/2011,35.200
5/27/2011,35.400
5/30/2011,35.800
5/31/2011,35.400
6/1/2011,35.000
6/2/2011,34.700
6/3/2011,34.700
6/6/2011,34.300
6/7/2011,33.900
6/8/2011,33.000
6/9/2011,33.300
6/10/2011,33.400
6/13/2011,33.100
6/14/2011,33.900
6/15/2011,33.400
6/16/2011,33.200
6/17/2011,33.000
6/20/2011,32.900
6/21/2011,33.400
6/22/2011,33.000
6/23/2011,32.900
6/24/2011,33.400
6/27/2011,32.400
6/28/2011,32.400
6/29/2011,33.300
6/30/2011,33.500
7/4/2011,35.100
7/5/2011,34.700
7/6/2011,34.000
7/7/2011,33.900
7/8/2011,33.500
7/11/2011,33.100
7/12/2011,32.900
7/13/2011,33.200
7/14/2011,33.400
7/18/2011,33.800
7/19/2011,34.000
7/20/2011,34.600
7/21/2011,34.900
7/22/2011,35.200
7/25/2011,35.000
7/26/2011,34.800
7/27/2011,35.100
7/28/2011,35.100
7/29/2011,34.700
8/1/2011,35.000
8/2/2011,34.800
8/3/2011,34.300
8/4/2011,34.000
8/5/2011,33.000
8/8/2011,32.200
8/9/2011,31.100
8/10/2011,31.700
8/11/2011,31.500
8/15/2011,32.700
8/16/2011,32.300
8/17/2011,33.200
8/18/2011,32.900
8/19/2011,31.800
8/22/2011,31.500
8/23/2011,31.600
8/24/2011,31.500
8/25/2011,30.900
8/26/2011,31.700
8/29/2011,32.900
8/30/2011,32.200
8/31/2011,32.900
9/1/2011,33.000
9/2/2011,32.800
9/5/2011,32.400
9/6/2011,31.900
9/7/2011,32.400
9/8/2011,32.600
9/9/2011,32.100
9/12/2011,31.400
9/13/2011,31.000
9/14/2011,31.200
9/15/2011,31.600
9/16/2011,31.000
9/19/2011,30.600
9/20/2011,31.000
9/21/2011,31.200
9/22/2011,30.200
9/23/2011,29.000
9/26/2011,26.700
9/27/2011,28.300
9/28/2011,27.100
9/29/2011,26.300
9/30/2011,26.000
10/3/2011,24.400
10/4/2011,24.200
10/5/2011,25.000
10/6/2011,27.500
10/7/2011,27.400
10/10/2011,28.000
10/11/2011,29.200
10/12/2011,29.300
10/13/2011,28.400
10/14/2011,29.200
10/17/2011,30.000
10/18/2011,29.300
10/19/2011,29.000
10/20/2011,27.700
10/21/2011,28.400
10/25/2011,29.700
10/26/2011,29.300
10/27/2011,30.600
10/28/2011,31.200
10/31/2011,30.600
11/1/2011,29.500
11/2/2011,29.800
11/3/2011,29.400
11/4/2011,29.100
11/7/2011,29.100
11/8/2011,30.600
11/9/2011,29.600
11/10/2011,30.100
11/11/2011,30.000
11/14/2011,30.400
11/15/2011,30.300
11/16/2011,30.800
11/17/2011,30.700
11/18/2011,30.300
11/21/2011,29.700
11/22/2011,30.100
11/23/2011,29.900
11/24/2011,30.100
11/25/2011,29.700
11/28/2011,30.200
11/29/2011,30.000
11/30/2011,30.600
12/1/2011,31.600
12/2/2011,32.000
12/6/2011,32.200
12/7/2011,32.400
12/8/2011,32.500
12/9/2011,32.000
12/13/2011,31.800
12/14/2011,31.300
12/15/2011,31.500
12/16/2011,31.800
12/19/2011,31.600
12/20/2011,31.600
12/21/2011,32.100
12/22/2011,32.200
12/23/2011,31.900
12/26/2011,31.700
12/27/2011,31.800
12/28/2011,31.700
12/29/2011,31.700
12/30/2011,31.800
1/4/2012,32.400
1/5/2012,32.800
1/6/2012,32.300
1/9/2012,32.400
1/10/2012,32.400
1/11/2012,32.400
1/12/2012,32.400
1/13/2012,32.200
1/16/2012,32.100
1/17/2012,33.000
1/18/2012,32.800
1/19/2012,33.300
1/20/2012,33.000
1/23/2012,33.100
1/24/2012,33.000
1/25/2012,32.600
1/26/2012,33.200
1/27/2012,33.700
1/30/2012,34.000
1/31/2012,34.000
2/1/2012,33.900
2/2/2012,34.200
2/3/2012,34.300
2/6/2012,34.100
2/7/2012,34.100
2/8/2012,34.800
2/9/2012,35.100
2/10/2012,34.800
2/13/2012,34.600
2/14/2012,33.800
2/15/2012,34.400
2/16/2012,34.100
2/17/2012,34.400
2/20/2012,35.400
2/21/2012,35.700
2/22/2012,35.800
2/23/2012,35.900
2/24/2012,36.200
2/27/2012,35.700
2/28/2012,36.000
2/29/2012,36.300
3/1/2012,36.400
3/2/2012,36.500
3/5/2012,35.800
3/6/2012,35.300
3/8/2012,35.700
3/9/2012,35.100
3/12/2012,34.600
3/13/2012,34.200
3/14/2012,34.800
3/15/2012,34.500
3/16/2012,35.400
3/19/2012,35.200
3/20/2012,35.500
3/21/2012,35.400
3/22/2012,34.700
3/23/2012,34.900
3/26/2012,34.800
3/27/2012,35.600
3/28/2012,35.900
3/29/2012,35.800
3/30/2012,35.400
4/2/2012,35.700
4/3/2012,35.900
4/4/2012,35.400
4/5/2012,34.900
4/10/2012,34.900
4/11/2012,34.100
4/12/2012,34.400
4/17/2012,33.500
4/18/2012,34.300
4/19/2012,35.100
4/20/2012,35.400
4/23/2012,34.700
4/24/2012,34.800
4/25/2012,34.600
4/26/2012,34.700
4/27/2012,34.400
4/30/2012,35.100
5/2/2012,35.900
5/3/2012,35.900
5/4/2012,35.300
5/8/2012,35.300
5/9/2012,34.500
5/10/2012,33.500
5/11/2012,33.600
5/14/2012,33.000
5/15/2012,33.500
5/16/2012,33.100
5/17/2012,33.200
5/18/2012,32.800
5/21/2012,32.200
5/22/2012,31.900
5/23/2012,30.800
5/24/2012,31.300
5/25/2012,30.700
5/28/2012,30.400
5/29/2012,31.300
5/30/2012,30.700
5/31/2012,31.300
6/1/2012,30.500
6/5/2012,30.300
6/6/2012,30.800
6/7/2012,30.800
6/8/2012,30.900
6/11/2012,32.000
6/12/2012,32.500
6/13/2012,32.600
6/14/2012,32.600
6/15/2012,33.300
6/18/2012,33.100
6/19/2012,33.500
6/20/2012,33.200
6/21/2012,32.100
6/22/2012,31.400
6/25/2012,31.000
6/26/2012,31.100
6/27/2012,31.600
6/28/2012,32.000
6/29/2012,32.300
7/2/2012,33.000
7/3/2012,33.300
7/4/2012,33.600
7/5/2012,33.800
7/6/2012,33.400
7/9/2012,32.700
7/10/2012,33.200
7/11/2012,33.300
7/12/2012,32.900
7/13/2012,33.400
7/16/2012,33.100
7/17/2012,33.600
7/18/2012,34.000
7/19/2012,34.200
7/20/2012,34.000
7/23/2012,32.600
7/24/2012,32.100
7/25/2012,31.800
7/26/2012,31.600
7/27/2012,32.200
7/30/2012,32.700
7/31/2012,32.600
8/1/2012,32.200
8/3/2012,32.000
8/6/2012,32.500
8/7/2012,33.300
8/8/2012,33.800
8/9/2012,33.600
8/10/2012,34.200
8/14/2012,34.400
8/15/2012,34.500
8/16/2012,34.100
8/17/2012,33.900
8/20/2012,34.200
8/21/2012,34.100
8/22/2012,33.900
8/23/2012,33.400
8/24/2012,33.100
8/27/2012,33.300
8/28/2012,33.400
8/29/2012,33.300
8/30/2012,32.900
8/31/2012,33.000
9/3/2012,33.700
9/4/2012,33.600
9/5/2012,33.100
9/6/2012,32.900
9/7/2012,33.000
9/10/2012,32.900
9/11/2012,32.700
9/12/2012,32.900
9/13/2012,32.800
9/14/2012,33.600
9/17/2012,34.200
9/18/2012,33.800
9/19/2012,34.000
9/20/2012,33.700
9/21/2012,33.700
9/24/2012,33.400
9/25/2012,33.200
9/26/2012,32.800
9/27/2012,32.900
9/28/2012,32.900
10/1/2012,32.900
10/2/2012,32.700
10/3/2012,32.500
10/4/2012,32.100
10/5/2012,32.200
10/8/2012,31.800
10/9/2012,31.500
10/10/2012,31.400
10/11/2012,31.500
10/12/2012,31.500
10/15/2012,31.300
10/16/2012,31.100
10/17/2012,31.400
10/18/2012,31.700
10/19/2012,32.000
10/22/2012,31.900
10/24/2012,31.400
10/25/2012,31.300
10/26/2012,31.300
10/29/2012,31.600
10/30/2012,31.700
10/31/2012,31.800
11/1/2012,31.800
11/2/2012,31.900
11/5/2012,32.200
11/6/2012,31.900
11/7/2012,31.900
11/8/2012,31.700
11/9/2012,31.600
11/12/2012,31.700
11/13/2012,31.900
11/14/2012,31.600
11/15/2012,31.400
11/16/2012,31.400
11/19/2012,31.200
11/20/2012,31.000
11/21/2012,31.000
11/22/2012,30.900
11/23/2012,31.200
11/26/2012,31.200
11/27/2012,31.400
11/28/2012,31.600
11/29/2012,31.800
11/30/2012,32.000
12/3/2012,32.500
12/4/2012,32.700
12/6/2012,32.800
12/7/2012,32.600
12/11/2012,32.800
12/12/2012,33.100
12/13/2012,32.900
12/14/2012,33.100
12/17/2012,33.100
12/18/2012,33.100
12/19/2012,33.300
12/20/2012,33.300
12/21/2012,33.300
12/24/2012,33.100
12/25/2012,33.300
12/26/2012,33.100
12/27/2012,33.500
12/28/2012,33.200
1/2/2013,33.700
1/3/2013,33.700
1/4/2013,33.500
1/7/2013,33.400
1/8/2013,33.000
1/9/2013,33.100
1/10/2013,32.700
1/11/2013,32.600
1/14/2013,33.300
1/15/2013,33.500
1/16/2013,33.600
1/17/2013,33.600
1/18/2013,33.600
1/21/2013,33.600
1/22/2013,33.500
1/23/2013,33.600
1/24/2013,33.400
1/25/2013,33.300
1/28/2013,33.100
1/29/2013,33.500
1/30/2013,34.800
1/31/2013,34.100
2/1/2013,35.400
2/4/2013,36.200
2/5/2013,36.700
2/6/2013,36.100
2/7/2013,35.500
2/8/2013,35.000
2/11/2013,34.700
2/12/2013,34.700
2/13/2013,36.100
2/14/2013,36.200
2/15/2013,35.700
2/18/2013,35.200
2/19/2013,35.800
2/20/2013,35.600
2/21/2013,34.800
2/22/2013,34.900
2/26/2013,34.400
2/27/2013,34.100
2/28/2013,35.000
3/1/2013,34.500
3/4/2013,34.400
3/5/2013,34.600
3/6/2013,34.000
3/7/2013,33.900
3/8/2013,33.500
3/11/2013,34.300
3/12/2013,34.300
3/13/2013,34.200
3/14/2013,33.700
3/15/2013,34.000
3/18/2013,33.900
3/19/2013,33.800
3/20/2013,33.300
3/21/2013,33.600
3/22/2013,32.000
3/25/2013,32.700
3/26/2013,32.600
3/27/2013,32.700
3/28/2013,32.400
3/29/2013,32.600
4/1/2013,32.100
4/2/2013,32.500
4/3/2013,32.200
4/4/2013,32.000
4/5/2013,31.500
4/9/2013,31.100
4/10/2013,31.400
4/11/2013,31.700
4/12/2013,31.500
4/17/2013,30.900
4/18/2013,31.400
4/19/2013,31.800
4/22/2013,31.200
4/23/2013,31.200
4/24/2013,31.400
4/25/2013,31.700
4/26/2013,31.900
4/29/2013,31.700
4/30/2013,32.600
5/2/2013,32.700
5/3/2013,32.600
5/7/2013,33.000
5/8/2013,33.400
5/9/2013,33.800
5/10/2013,34.000
5/13/2013,33.500
5/14/2013,33.400
5/15/2013,33.900
5/16/2013,33.700
5/17/2013,33.500
5/20/2013,34.300
5/21/2013,34.500
5/22/2013,34.700
5/23/2013,34.500
5/27/2013,34.400
5/28/2013,34.900
5/29/2013,34.300
5/30/2013,33.700
5/31/2013,32.600
6/3/2013,32.200
6/4/2013,33.000
6/5/2013,32.200
6/6/2013,32.600
6/7/2013,33.500
6/10/2013,33.800
6/11/2013,32.500
6/12/2013,31.800
6/13/2013,31.200
6/14/2013,32.200
6/17/2013,32.900
6/18/2013,32.100
6/19/2013,33.200
6/20/2013,33.400
6/21/2013,33.800
6/24/2013,32.600
6/25/2013,33.000
6/26/2013,33.600
6/27/2013,34.100
6/28/2013,33.500
7/2/2013,33.700
7/3/2013,33.900
7/4/2013,34.200
7/5/2013,34.800
7/8/2013,34.400
7/9/2013,34.600
7/10/2013,34.300
7/11/2013,35.100
7/12/2013,34.600
7/15/2013,34.000
7/16/2013,33.900
7/17/2013,33.800
7/18/2013,34.200
7/19/2013,34.100
7/23/2013,34.600
7/24/2013,34.400
7/25/2013,33.300
7/26/2013,33.900
7/29/2013,33.600
7/30/2013,32.800
7/31/2013,33.100
8/1/2013,33.100
8/2/2013,33.100
8/5/2013,33.300
8/6/2013,33.500
8/7/2013,32.800
8/8/2013,33.000
8/9/2013,32.800
8/13/2013,33.200
8/14/2013,32.900
8/15/2013,32.900
8/16/2013,32.400
8/19/2013,31.600
8/20/2013,31.900
8/21/2013,31.100
8/22/2013,32.200
8/23/2013,32.100
8/26/2013,31.800
8/27/2013,32.000
8/28/2013,31.800
8/29/2013,32.700
8/30/2013,32.700
9/2/2013,32.600
9/3/2013,32.500
9/4/2013,32.600
9/5/2013,33.100
9/6/2013,33.400
9/9/2013,34.200
9/10/2013,33.900
9/11/2013,34.000
9/12/2013,33.300
9/13/2013,33.500
9/16/2013,34.000
9/17/2013,33.900
9/18/2013,33.100
9/19/2013,33.300
9/20/2013,33.600
9/23/2013,33.300
9/24/2013,32.700
9/25/2013,33.000
9/26/2013,32.700
9/27/2013,32.600
9/30/2013,31.600
10/1/2013,32.000
10/2/2013,31.900
10/3/2013,32.000
10/4/2013,31.900
10/7/2013,31.900
10/8/2013,32.000
10/9/2013,32.000
10/10/2013,32.000
10/11/2013,32.300
10/14/2013,31.900
10/15/2013,31.900
10/16/2013,31.900
10/17/2013,31.800
10/18/2013,32.000
10/21/2013,32.000
10/22/2013,32.100
10/24/2013,32.100
10/25/2013,32.000
10/28/2013,31.700
10/29/2013,31.600
10/30/2013,31.100
10/31/2013,31.700
11/1/2013,31.500
11/4/2013,31.100
11/5/2013,31.200
11/6/2013,31.200
11/7/2013,31.100
11/8/2013,31.000
11/11/2013,31.000
11/12/2013,30.800
11/13/2013,30.800
11/14/2013,30.800
11/15/2013,31.000
11/18/2013,31.100
11/19/2013,30.800
11/20/2013,30.500
11/21/2013,30.100
11/22/2013,29.700
11/25/2013,29.300
11/26/2013,29.100
11/27/2013,29.500
11/28/2013,29.200
11/29/2013,29.500
12/2/2013,30.200
12/3/2013,30.700
12/4/2013,30.600
12/6/2013,30.300
12/9/2013,30.500
12/11/2013,30.200
12/12/2013,29.700
12/13/2013,29.300
12/16/2013,28.700
12/17/2013,28.600
12/18/2013,28.900
12/19/2013,29.000
12/20/2013,29.100
12/23/2013,28.600
12/24/2013,28.800
12/25/2013,28.900
12/26/2013,28.500
12/27/2013,28.600
1/2/2014,27.400
1/3/2014,26.800
1/6/2014,26.400
1/7/2014,28.100
1/8/2014,28.500
1/9/2014,28.400
1/10/2014,28.700
1/13/2014,29.200
1/14/2014,29.400
1/15/2014,28.600
1/16/2014,28.800
1/17/2014,28.800
1/20/2014,28.900
1/21/2014,28.600
1/22/2014,28.200
1/23/2014,28.900
1/24/2014,29.100
1/27/2014,28.300
1/28/2014,27.800
1/29/2014,27.400
1/30/2014,27.000
1/31/2014,27.600
2/3/2014,27.800
2/4/2014,27.300
2/5/2014,27.100
2/6/2014,27.500
2/7/2014,28.600
2/10/2014,28.700
2/11/2014,28.900
2/12/2014,29.300
2/13/2014,28.900
2/17/2014,29.700
2/18/2014,29.700
2/19/2014,29.200
2/20/2014,28.700
2/21/2014,28.600
2/24/2014,29.100
2/25/2014,28.800
2/26/2014,28.600
2/27/2014,28.700
2/28/2014,29.300
3/3/2014,30.000
3/4/2014,30.100
3/5/2014,30.400
3/6/2014,29.600
3/7/2014,29.200
3/10/2014,29.100
3/11/2014,30.000
3/12/2014,29.500
3/13/2014,30.000
3/14/2014,29.500
3/17/2014,29.400
3/18/2014,29.500
3/19/2014,29.000
3/20/2014,29.300
3/21/2014,29.200
3/24/2014,28.700
3/25/2014,29.500
3/26/2014,29.500
3/27/2014,29.900
3/28/2014,29.900
3/31/2014,29.900
4/1/2014,30.200
4/2/2014,30.700
4/3/2014,30.800
4/4/2014,30.600
4/8/2014,30.200
4/9/2014,30.400
4/10/2014,30.700
4/11/2014,30.700
4/16/2014,31.500
4/17/2014,31.200
4/18/2014,31.100
4/21/2014,31.000
4/22/2014,30.700
4/23/2014,30.800
4/24/2014,30.900
4/25/2014,30.700
4/28/2014,30.600
4/29/2014,30.300
4/30/2014,31.300
5/2/2014,30.900
5/6/2014,30.900
5/7/2014,31.000
5/8/2014,30.500
5/9/2014,30.400
5/12/2014,30.100
5/14/2014,30.400
5/15/2014,30.300
5/16/2014,30.500
5/19/2014,30.800
5/20/2014,30.500
5/21/2014,31.000
5/22/2014,30.800
5/23/2014,30.400
5/26/2014,29.600
5/27/2014,29.400
5/28/2014,29.500
5/29/2014,29.300
5/30/2014,29.400
6/2/2014,29.800
6/3/2014,30.200
6/4/2014,30.100
6/5/2014,29.700
6/6/2014,29.800
6/9/2014,29.500
6/10/2014,29.800
6/11/2014,29.900
6/12/2014,29.400
6/13/2014,29.200
6/16/2014,29.800
6/17/2014,29.900
6/18/2014,29.500
6/19/2014,29.700
6/20/2014,29.800
6/23/2014,30.100
6/24/2014,29.700
6/25/2014,30.000
6/26/2014,30.800
6/27/2014,31.200
6/30/2014,31.800
7/2/2014,31.900
7/3/2014,31.900
7/4/2014,31.900
7/7/2014,32.600
7/8/2014,32.100
7/9/2014,32.200
7/10/2014,32.600
7/14/2014,32.600
7/15/2014,32.400
7/16/2014,32.400
7/17/2014,33.000
7/18/2014,33.100
7/21/2014,33.500
7/22/2014,33.100
7/23/2014,33.300
7/24/2014,33.400
7/25/2014,33.400
7/28/2014,32.900
7/29/2014,33.100
7/30/2014,32.600
7/31/2014,31.900
8/1/2014,31.400
8/4/2014,32.300
8/5/2014,32.800
8/6/2014,32.500
8/7/2014,32.600
8/8/2014,32.200
8/13/2014,33.100
8/14/2014,33.200
8/15/2014,33.500
8/18/2014,33.400
8/19/2014,33.400
8/20/2014,33.600
8/21/2014,33.600
8/22/2014,33.600
8/25/2014,33.400
8/26/2014,33.300
8/27/2014,33.000
8/28/2014,32.100
8/29/2014,32.100
9/1/2014,31.900
9/2/2014,32.000
9/3/2014,32.700
9/4/2014,33.100
9/5/2014,33.100
9/8/2014,33.400
9/9/2014,34.800
9/10/2014,35.000
9/11/2014,35.600
9/12/2014,35.400
9/15/2014,35.200
9/16/2014,35.200
9/17/2014,35.000
9/18/2014,35.000
9/19/2014,35.400
9/22/2014,35.800
9/23/2014,35.900
9/24/2014,35.300
9/25/2014,35.200
9/26/2014,35.700
9/29/2014,35.300
9/30/2014,36.000
10/1/2014,36.600
10/2/2014,36.900
10/3/2014,36.400
10/6/2014,37.000
10/7/2014,36.700
10/8/2014,36.800
10/9/2014,37.500
10/10/2014,36.400
10/13/2014,35.200
10/14/2014,35.600
10/15/2014,35.100
10/16/2014,34.500
10/17/2014,35.400
10/20/2014,35.100
10/21/2014,35.300
10/22/2014,35.200
10/24/2014,35.200
10/27/2014,35.500
10/28/2014,35.500
10/29/2014,35.400
10/30/2014,35.400
10/31/2014,36.800
11/3/2014,36.200
11/4/2014,36.800
11/5/2014,36.800
11/6/2014,38.100
11/7/2014,39.100
11/10/2014,37.900
11/11/2014,38.000
11/12/2014,38.200
11/13/2014,39.300
11/14/2014,38.800
11/17/2014,38.400
11/18/2014,38.700
11/19/2014,38.600
11/20/2014,38.400
11/21/2014,38.700
11/24/2014,38.800
11/25/2014,39.700
11/26/2014,39.400
11/27/2014,39.000
11/28/2014,38.300
12/1/2014,36.400
12/2/2014,36.600
12/3/2014,36.800
12/4/2014,37.300
12/8/2014,36.700
12/9/2014,34.500
12/11/2014,33.300
12/12/2014,33.000
12/15/2014,31.400
12/16/2014,30.300
12/17/2014,31.500
12/18/2014,33.500
12/19/2014,33.000
12/22/2014,34.400
12/23/2014,33.700
12/24/2014,33.700
12/25/2014,32.800
12/26/2014,33.000
12/29/2014,32.600
12/30/2014,32.400
1/5/2015,31.500
1/6/2015,32.300
1/7/2015,33.400
1/8/2015,34.000
1/9/2015,33.800
1/12/2015,33.300
1/13/2015,32.800
1/14/2015,32.200
1/15/2015,31.900
1/16/2015,32.200
1/19/2015,33.300
1/20/2015,33.500
1/21/2015,33.000
1/22/2015,34.100
1/23/2015,34.800
1/26/2015,34.500
1/27/2015,35.000
1/28/2015,34.900
1/29/2015,35.000
1/30/2015,34.600
2/2/2015,35.500
2/3/2015,37.000
2/4/2015,37.800
2/5/2015,37.400
2/6/2015,37.700
2/9/2015,36.600
2/10/2015,36.100
2/11/2015,35.700
2/12/2015,35.900
2/13/2015,36.900
2/16/2015,36.200
2/17/2015,35.400
2/18/2015,35.600
2/19/2015,34.500
2/20/2015,34.500
2/23/2015,33.800
2/24/2015,34.100
2/25/2015,33.800
2/26/2015,34.500
2/27/2015,34.300
3/2/2015,35.000
3/3/2015,34.000
3/5/2015,33.200
3/6/2015,32.900
3/9/2015,33.200
3/10/2015,33.000
3/11/2015,33.000
3/12/2015,32.700
3/13/2015,32.400
3/16/2015,31.700
3/17/2015,31.900
3/18/2015,32.600
3/19/2015,32.700
3/20/2015,32.200
3/23/2015,32.600
3/24/2015,33.100
3/25/2015,32.500
3/26/2015,32.600
3/27/2015,32.500
3/30/2015,32.100
3/31/2015,32.300
4/1/2015,32.400
4/2/2015,32.800
4/3/2015,33.000
4/7/2015,34.100
4/8/2015,34.000
4/9/2015,33.200
4/10/2015,33.400
4/16/2015,35.500
4/17/2015,36.100
4/20/2015,35.200
4/21/2015,35.400
4/22/2015,34.600
4/23/2015,34.500
4/24/2015,35.600
4/27/2015,36.200
4/28/2015,36.200
4/29/2015,35.300
4/30/2015,35.600
5/4/2015,35.600
5/6/2015,36.200
5/7/2015,35.900
5/8/2015,35.900
5/11/2015,35.400
5/12/2015,34.500
5/13/2015,35.400
5/14/2015,35.200
5/15/2015,36.100
5/18/2015,36.000
5/19/2015,36.800
5/20/2015,36.100
5/21/2015,36.500
5/22/2015,36.100
5/25/2015,36.100
5/26/2015,36.000
5/27/2015,35.500
5/28/2015,35.000
5/29/2015,34.700
6/2/2015,34.200
6/3/2015,34.000
6/4/2015,33.700
6/5/2015,34.600
6/8/2015,34.400
6/9/2015,33.700
6/10/2015,34.400
6/11/2015,34.300
6/12/2015,33.900
6/15/2015,34.000
6/16/2015,34.600
6/17/2015,35.500
6/18/2015,35.500
6/19/2015,35.400
6/22/2015,35.600
6/23/2015,35.700
6/24/2015,36.200
6/25/2015,36.700
6/26/2015,36.400
6/29/2015,36.300
6/30/2015,35.900
7/2/2015,35.600
7/3/2015,35.400
7/6/2015,34.700
7/7/2015,34.900
7/8/2015,34.000
7/9/2015,33.800
7/10/2015,34.100
7/13/2015,33.800
7/14/2015,33.800
7/15/2015,33.800
7/16/2015,33.900
7/17/2015,33.400
7/20/2015,33.000
7/21/2015,32.200
7/22/2015,31.400
7/23/2015,31.900
7/24/2015,31.700
7/27/2015,31.400
7/28/2015,31.400
7/29/2015,31.700
7/31/2015,32.600
8/3/2015,32.700
8/4/2015,31.800
8/5/2015,31.900
8/6/2015,31.600
8/7/2015,31.500
8/10/2015,31.300
8/11/2015,30.800
8/13/2015,30.000
8/14/2015,30.200
8/17/2015,29.700
8/18/2015,28.000
8/19/2015,27.300
8/20/2015,25.800
8/21/2015,26.500
8/24/2015,24.000
8/25/2015,25.200
8/26/2015,24.900
8/27/2015,25.900
8/28/2015,26.900
8/31/2015,26.800
9/1/2015,26.400
9/2/2015,26.600
9/3/2015,26.400
9/4/2015,26.000
9/7/2015,26.000
9/8/2015,26.000
9/9/2015,26.300
9/10/2015,25.600
9/11/2015,25.100
9/14/2015,24.600
9/15/2015,24.700
9/16/2015,25.000
9/17/2015,25.500
9/18/2015,25.300
9/21/2015,25.600
9/22/2015,25.000
9/23/2015,25.200
9/24/2015,24.700
9/25/2015,25.000
9/28/2015,24.500
9/29/2015,24.300
9/30/2015,24.000
10/1/2015,24.100
10/2/2015,24.600
10/5/2015,25.300
10/6/2015,25.300
10/7/2015,26.800
10/8/2015,26.600
10/9/2015,27.200
10/12/2015,27.000
10/13/2015,26.500
10/14/2015,26.200
10/15/2015,26.500
10/16/2015,26.600
10/19/2015,26.700
10/20/2015,27.000
10/21/2015,26.900
10/22/2015,26.900
10/26/2015,28.100
10/27/2015,28.500
10/28/2015,28.300
10/29/2015,28.200
10/30/2015,27.500
11/2/2015,28.600
11/3/2015,28.700
11/4/2015,29.900
11/5/2015,29.400
11/6/2015,29.600
11/9/2015,28.600
11/10/2015,27.800
11/11/2015,27.800
11/12/2015,28.300
11/13/2015,27.600
11/16/2015,27.400
11/17/2015,27.100
11/18/2015,26.300
11/19/2015,26.900
11/20/2015,27.500
11/23/2015,27.100
11/24/2015,26.900
11/25/2015,27.000
11/26/2015,26.800
11/27/2015,26.500
11/30/2015,25.600
12/1/2015,25.300
12/2/2015,25.000
12/3/2015,25.700
12/4/2015,25.200
12/8/2015,24.100
12/9/2015,23.200
12/11/2015,22.000
12/14/2015,22.400
12/15/2015,23.400
12/16/2015,24.000
12/17/2015,24.200
12/18/2015,22.500
12/21/2015,23.200
12/22/2015,24.000
12/23/2015,24.800
12/24/2015,25.000
12/25/2015,24.800
12/28/2015,24.700
12/29/2015,23.700
12/30/2015,24.400
1/4/2016,23.800
1/5/2016,22.700
1/6/2016,22.800
1/7/2016,20.900
1/8/2016,21.500
1/11/2016,21.100
1/12/2016,21.400
1/13/2016,22.700
1/14/2016,21.900
1/15/2016,20.600
1/18/2016,19.800
1/19/2016,21.100
1/20/2016,20.000
1/21/2016,20.400
1/22/2016,21.800
1/25/2016,22.200
1/26/2016,21.900
1/27/2016,22.200
1/28/2016,23.500
1/29/2016,23.600
2/1/2016,24.000
2/2/2016,23.200
2/3/2016,23.400
2/4/2016,23.800
2/5/2016,24.200
2/8/2016,24.000
2/9/2016,24.100
2/10/2016,23.600
2/11/2016,22.800
2/12/2016,22.800
2/15/2016,23.500
2/16/2016,23.800
2/17/2016,24.300
2/18/2016,25.000
2/19/2016,25.800
2/23/2016,26.200
2/24/2016,25.800
2/25/2016,26.100
2/26/2016,26.400
2/29/2016,26.000
3/1/2016,26.800
3/2/2016,27.300
3/3/2016,27.200
3/4/2016,27.700
3/7/2016,28.600
3/8/2016,28.100
3/9/2016,28.100
3/10/2016,27.500
3/11/2016,28.100
3/14/2016,27.600
3/15/2016,27.000
3/16/2016,27.100
3/17/2016,27.800
3/18/2016,28.200
3/21/2016,28.700
3/22/2016,28.800
3/23/2016,29.100
3/24/2016,28.500
3/25/2016,28.300
3/28/2016,28.400
3/29/2016,28.400
3/30/2016,28.700
3/31/2016,28.000
4/1/2016,27.800
4/4/2016,28.000
4/5/2016,27.500
4/7/2016,27.200
4/8/2016,28.000
4/11/2016,28.400
4/12/2016,28.600
4/18/2016,28.800
4/19/2016,29.800
4/20/2016,30.300
4/21/2016,31.300
4/22/2016,31.000
4/25/2016,30.300
4/26/2016,30.200
4/27/2016,30.300
4/28/2016,30.300
4/29/2016,30.400
5/3/2016,29.700
5/4/2016,29.300
5/9/2016,29.900
5/10/2016,29.400
5/11/2016,29.200
5/12/2016,30.500
5/13/2016,30.000
5/16/2016,30.700
5/17/2016,31.200
5/18/2016,31.100
5/19/2016,30.300
5/23/2016,29.900
5/24/2016,29.500
5/25/2016,30.000
5/26/2016,30.500
5/27/2016,30.700
5/30/2016,31.000
5/31/2016,30.100
6/1/2016,29.900
6/2/2016,30.500
6/3/2016,30.600
6/6/2016,30.800
6/7/2016,30.900
6/8/2016,31.700
6/9/2016,31.900
6/10/2016,31.700
6/13/2016,31.600
6/14/2016,31.700
6/15/2016,31.900
6/16/2016,31.300
6/17/2016,31.700
6/20/2016,31.800
6/21/2016,31.900
6/22/2016,32.000
6/23/2016,32.400
6/24/2016,30.800
6/27/2016,30.900
6/28/2016,31.200
6/29/2016,31.200
6/30/2016,31.300
7/4/2016,31.400
7/5/2016,31.200
7/6/2016,31.000
7/7/2016,31.400
7/8/2016,31.200
7/11/2016,30.900
7/12/2016,31.300
7/13/2016,31.500
7/14/2016,32.400
7/15/2016,32.700
7/20/2016,33.700
7/21/2016,33.600
7/22/2016,34.200
7/25/2016,33.900
7/26/2016,32.900
7/27/2016,33.000
7/28/2016,33.400
7/29/2016,33.000
8/1/2016,32.700
8/2/2016,31.900
8/3/2016,32.100
8/4/2016,33.200
8/5/2016,33.500
8/8/2016,33.700
8/9/2016,33.800
8/10/2016,33.700
8/11/2016,33.800
8/15/2016,34.400
8/16/2016,34.400
8/17/2016,34.200
8/18/2016,34.700
8/19/2016,34.900
8/22/2016,35.000
8/23/2016,34.500
8/24/2016,34.700
8/25/2016,34.600
8/26/2016,35.100
8/29/2016,35.200
8/30/2016,35.400
8/31/2016,34.900
9/1/2016,34.500
9/2/2016,33.500
9/5/2016,33.300
9/6/2016,33.300
9/7/2016,33.300
9/8/2016,33.300
9/9/2016,32.500
9/12/2016,31.100
9/13/2016,32.300
9/14/2016,32.100
9/15/2016,31.900
9/16/2016,32.600
9/19/2016,32.900
9/20/2016,32.600
9/21/2016,33.300
9/22/2016,33.700
9/23/2016,33.300
9/26/2016,33.100
9/27/2016,33.100
9/28/2016,32.900
9/29/2016,34.200
9/30/2016,33.900
10/3/2016,34.700
10/4/2016,34.600
10/5/2016,34.700
10/6/2016,34.700
10/7/2016,34.500
10/10/2016,33.500
10/11/2016,33.700
10/12/2016,33.700
10/13/2016,33.800
10/14/2016,35.300
10/17/2016,35.200
10/18/2016,35.500
10/19/2016,35.400
10/20/2016,35.700
10/21/2016,35.200
10/25/2016,35.400
10/26/2016,34.700
10/27/2016,35.100
10/28/2016,34.900
10/31/2016,34.600
11/1/2016,34.600
11/2/2016,34.200
11/3/2016,34.000
11/4/2016,33.700
11/7/2016,34.600
11/8/2016,34.900
11/9/2016,34.500
11/10/2016,34.100
11/11/2016,33.500
11/14/2016,32.700
11/15/2016,33.700
11/16/2016,33.700
11/17/2016,34.000
11/18/2016,34.400
11/21/2016,34.100
11/22/2016,34.400
11/23/2016,35.000
11/24/2016,34.900
11/25/2016,34.800
11/28/2016,34.400
11/29/2016,34.200
11/30/2016,34.900
12/1/2016,36.400
12/2/2016,35.600
12/6/2016,36.700
12/7/2016,36.500
12/8/2016,36.200
12/9/2016,36.900
12/13/2016,36.800
12/14/2016,36.600
12/15/2016,36.200
12/16/2016,36.300
12/19/2016,36.500
12/20/2016,36.400
12/21/2016,36.300
12/22/2016,36.300
12/23/2016,36.500
12/26/2016,36.500
12/27/2016,36.500
12/28/2016,36.900
12/29/2016,37.500
12/30/2016,37.200
1/4/2017,38.000
1/5/2017,38.700
1/6/2017,38.900
1/9/2017,38.300
1/10/2017,38.800
1/11/2017,38.500
1/12/2017,38.300
1/16/2017,38.900
1/17/2017,38.700
1/18/2017,38.500
1/19/2017,38.500
1/20/2017,38.600
1/23/2017,38.900
1/24/2017,40.800
1/25/2017,41.000
1/26/2017,42.000
1/27/2017,41.800
1/30/2017,41.800
1/31/2017,40.400
2/1/2017,40.400
2/2/2017,40.400
2/3/2017,41.000
2/6/2017,41.600
2/7/2017,41.000
2/8/2017,40.800
2/9/2017,39.400
2/10/2017,39.600
2/14/2017,38.600
2/15/2017,39.700
2/16/2017,39.400
2/17/2017,39.600
2/20/2017,39.700
2/21/2017,39.700
2/22/2017,40.200
2/23/2017,39.800
2/24/2017,39.900
2/27/2017,40.000
2/28/2017,39.700
3/1/2017,39.900
3/2/2017,39.900
3/3/2017,39.600
3/6/2017,38.800
3/7/2017,38.900
3/8/2017,39.400
3/9/2017,39.000
3/10/2017,39.000
3/13/2017,39.400
3/14/2017,39.700
3/15/2017,39.500
3/16/2017,39.700
3/17/2017,39.600
3/20/2017,40.200
3/21/2017,40.600
3/22/2017,40.600
3/23/2017,40.200
3/24/2017,40.800
3/27/2017,40.400
3/28/2017,40.400
3/29/2017,39.500
3/30/2017,39.500
3/31/2017,38.700
4/3/2017,39.200
4/4/2017,39.200
4/5/2017,39.000
4/7/2017,39.200
4/10/2017,39.500
4/11/2017,39.400
4/12/2017,39.700
4/17/2017,39.300
4/18/2017,39.200
4/19/2017,39.300
4/20/2017,39.200
4/21/2017,39.000
4/24/2017,38.900
4/25/2017,39.000
4/26/2017,38.800
4/27/2017,38.800
4/28/2017,38.900
5/2/2017,38.900
5/3/2017,38.900
5/4/2017,39.000
5/8/2017,38.900
5/9/2017,38.700
5/11/2017,38.600
5/12/2017,38.100
5/15/2017,38.600
5/16/2017,39.300
5/17/2017,38.900
5/18/2017,39.200
5/19/2017,39.300
5/22/2017,39.300
5/23/2017,39.300
5/24/2017,39.500
5/25/2017,39.400
5/26/2017,39.300
5/29/2017,39.400
5/30/2017,39.200
5/31/2017,39.300
6/1/2017,39.000
6/2/2017,39.100
6/5/2017,38.300
6/6/2017,38.500
6/7/2017,38.500
6/8/2017,38.200
6/9/2017,38.300
6/12/2017,38.100
6/13/2017,38.500
6/14/2017,38.400
6/15/2017,38.000
6/16/2017,37.900
6/19/2017,38.000
6/20/2017,38.400
6/21/2017,37.700
6/22/2017,37.800
6/23/2017,38.000
6/26/2017,37.900
6/27/2017,38.000
6/28/2017,37.700
6/29/2017,37.500
6/30/2017,37.000
7/3/2017,37.300
7/4/2017,37.400
7/5/2017,37.300
7/6/2017,36.900
7/7/2017,37.400
7/11/2017,37.300
7/12/2017,37.200
7/13/2017,37.600
7/14/2017,37.400
7/17/2017,37.600
7/18/2017,38.000
7/19/2017,38.000
7/20/2017,37.800
7/21/2017,37.800
7/24/2017,37.800
7/25/2017,38.500
7/26/2017,38.800
7/27/2017,38.800
7/31/2017,38.800
8/1/2017,38.600
8/2/2017,38.100
8/3/2017,38.000
8/4/2017,38.100
8/7/2017,38.200
8/8/2017,38.200
8/9/2017,38.400
8/10/2017,38.200
8/11/2017,38.100
8/15/2017,38.400
8/16/2017,38.400
8/17/2017,38.500
8/18/2017,38.900
8/21/2017,39.300
8/22/2017,39.200
8/23/2017,39.400
8/24/2017,39.300
8/25/2017,39.400
8/28/2017,39.400
8/29/2017,40.000
8/30/2017,40.200
8/31/2017,39.900
9/1/2017,40.000
9/4/2017,39.900
9/5/2017,40.000
9/6/2017,39.800
9/7/2017,40.600
9/8/2017,40.600
9/11/2017,40.400
9/12/2017,40.600
9/13/2017,40.400
9/14/2017,41.000
9/15/2017,41.200
9/18/2017,41.600
9/19/2017,42.000
9/20/2017,41.600
9/21/2017,41.400
9/22/2017,40.600
9/25/2017,41.200
9/26/2017,41.800
9/27/2017,41.800
9/28/2017,41.400
9/29/2017,40.800
10/2/2017,41.800
10/3/2017,42.200
10/4/2017,42.400
10/5/2017,41.800
10/6/2017,42.000
10/9/2017,41.800
10/10/2017,42.800
10/11/2017,43.000
10/12/2017,42.400
10/16/2017,42.800
10/17/2017,43.000
10/18/2017,42.200
10/19/2017,41.600
10/20/2017,41.000
10/24/2017,41.000
10/25/2017,41.000
10/27/2017,41.600
10/30/2017,42.000
10/31/2017,42.000
11/1/2017,42.000
11/2/2017,41.600
11/3/2017,41.600
11/6/2017,42.200
11/7/2017,42.400
11/8/2017,42.000
11/9/2017,41.600
11/10/2017,41.400
11/13/2017,41.400
11/14/2017,41.800
11/15/2017,41.200
11/16/2017,41.000
11/17/2017,41.800
11/20/2017,41.600
11/21/2017,41.400
11/22/2017,41.400
11/23/2017,41.200
11/24/2017,41.400
11/27/2017,41.600
11/28/2017,41.400
11/29/2017,41.200
11/30/2017,41.200
12/1/2017,42.000
12/4/2017,42.000
12/6/2017,42.200
12/7/2017,42.000
12/8/2017,42.200
12/12/2017,42.800
12/13/2017,42.600
12/14/2017,43.000
12/15/2017,43.200
12/18/2017,43.600
12/19/2017,43.800
12/20/2017,44.000
12/21/2017,43.800
12/22/2017,44.600
12/25/2017,44.800
12/26/2017,44.000
12/27/2017,44.000
12/28/2017,43.800
12/29/2017,44.000
1/3/2018,45.000
1/4/2018,47.200
1/5/2018,46.800
1/8/2018,46.600
1/9/2018,46.600
1/10/2018,47.000
1/11/2018,47.200
1/12/2018,47.000
1/15/2018,48.400
1/16/2018,48.200
1/17/2018,48.400
1/18/2018,48.000
1/19/2018,47.800
1/22/2018,48.400
1/23/2018,48.800
1/24/2018,49.200
1/25/2018,48.600
1/26/2018,49.000
1/29/2018,49.800
1/30/2018,49.000
1/31/2018,49.200
2/1/2018,49.800
2/2/2018,50.200
2/5/2018,50.000
2/6/2018,48.400
2/7/2018,48.400
2/8/2018,48.000
2/9/2018,48.000
2/12/2018,48.800
2/13/2018,48.800
2/14/2018,48.000
2/15/2018,48.600
2/16/2018,48.600
2/19/2018,48.800
2/20/2018,49.000
2/21/2018,52.200
2/22/2018,54.000
2/23/2018,53.800
2/26/2018,56.600
2/27/2018,57.400
2/28/2018,56.800
3/2/2018,55.600
3/5/2018,56.200
3/6/2018,55.200
3/7/2018,54.000
3/8/2018,53.200
3/9/2018,53.400
3/12/2018,55.800
3/13/2018,56.600
3/14/2018,56.000
3/15/2018,55.800
3/16/2018,54.800
3/19/2018,53.600
3/20/2018,54.200
3/21/2018,54.200
3/22/2018,54.400
3/23/2018,55.000
3/26/2018,56.000
3/27/2018,56.000
3/28/2018,56.000
3/29/2018,54.800
3/30/2018,55.200
4/2/2018,55.200
4/3/2018,54.600
4/4/2018,53.200
4/5/2018,54.200
4/9/2018,55.000
4/10/2018,55.200
4/11/2018,54.600
4/12/2018,55.000
4/17/2018,54.600
4/18/2018,55.000
4/19/2018,58.000
4/20/2018,58.800
4/23/2018,57.200
4/24/2018,58.000
4/25/2018,57.500
4/26/2018,56.500
4/27/2018,56.500
4/30/2018,56.500
5/2/2018,57.000
5/3/2018,57.500
5/4/2018,56.750
5/7/2018,56.750
5/8/2018,55.500
5/9/2018,56.250
5/10/2018,56.000
5/11/2018,56.750
5/14/2018,57.000
5/15/2018,56.500
5/16/2018,56.500
5/17/2018,57.250
5/18/2018,57.000
5/21/2018,57.000
5/22/2018,55.250
5/23/2018,53.500
5/24/2018,50.750
5/25/2018,52.000
5/28/2018,50.250
5/30/2018,51.500
5/31/2018,52.250
6/1/2018,51.500
6/4/2018,51.750
6/5/2018,52.000
6/6/2018,52.500
6/7/2018,52.250
6/8/2018,51.000
6/11/2018,50.750
6/12/2018,51.500
6/13/2018,51.000
6/14/2018,51.000
6/15/2018,50.000
6/18/2018,49.000
6/19/2018,47.750
6/20/2018,48.750
6/21/2018,47.500
6/22/2018,48.000
6/25/2018,48.000
6/26/2018,48.000
6/27/2018,48.000
6/28/2018,47.500
6/29/2018,48.000
7/2/2018,47.750
7/3/2018,47.500
7/4/2018,47.750
7/5/2018,46.250
7/6/2018,46.250
7/9/2018,47.000
7/10/2018,48.750
7/11/2018,48.500
7/12/2018,48.000
7/13/2018,47.500
7/16/2018,47.500
7/17/2018,47.750
7/18/2018,49.500
7/19/2018,49.500
7/20/2018,51.500
7/23/2018,51.000
7/24/2018,50.250
7/25/2018,51.000
7/26/2018,51.750
7/31/2018,51.250
8/1/2018,52.500
8/2/2018,52.000
8/3/2018,51.750
8/6/2018,51.500
8/7/2018,52.250
8/8/2018,53.000
8/9/2018,52.500
8/10/2018,51.750
8/14/2018,51.750
8/15/2018,51.000
8/16/2018,50.500
8/17/2018,51.500
8/20/2018,52.250
8/21/2018,51.750
8/22/2018,51.750
8/23/2018,52.000
8/24/2018,51.750
8/27/2018,52.000
8/28/2018,52.500
8/29/2018,52.500
8/30/2018,52.000
8/31/2018,52.500
9/3/2018,52.750
9/4/2018,52.250
9/5/2018,50.500
9/6/2018,50.500
9/7/2018,50.000
9/10/2018,50.250
9/11/2018,48.750
9/12/2018,49.500
9/13/2018,52.000
9/14/2018,51.750
9/17/2018,51.000
9/18/2018,52.000
9/19/2018,52.500
9/20/2018,53.500
9/21/2018,53.750
9/24/2018,54.000
9/25/2018,54.000
9/26/2018,54.250
9/27/2018,54.000
9/28/2018,54.250
10/1/2018,54.750
10/2/2018,54.500
10/3/2018,53.500
10/4/2018,53.000
10/5/2018,52.500
10/8/2018,51.750
10/9/2018,52.250
10/10/2018,54.000
10/11/2018,51.000
10/12/2018,51.500
10/16/2018,51.000
10/17/2018,51.000
10/18/2018,51.000
10/19/2018,50.500
10/22/2018,50.250
10/24/2018,48.500
10/25/2018,49.500
10/26/2018,48.250
10/29/2018,48.750
10/30/2018,49.250
10/31/2018,51.000
11/1/2018,49.500
11/2/2018,49.750
11/5/2018,49.250
11/6/2018,49.750
11/7/2018,50.250
11/8/2018,50.750
11/9/2018,49.750
11/12/2018,49.750
11/13/2018,50.000
11/14/2018,49.000
11/15/2018,48.750
11/16/2018,48.750
11/19/2018,48.750
11/20/2018,48.500
11/21/2018,48.250
11/22/2018,48.000
11/23/2018,48.750
11/26/2018,48.500
11/27/2018,48.750
11/28/2018,49.000
11/29/2018,49.250
11/30/2018,49.250
12/3/2018,51.750
12/4/2018,51.500
12/6/2018,50.250
12/7/2018,49.500
12/11/2018,49.250
12/12/2018,49.000
12/13/2018,47.500
12/14/2018,47.750
12/17/2018,48.000
12/18/2018,48.000
12/19/2018,47.000
12/20/2018,46.750
12/21/2018,47.500
12/24/2018,47.500
12/25/2018,45.250
12/26/2018,45.500
12/27/2018,45.500
12/28/2018,46.000
1/2/2019,46.250
1/3/2019,45.500
1/4/2019,46.750
1/7/2019,48.000
1/8/2019,48.000
1/9/2019,48.250
1/10/2019,48.750
1/11/2019,49.250
1/14/2019,48.000
1/15/2019,47.750
1/16/2019,47.500
1/17/2019,47.250
1/18/2019,48.250
1/21/2019,48.750
1/22/2019,49.500
1/23/2019,49.500
1/24/2019,49.000
1/25/2019,48.750
1/28/2019,48.750
1/29/2019,48.250
1/30/2019,48.250
1/31/2019,48.500
2/1/2019,49.500
2/4/2019,49.250
2/5/2019,49.250
2/6/2019,48.750
2/7/2019,49.000
2/8/2019,48.500
2/11/2019,48.250
2/12/2019,48.500
2/13/2019,49.000
2/14/2019,48.250
2/15/2019,48.250
2/18/2019,48.500
2/20/2019,49.000
2/21/2019,48.750
2/22/2019,49.250
2/25/2019,49.750
2/26/2019,49.000
2/27/2019,49.250
2/28/2019,48.500
3/1/2019,48.750
3/4/2019,48.750
3/5/2019,48.750
3/6/2019,47.500
3/7/2019,47.750
3/8/2019,47.500
3/11/2019,47.250
3/12/2019,47.250
3/13/2019,47.750
3/14/2019,48.000
3/15/2019,48.250
3/18/2019,47.750
3/19/2019,48.500
3/20/2019,48.250
3/21/2019,48.250
3/22/2019,48.750
3/25/2019,47.750
3/26/2019,48.000
3/27/2019,47.500
3/28/2019,47.500
3/29/2019,48.000
4/1/2019,48.000
4/2/2019,48.000
4/3/2019,48.250
4/4/2019,48.000
4/5/2019,47.750
4/9/2019,48.000
4/10/2019,48.250
4/11/2019,48.250
4/12/2019,48.000
4/17/2019,48.500
4/18/2019,48.750
4/19/2019,48.500
4/22/2019,49.250
4/23/2019,49.500
4/24/2019,49.500
4/25/2019,49.500
4/26/2019,49.250
4/29/2019,48.750
4/30/2019,48.750
5/2/2019,49.000
5/3/2019,49.250
5/7/2019,48.750
5/8/2019,48.000
5/9/2019,47.500
5/10/2019,47.750
5/13/2019,47.500
5/14/2019,47.250
5/15/2019,47.250
5/16/2019,47.000
5/17/2019,46.500
5/21/2019,46.250
5/22/2019,46.500
5/23/2019,45.750
5/24/2019,45.750
5/27/2019,46.250
5/28/2019,47.250
5/29/2019,46.500
5/30/2019,46.250
5/31/2019,46.250
6/4/2019,46.500
6/5/2019,47.000
6/6/2019,47.000
6/7/2019,47.000
6/10/2019,47.250
6/11/2019,47.500
6/12/2019,47.000
6/13/2019,47.000
6/14/2019,46.500
6/17/2019,46.500
6/18/2019,47.500
6/19/2019,48.000
6/20/2019,48.750
6/21/2019,49.000
6/24/2019,49.000
6/25/2019,48.750
6/26/2019,48.500
6/27/2019,48.750
6/28/2019,48.750
7/1/2019,49.500
7/2/2019,48.500
7/3/2019,48.250
7/4/2019,48.250
7/5/2019,48.250
7/8/2019,48.250
7/9/2019,47.750
7/10/2019,48.250
7/11/2019,48.250
7/12/2019,47.750
7/15/2019,47.750
7/17/2019,48.000
7/18/2019,47.750
7/19/2019,47.750
7/22/2019,47.750
7/23/2019,47.750
7/24/2019,47.750
7/25/2019,47.750
7/26/2019,47.250
7/30/2019,47.250
7/31/2019,47.250
8/1/2019,47.250
8/2/2019,46.000
8/5/2019,45.750
8/6/2019,45.500
8/7/2019,45.000
8/8/2019,44.250
8/9/2019,44.250
8/13/2019,43.000
8/14/2019,43.250
8/15/2019,42.250
8/16/2019,42.750
8/19/2019,43.250
8/20/2019,42.750
8/21/2019,43.000
8/22/2019,42.250
8/23/2019,42.500
8/26/2019,41.000
8/27/2019,40.750
8/28/2019,41.000
8/29/2019,43.250
8/30/2019,44.250
9/2/2019,43.500
9/3/2019,42.750
9/4/2019,43.500
9/5/2019,44.250
9/6/2019,44.500
9/9/2019,45.000
9/10/2019,45.500
9/11/2019,45.750
9/12/2019,45.500
9/13/2019,45.500
9/16/2019,47.000
9/17/2019,47.250
9/18/2019,45.750
9/19/2019,45.250
9/20/2019,45.500
9/23/2019,45.750
9/24/2019,46.250
9/25/2019,46.000
9/26/2019,46.000
9/27/2019,46.000
9/30/2019,46.250
10/1/2019,45.750
10/2/2019,45.750
10/3/2019,45.500
10/4/2019,45.750
10/7/2019,46.000
10/8/2019,45.750
10/9/2019,45.750
10/10/2019,44.500
10/11/2019,45.250
10/15/2019,45.000
10/16/2019,45.000
10/17/2019,44.250
10/18/2019,44.500
10/21/2019,44.250
10/22/2019,44.750
10/24/2019,44.750
10/25/2019,44.500
10/28/2019,44.500
10/29/2019,44.500
10/30/2019,45.500
10/31/2019,45.250
11/1/2019,45.250
11/4/2019,45.500
11/5/2019,45.750
11/6/2019,45.500
11/7/2019,46.000
11/8/2019,45.500
11/11/2019,45.250
11/12/2019,45.250
11/13/2019,45.250
11/14/2019,44.750
11/15/2019,44.750
11/18/2019,44.500
11/19/2019,43.750
11/20/2019,43.000
11/21/2019,43.250
11/22/2019,43.250
11/25/2019,43.500
11/26/2019,43.250
11/27/2019,43.500
11/28/2019,43.500
11/29/2019,43.250
12/2/2019,42.500
12/3/2019,41.750
12/4/2019,42.250
12/6/2019,42.000
12/9/2019,42.250
12/11/2019,42.000
12/12/2019,42.750
12/13/2019,44.000
12/16/2019,43.500
12/17/2019,43.750
12/18/2019,44.750
12/19/2019,44.250
12/20/2019,44.500
12/23/2019,44.750
12/24/2019,44.250
12/25/2019,44.250
12/26/2019,44.500
12/27/2019,44.250
12/30/2019,44.000
