"","xx","yy","zz"
"T+1",-3.1209994322036,-0.0604756465522126,-0.387718024467501
"T+2",-12.4647306263949,1.90005995422232,0.371252023895846
"T+3",-5.07791141522284,2.07070531028533,0.910450079350646
"T+4",-1.12714935546401,2.68354494699413,-1.64864425755467
"T+5",-4.23632787315433,1.19703533373596,-2.79728488170151
"T+6",-6.22535822069151,1.72282106654418,-1.28669505364502
"T+7",-4.21441794982908,1.72073768108147,-1.27894204325704
"T+8",-0.535121023307532,0.764992629025843,0.0380142881279004
"T+9",15.4286716787324,1.5447496049857,-2.09016722686834
"T+10",10.9868687777624,1.65563045699317,-2.05806590338269
"T+11",10.0824055778322,-0.0263021571064322,-2.38513010800205
"T+12",5.80576614449919,-1.25995499068236,-2.18253322712979
"T+13",1.6150650250691,-1.66176772946584,-2.25780376846341
"T+14",-1.53005483077499,-0.502791496670589,0.0996267233973641
"T+15",2.94457339126382,-0.96020296766215,1.15583123346049
"T+16",8.71062261535001,0.601071514151455,0.904476112157803
"T+17",2.64386551640215,2.08721855459838,1.25792595515143
"T+18",-1.50983836218088,3.16001185640178,0.488748958827573
"T+19",-2.99910279901504,3.41255064066711,-1.22851616047174
"T+20",-0.518928356511871,2.21426793658554,-2.77526840255946
"T+21",-0.939332904070328,0.522700055921525,-2.90152070540345
"T+22",-1.680910980527,-1.26996252404423,-0.0226771646494264
"T+23",-0.389805642866808,0.8121850820792,-0.0853460257766199
"T+24",21.1683699495629,0.640040914423378,-1.01479183988991
"T+25",16.3164052369214,1.42355620646571,-0.672955862348761
"T+26",5.58324223632782,1.54792109981612,-0.999492349209196
"T+27",1.87747988496358,1.24082660781721,0.0189955081701054
"T+28",6.92325717157476,1.14850629226381,0.767973911840455
"T+29",0.666610802670061,-0.0144062260934164,-0.0972060580155471
"T+30",-0.89208060344148,0.584608068174558,0.201751484832667
"T+31",-1.70113058717681,1.34939057593187,-0.556722480555072
"T+32",1.24567366912263,0.944349275316369,-2.02467773088843
"T+33",0.662895500498146,-0.518150053020649,-1.51650300125673
"T+34",-2.02394553709909,0.130553841137954,-0.314150730810191
"T+35",2.9730350812865,1.41940993743325,2.00998410223412
"T+36",2.21234430563789,1.60555102081697,-2.05482898058219
"T+37",1.77417354461885,2.01317554485948,-2.20500285246304
"T+38",2.67193816412413,0.559713409195366,-1.33715905019692
"T+39",-1.99481185289616,0.205878664326673,-2.19835861139506
"T+40",-4.87940840860271,0.165910961359304,-1.28022150930493
"T+41",0.0548305203997237,0.23783540605992,-0.353802901390101
"T+42",5.51838847644768,0.189683882032504,0.20767888684313
"T+43",-3.52346688540587,0.474595821656941,0.259351355561974
"T+44",-14.4183818433654,2.0068614949778,0.636566154734754
"T+45",-3.03985317724267,1.76984130737366,0.312965476346049
"T+46",-0.411864643704916,2.82628241402749,0.0927505988874404
"T+47",6.79830924783371,2.74495460459692,-1.89413060777844
"T+48",9.03448735848622,3.21388148941432,-2.48395802283467
"T+49",6.45904429163926,4.1918626287562,-0.730702501393298
"T+50",2.5658145168469,2.97939273061087,-3.5111358067612
"T+51",0.361174012885482,0.821827605699948,-3.21333479742603
"T+52",1.59890438044419,-0.135412993700217,-2.42312327482954
"T+53",1.59070311588949,-1.27334464530403,-1.47229442259001
"T+54",-7.67026771981785,-1.6179340479469,-1.92606142847883
"T+55",-0.862958641335926,-1.59059878239424,0.608535245000013
"T+56",0.253785113365545,-1.00620553678436,1.50692392494795
"T+57",-0.36246054438771,-1.37014940655383,0.718197181357771
"T+58",6.07751304772171,0.275761773763114,1.48727745294818
"T+59",8.15785115925571,1.24489267166758,0.0262661199313475
"T+60",-2.33428155227988,0.529600360113126,-1.84118118033594
"T+61",1.54132772768801,0.436012495078531,-2.05392996791278
"T+62",2.92307518753172,-0.301527687519529,-1.63643484592057
"T+63",2.1945448432687,1.64186217019237,-0.736215546218078
"T+64",-3.93237911210588,1.66382542755409,-1.04405297594517
"T+65",0.823508436204745,0.389605272374183,-1.71051977071999
"T+66",2.49865362553887,1.70411861786928,-0.18598984818918
"T+67",2.10964436515618,1.67831900004468,-1.3357206472746
"T+68",2.52708407403978,-0.779140115691618,-1.0437670722242
"T+69",2.32199214107945,-1.81916827357622,0.135359438073041
"T+70",1.69561123773901,1.17629360913604,0.172608637681046
"T+71",-3.96461174296304,2.07697245307426,-0.541427648769205
"T+72",-3.25768164768277,0.21930826337573,-3.22574415072602
"T+73",-3.35959855134221,-1.91574363442939,-2.70943960290944
"T+74",-3.46864704761716,-3.1156080099693,-0.179143882684912
"T+75",-2.27510548442327,0.365440168741686,0.870515921291627
"T+76",1.1815676284187,1.80470174198185,1.22247907175383
"T+77",45.4492806313307,2.46223751986356,-1.15338053785627
"T+78",46.6595594769397,1.75809949591695,-2.11112491296245
"T+79",13.5714071539045,1.66032170647361,-2.12099927404797
"T+80",-3.21758711912346,2.00289879900276,-1.95489583857944
"T+81",1.50884097326773,2.36827187330743,-2.66393495500135
"T+82",5.25746631978786,0.0984545800566838,0.197605059717564
"T+83",7.38852740969989,0.211342135794516,0.20900895389716
"T+84",3.15720367013521,1.34721185525916,-0.271692992488113
"T+85",-5.82493105918932,1.87840244524859,-0.302424083974643
"T+86",4.79486833789642,1.50877397883992,-1.09274183264489
"T+87",9.86700962015971,1.19425198165601,0.71943562293793
"T+88",4.30005091821822,0.810470977767761,-1.50532281201005
"T+89",0.743373373236285,0.653521240005496,-0.85038061695846
"T+90",-0.251625086343642,1.13887416182649,-1.05824654425257
"T+91",0.261427575675779,-0.0835881839684169,-0.212556335110355
"T+92",-1.1232348351577,0.0280709827354468,-0.99502584097269
"T+93",-2.65360965328842,-0.0151376333180907,-0.770526097729927
"T+94",3.32773752365493,1.368166117072,0.0361160795570019
"T+95",2.72718877430084,2.22260489100202,-0.916103111337304
"T+96",3.87718839097595,1.99543779988182,-1.81475102741408
"T+97",3.68421021029538,1.44696467986662,-2.73084156188297
"T+98",5.003910974588,-0.617178725986227,-0.57692343956748
"T+99",9.25663461627597,0.495606683611815,-0.993296513153294
"T+100",3.86157079675346,-0.0622301920981388,-2.05867729858313
"T+101",0.238611210374414,2.03764602484008,0.913381738090839
"T+102",-2.41864106220147,1.93522168211896,-0.123501553305239
"T+103",0.64760087652099,1.40326476357284,-1.60797418441464
"T+104",3.04166827121546,0.211290241326352,-2.30942904661786
"T+105",5.05472698417652,1.60598192227978,-0.816626950269161
"T+106",2.57581032112452,1.49844449694268,-0.943067873359088
"T+107",6.50505061062431,2.49846666433749,-1.34330694037692
"T+108",8.44132450516846,0.853427432531129,-0.620125953961288
"T+109",4.48188549418442,0.470198199678118,-1.55888663225401
"T+110",5.70523576758772,-0.874800368784812,-2.61096504182668
"T+111",0.952733920837435,-1.46962324999536,-0.450753483395495
"T+112",-4.16427708711379,0.445885818914318,1.5173855941687
"T+113",-7.00622810430724,0.90367845439538,0.483650506051994
"T+114",-8.92829956152207,0.573073606212294,-1.10557543356936
"T+115",-5.24163501009087,1.45412939325472,-1.54274294359579
"T+116",-6.19446548815948,3.01036165769203,-0.998007380117603
"T+117",-2.10875028461152,2.52238977297836,-2.64433339979961
"T+118",0.336904889381867,0.897984131381697,-4.01203151082246
"T+119",0.875752030004596,-0.257945949652278,-2.1102016968525
"T+120",2.83084159207699,0.0106816703490347,-1.57437486269091
"T+121",3.17835951929801,-0.753457260416951,-1.50818190210478
"T+122",-2.86436423681163,1.01618601692305,-1.01346262755649
"T+123",-0.235414516874964,0.728239829198991,0.746197716424652
"T+124",-0.0192789724780532,1.13265231003788,-1.31851887704345
"T+125",4.14418466192086,0.232531518639419,-0.961917119526477
"T+126",5.71840670234007,-0.0014059444801231,-1.24590107012362
"T+127",3.53402124699313,-0.218671716301631,-0.639094433757385
"T+128",-0.8828811233537,1.75371023960747,0.184855540268701
"T+129",-1.42669089011596,2.86385332595736,0.141513576550225
"T+130",-2.49210244256082,2.43351150562908,-2.8575571558433
"T+131",-7.64720652739672,0.825073589634842,-3.26917615486662
"T+132",-11.6033562554591,0.143953099045931,-0.792668054165416
"T+133",-12.176368657406,2.65604572691362,1.69591135507862
"T+134",-10.1742001896201,2.73485445103418,-2.19563281620142
"T+135",-5.92996711996868,1.36692840679175,-2.49677932570016
"T+136",-5.97926215292895,1.55282909111162,-0.760156803428366
"T+137",0.500320398351959,2.04324275216609,-2.2822070174503
"T+138",-0.448893797488006,2.09525086691452,-2.33382040554375
"T+139",-2.60767831117176,1.4413321853383,-2.09097753576295
"T+140",-3.65490542456361,1.30980603397843,-1.61416639764733
"T+141",-0.203907631727189,-0.734860793094962,-1.2596563726058
"T+142",-2.73658426999434,-0.00627289859853669,-0.400005318523536
"T+143",-2.56848973784385,0.493751886470644,-0.0335581383266944
"T+144",0.903846348990279,1.05657834759244,1.36791830939025
"T+145",3.45625653136711,1.43092995719831,0.250279025307623
"T+146",5.15496060294103,2.7451185507002,0.765814299564461
"T+147",4.01832636977634,3.79659038573983,-1.19694255622835
"T+148",-1.49755391198856,4.80101323344221,-1.83239307634729
"T+149",-0.874460004506489,5.17784318521222,-4.04532663098683
"T+150",3.46744574657036,2.93187582670674,-3.41294732452348
"T+151",2.47014556942209,0.813186694114878,-4.10500374503892
"T+152",1.77217171302327,-1.10080914123816,-3.74469050783209
"T+153",2.62734486616012,-1.83113308439674,-1.13716374747267
"T+154",6.5374601054867,-3.13715278124024,-0.0550620355870022
"T+155",1.12265394453212,-0.475850511127696,3.85576961853979
"T+156",-3.91039194501736,2.62481151997314,3.27807997632193
"T+157",-1.73864925869424,1.59406165776345,-0.765185720242825
"T+158",0.526935135266243,1.03424098777895,-0.614118596004276
"T+159",-3.8808782985818,0.934061778640206,-2.056555459209
"T+160",-3.02425878317039,2.22131231537956,-0.120566025422169
"T+161",-1.79377870841432,2.25617908563007,0.0622914663197538
"T+162",1.90023621723936,0.759238512602,-0.868193708671938
"T+163",16.6515565275629,0.248096469906397,-0.318338166444314
"T+164",8.24228521701022,0.517344124341109,0.302342132544145
"T+165",1.24351035161567,2.28836114186141,0.300108591554495
"T+166",5.30905288364237,3.20944401372143,-1.82255249849361
"T+167",-0.379403602457553,1.4782406196209,-1.28323825785821
"T+168",-1.63012203104251,1.5271849294011,-3.22521884528656
"T+169",2.31053551308472,-0.762573655087574,-2.97694600463931
"T+170",1.47130881107484,-0.0611059556186073,-0.94464278507026
"T+171",-6.3745703691028,0.79802046756655,0.660320651121844
"T+172",-11.5483512425111,2.92776535149608,0.485903098242832
"T+173",-11.28588748388,2.6432247693392,-2.90900754475542
"T+174",-0.571494546905767,1.57688266919864,-3.29182806638009
"T+175",1.24448618572961,-0.357740134279069,-2.89817784900602
"T+176",0.237890990156132,0.395071724046504,-2.86669680746479
"T+177",-3.33994101908781,-0.510738122612313,-1.64780317476095
"T+178",-1.37233469156996,-1.24506520831186,-0.517971690772324
"T+179",0.524004545482033,-0.115507232434266,0.455461247556863
"T+180",9.1026522407419,-1.91011488219695,1.99872951201268
"T+181",5.83179640467311,-0.442760821402265,2.51403121887018
"T+182",2.0782129132919,1.21804328171602,2.53800193478312
"T+183",4.28331237348929,2.93169032401024,0.705147230221327
"T+184",4.84709010105851,3.14189516808207,-1.90168376060676
"T+185",1.8427130815731,2.98574450037474,-2.70451510589255
"T+186",3.5027440484266,4.19543997228276,-3.6950980620503
"T+187",2.31942970669831,1.86429131901683,-3.29710298291016
"T+188",0.257298269364479,1.3260055753174,-2.98998645803133
"T+189",-0.115921453560847,-0.465572776894743,-2.31920920096074
"T+190",-8.93231875220947,-0.535971117281457,-2.63892988977049
"T+191",-6.16181003334026,-0.632307681894317,-0.859645910667407
"T+192",-1.09553349921683,-0.0257827535444024,-1.06767331039366
"T+193",-3.55385703153953,0.637783357703449,0.936966800614306
"T+194",4.49180939077924,1.68377479375652,-0.796819716157819
"T+195",12.4388502628856,1.00395097109031,-1.04082908542026
"T+196",5.08133654925878,0.243471322818872,-3.27476713941544
"T+197",4.83276724291518,0.572250604176788,-2.28511519553502
"T+198",7.90113225249765,-0.358519406505038,-0.166121235122145
"T+199",6.50020598550522,-0.574944884695575,0.670732076871125
"T+200",2.18522588753138,-0.96192467504434,-0.0935782797191176
"T+201",-2.23958607012693,-0.274976775583252,-0.702716014628478
"T+202",-3.63252967367823,-0.538046812205729,-0.431807186963347
"T+203",-0.784592451898121,0.664521044100916,-1.32019244829508
"T+204",-5.88826231435892,0.219352757170849,-0.375717264028663
"T+205",-5.95065011629196,0.00202259083340312,-0.242355084343825
"T+206",-3.7053204367709,0.920937858344666,0.280978054067717
"T+207",-1.01227070735161,1.88220759653296,-0.241059200356765
"T+208",-0.637393936899426,1.33155104387392,-3.70713975304706
"T+209",0.636534523060002,0.227002786318157,-2.13676226437675
"T+210",5.8011325225389,0.553272111977833,-1.55096466010289
"T+211",5.87603203537945,2.20150399012876,-0.245036030980785
"T+212",3.52718865388365,2.09385784225479,0.0282899025783991
"T+213",9.0054222218837,1.25572123903261,-1.67791950350792
"T+214",15.6467103076392,3.27308149632022,-0.736968059285421
"T+215",3.39722803525845,4.20363505104683,-2.88720213146306
"T+216",1.34829693790054,2.38586709425096,-3.24158023543541
"T+217",4.76240670772131,1.49767144055085,-3.68302795159514
"T+218",-1.42835253604234,0.462720897532423,-3.61236571110515
"T+219",-2.81712407955864,0.452898240185433,-0.788922823806842
"T+220",-0.336627460895001,-1.64463577549966,-0.109630406319622
"T+221",4.37015147387389,-1.92517866155414,0.829011568829733
"T+222",7.54655473172202,0.0609810457036295,1.38438316364427
"T+223",5.83737917320622,0.312887724226029,0.625873074893457
"T+224",2.15240475686311,1.34560203014071,1.13075547221925
"T+225",-2.79624640723222,-0.271188921137679,-2.28413070631879
"T+226",-0.135325616965352,1.05533088449617,0.421070096359429
"T+227",0.0642491978109671,1.80034159696283,0.495693009154101
"T+228",-0.824464729843657,2.82612193826122,-2.91553038801256
"T+229",0.792978384026447,2.7139033370179,-3.00039171470703
"T+230",2.84629353575084,1.73023165213162,-3.06952507353997
"T+231",-1.86319793219581,1.66226958850889,-2.4707104062847
"T+232",-2.33182495330058,1.44087935595906,-2.28362858415878
"T+233",-3.3321790012498,-0.269260235177797,-1.03581367275388
"T+234",-2.00650168453277,0.741673744823653,1.48383462804854
"T+235",2.42215403192226,1.52947594237042,1.46381084233344
"T+236",2.12415729682429,3.98519546637841,0.291276342153805
"T+237",-0.383178840387936,2.05406861635581,-2.47217173875249
"T+238",-0.80345527889881,0.982155269837935,-2.18263857020763
"T+239",2.88563841376776,2.24502209514355,-1.37982687119056
"T+240",9.99107564239509,2.03057206104823,-1.91771984146739
"T+241",3.35678960784555,1.36653519881858,-1.66841882197626
"T+242",0.567689815565179,2.28426368861711,-1.00328224544557
"T+243",2.64240548024142,2.51084222842942,-0.686935156194725
"T+244",2.84524674311692,2.96628228389781,-1.8723941914644
"T+245",2.03659092736949,3.64156055548382,-2.29468344107923
"T+246",0.834665704532622,2.25490318886515,-1.66047865744395
"T+247",-0.609591268653079,2.874372541118,-2.60925172762982
"T+248",-1.25166782401198,0.856214260076194,-4.29925828785623
"T+249",-3.15995533613794,-0.0085803116837008,-2.36593395027724
"T+250",-0.116940365833109,0.148328284093299,-0.542717524132396
"T+251",5.03880145045901,-0.160878304359426,-1.4740187983502
"T+252",3.57434442331604,0.971964603518245,0.367932089050529
"T+253",1.12468772361234,-0.218411688150771,-0.845531101712495
"T+254",-2.20343833010487,-0.802495334975787,-2.5577146761739
"T+255",0.956817960122695,-0.678941006147077,-0.908136785915622
"T+256",-2.2636991138897,-0.345069007590721,0.0623877129719141
"T+257",-4.10927166088269,1.15963317297466,0.664595428840493
"T+258",-6.89795634377085,0.894686006860879,-1.1334034365087
"T+259",0.60543250006038,0.654456380808825,-0.757848202994329
"T+260",4.64397098874859,-0.308915347034163,-1.19387585286975
"T+261",-0.120937288806907,0.892863761383074,-0.255592698629001
"T+262",-4.26521580971448,0.349906155785061,-1.04698934388708
"T+263",1.65219198444957,1.5454860512454,0.16065531087735
"T+264",5.28327503103094,2.86671262921659,-0.188721731379834
"T+265",3.99728028560423,2.86035741752809,-1.93736859234224
"T+266",1.40449421346109,2.52641028349732,-2.70026321914268
"T+267",-3.89589658246662,0.0378427280095787,-2.91740889525702
"T+268",-7.75207295927731,1.59711845876103,-0.129846860818164
"T+269",-6.2838693557305,2.74428225283353,-0.171580100894338
"T+270",-4.48359722958214,1.76096636839895,-1.83342381017659
"T+271",-3.77447614379204,0.909401208014362,-2.32628061496097
"T+272",-3.8729784853278,1.14286394505148,-2.54880270956101
"T+273",-3.08875986495235,1.40173008078051,-0.761574555059615
"T+274",-1.58999123084863,0.0541163309597212,-0.831202539850923
"T+275",-0.500194176767161,2.71874732206104,-0.245141131562506
"T+276",-0.819488670196534,3.17448502738205,-1.97464595834638
"T+277",4.32178640372323,3.24045714986632,-2.00303447358242
"T+278",0.919426728677856,3.81932505445486,-3.51794056590862
"T+279",0.762324407270406,2.06684748222045,-4.18667675773909
"T+280",-0.4550308641044,0.493525341156293,-3.78652142372963
"T+281",8.73478481897106,-1.12433226884448,-1.83811049671973
"T+282",9.18145541158544,-1.92604645128398,0.732511953566147
"T+283",8.19254067409449,-1.8146855151427,1.06984059179286
"T+284",3.39325637230037,0.0836616037644506,2.16186968033284
"T+285",3.97028185214633,0.905377362868587,1.02442010905891
"T+286",25.0702718531866,2.40235433853536,-1.04147931518882
"T+287",18.3522727137184,1.08746453088602,-1.65079441247039
"T+288",6.15885512453446,0.32120486954211,-0.195663549232581
"T+289",3.90017893852751,1.33939820726454,0.0123846437864921
"T+290",0.783828236287379,-0.0664631793155559,-1.09093594889551
"T+291",-2.34921327249122,-0.190220878386535,-0.704793496624722
"T+292",-1.67096632272837,-1.02615189091368,-0.136064621124545
"T+293",-3.69636719856825,-1.29808215028397,-0.0824453135176754
"T+294",-3.87192885371697,-0.0519652698027293,-0.0251802588501221
"T+295",0.968999179583774,1.03906163916312,-1.0675809540284
"T+296",-0.748393431105171,-1.90270581775488,-1.45270250646922
"T+297",-1.32481116777658,-0.427164997408181,0.204484448621675
"T+298",-2.21524823633464,0.766456090992384,-0.635611487450558
"T+299",-1.26479419054359,0.718687210633839,-2.59126886044568
"T+300",1.99849131375451,1.4068812807485,0.473618113858982
"T+301",1.08511405004651,2.70091459096364,-0.170515248662065
"T+302",3.30918019080012,2.30615529680001,-2.89195036021847
"T+303",3.98571022602826,2.03710894358269,-2.56296482138314
"T+304",2.50752629344652,0.500343888731867,-3.84404651711983
"T+305",0.858481445419675,-0.602735729669916,-3.07207665301174
"T+306",0.297306490891959,-1.2405685270003,-2.51529597774175
"T+307",5.0493955164724,0.564602720722964,-0.146352318512439
"T+308",4.71249301358898,1.92626128622473,-2.5148573022083
"T+309",2.40872150945525,0.640727879699982,-3.0008876810276
"T+310",-1.8872101285708,-1.1746829678842,-0.712314532688892
"T+311",0.539423156210161,-1.9512543570951,0.110324592419374
"T+312",1.08516716341341,0.0136556133389339,1.45470296647097
"T+313",2.73620816515659,0.0707143417830289,1.35576199138475
"T+314",2.30151809010318,1.12681671850438,-0.320812094169568
"T+315",3.32788780736028,-0.195520972899864,0.850372442425616
"T+316",20.5573733020498,-0.0602560937206569,-1.45070677767329
"T+317",14.8329311125448,0.555868063847206,-0.239306730428115
"T+318",3.70203589052788,-0.536518710157989,-2.65719998741474
"T+319",7.48726189634475,-0.789025610493619,-0.0083166051652408
"T+320",3.64667598516268,0.581311126287043,0.110959380465231
"T+321",4.12711825566812,0.106017370956122,-0.226851136920923
"T+322",4.92011405694507,0.663510165809166,0.481478470989256
"T+323",4.13693467042064,0.713102707074296,0.648173854807034
"T+324",-1.41918089634505,0.362812524057869,-0.597027431599547
"T+325",-4.71023652212331,1.31567506108655,0.68669710504826
"T+326",1.62485142821167,-0.311523027178317,-0.793787257186612
"T+327",-2.66353340183847,0.652576715553824,-1.4424965984913
"T+328",2.72798918921738,1.0046803212155,-1.69337687919638
"T+329",10.7419938742774,1.71551617325637,-0.529273576875245
"T+330",9.30728252447141,2.31113154321249,-0.776520285991461
"T+331",6.43776192721903,2.74848442860906,0.03219554233021
"T+332",-4.48552871172703,4.39984577818104,-0.795357194354249
"T+333",-0.414879134083521,1.09223379608805,-3.24224292172111
"T+334",-0.845341355850231,0.497451989195276,-2.25376001276835
"T+335",-0.358449583609014,0.740377009383263,-0.240994084390248
"T+336",-0.0969003893538467,0.427983251083388,-0.926629337464857
"T+337",-0.477764313648606,0.919441683319253,-1.08283362819081
"T+338",3.39242088623299,0.910026473354469,-2.84510722100276
"T+339",7.08121487998764,-0.836413356350324,-3.48013476167268
"T+340",5.72930746608769,-1.98315347467427,-2.23931817939228
"T+341",0.0116070515985012,-1.1776977435433,0.923485283732553
"T+342",0.913916174162292,-0.774726364448083,-0.118547327879286
"T+343",1.81010794971471,-1.11956151246695,-0.379909577956286
"T+344",0.109438776418194,-0.636695000266317,0.759458970830476
"T+345",0.183294838792741,-0.0391736511056693,-1.38107286039214
"T+346",1.31317590061343,-0.0331776894417494,0.434124150777399
"T+347",3.87331825949699,1.79861413113432,-0.161491641569699
"T+348",-1.8392638220458,0.162805855685544,0.900454413201223
"T+349",0.354010132491296,0.721678480460828,0.227135128311178
"T+350",-0.0926461527157316,1.49388966351408,-1.66079492976806
"T+351",3.32895273191755,0.319265174338149,-3.26529642792961
"T+352",-0.16312606889365,-0.949197920352774,-1.88683405212783
"T+353",-1.7103949085978,-2.0951982178722,-0.315423297278117
"T+354",-3.69293152191951,-0.771921712876641,0.114124509492488
"T+355",-5.59020701626013,0.220217096215161,1.22454454064332
"T+356",-5.91964563310118,2.08261058280535,0.617447981237562
"T+357",7.61486128191584,2.04942500842397,-0.843392351633427
"T+358",2.03096794750095,3.12304155646179,0.0592800292441373
"T+359",-2.32239046328773,3.53831466605354,-1.55566594641625
"T+360",-6.65893816431942,2.883361916479,-2.05030341948113
"T+361",-5.64740646459861,0.861589021401643,-4.42803208541723
"T+362",-3.64790391898548,0.416532717007596,-3.91113081194673
"T+363",-2.22495722009501,-0.380082653194492,-1.92460545107854
"T+364",1.66785075540051,0.220427897746177,-0.422400068107965
"T+365",-4.05178090340588,-0.205274298307191,0.399662935877407
"T+366",-4.51820501907069,2.21484063885443,1.66464975645605
"T+367",-2.45980622487077,0.606132472810942,0.476919877029072
"T+368",-1.91958993535187,1.01131274789011,0.41931322667938
"T+369",-0.139284755853586,1.95574612739795,-0.201622425306993
"T+370",-1.59497273896612,1.73327236393774,-0.129049354811138
"T+371",0.149001501088949,2.38617777079932,0.226969693556218
"T+372",2.88725933328421,4.62134204285672,0.269086308368633
"T+373",3.68369635838494,4.0230464798956,-4.22272310415682
"T+374",4.69086173968816,4.74102960792599,-3.77581493297921
"T+375",5.73681772601347,5.06071096074982,-3.18861466984531
"T+376",3.69519411852952,4.62434347046808,-3.76779073179859
"T+377",-6.72344577023333,3.1181739644862,-3.83852297048717
"T+378",-6.52021766562988,1.3450441846207,-3.64903306621465
"T+379",0.85561465291657,1.35965534521435,-2.38536714850533
"T+380",0.683638472344763,-1.30153389734236,-2.67068242878697
"T+381",1.60336187364205,-0.672487851239465,0.0654241897037799
"T+382",4.90121628002773,0.665453578520943,-1.0602356078194
"T+383",8.0333015903275,1.01648888063003,0.171056866054126
"T+384",3.98458493770839,2.53943795772492,-0.254341778097222
"T+385",3.68070724507472,1.87941145079547,-0.0741508105862541
"T+386",-1.73760301146572,0.125414726601636,-1.89386878375615
"T+387",-2.11267509172288,0.477091752851755,-2.41566094519271
"T+388",-0.0258123604222178,0.388893805870174,0.428880114319439
"T+389",1.06288599208759,0.896829044968612,-0.246853252011367
"T+390",3.7621053454202,1.52863606990867,-0.69558551801831
"T+391",2.53284975105248,2.17476996760964,-0.00531423704946543
"T+392",2.75530058820443,2.02343636744203,-2.21172738123788
"T+393",5.31674265993493,-0.0653334846210286,-3.07873152601327
"T+394",6.40231185608108,0.328027603511136,-3.13549355105393
"T+395",7.65084230228702,-2.09735390159093,-2.92132432883646
"T+396",7.91176419488461,-1.450150181784,-1.16515322565674
"T+397",3.92045369106788,0.0220979421502366,0.726537872298676
"T+398",2.86671825201316,0.562790302956159,1.08214033826349
"T+399",1.84128282865189,1.60696047636773,-0.0492103372431328
"T+400",5.41913624062628,1.84122416670263,-0.141062550864033
"T+401",0.564644343060239,2.10282149629468,-1.51196008762024
"T+402",-3.24060507721088,2.37358922618439,-0.450999068144147
"T+403",5.49610575173034,2.30248729442917,-1.19194469357163
"T+404",5.75305082998336,1.67853261724909,0.291955788117662
"T+405",6.0866898022806,2.03887510064545,-0.761396634252071
"T+406",0.0480314193250981,-0.809124222021058,-3.64569484503367
"T+407",-1.14083502605641,-1.23776860953541,-1.24479529529478
"T+408",2.78828718230853,-0.463004156401605,0.863215916878558
"T+409",2.89910629217183,0.240709456261988,1.76350817850261
"T+410",-0.377388607513192,0.276033030064596,-0.667836335438142
"T+411",-1.00253986759542,-0.736113957140039,-0.132524305550851
"T+412",-80.230463078542,-0.137957004002509,1.03035712069906
"T+413",-22.4672377069058,0.444830811850878,-0.0607839434262262
"T+414",-4.99195586749949,0.424793810141241,-2.13059696402526
"T+415",-11.6744944853849,-1.01143868252282,-3.00419334417023
"T+416",0.0414994721421298,-0.0549428090416968,-1.24989723956804
"T+417",5.67076287089958,0.87603071459058,1.08600057410821
"T+418",-17.647284928908,1.24724686333593,0.318255704250711
"T+419",-22.5362778578087,-0.282518003785716,-1.77077702915286
"T+420",-12.7235851165138,-0.172780862013021,-0.441954336145965
"T+421",-5.24579799301044,-0.512931021551786,2.19878607738338
"T+422",-16.4097043413052,0.342193969036374,1.27962595484771
"T+423",3.03295011384153,1.77321543193329,0.638833357373458
"T+424",3.62367385659446,1.28933342253823,0.236896796929714
"T+425",0.701538394755704,3.08914775806287,-0.069880958872274
"T+426",2.55926858717611,3.2037064883854,-1.50375975587628
"T+427",3.2611171762732,3.30792183280905,-3.15170995760475
"T+428",4.56563007982103,4.19089251967939,-3.10928994455394
"T+429",6.30178183672963,1.0419883659713,-4.42250032828362
"T+430",1.01920848128642,0.0493502418398257,-1.13939588362586
"T+431",-1.67082312095619,1.10393608097144,-0.18511347680058
"T+432",-2.1436494442175,-0.172262310348327,-1.88751719063191
"T+433",-1.3574045203685,-0.350123706662695,1.52881877206063
"T+434",1.03112888052875,-1.14666853726411,1.46036033843705
"T+435",3.14166261288641,-0.391794131787684,2.7345981893823
"T+436",3.15187163754997,-0.0930770754100929,1.35844380237207
"T+437",1.60448858037004,-0.257171753778194,1.25779489461081
"T+438",0.0769796958087812,2.18109772947659,3.0634864098495
"T+439",-4.80089117534145,3.74341499117798,2.43883847635408
"T+440",0.463247877461843,5.09846594539246,-0.404161732885788
"T+441",0.494573904028714,4.42471488019368,-3.53542604953096
"T+442",-5.18137051879888,2.3514704318753,-2.87090597078127
"T+443",-3.17084101785328,1.82604165456068,-2.01251187059073
"T+444",-2.91279934156089,0.13634455732805,-2.80738494267277
"T+445",-4.16986613680427,-1.01138030642576,-1.32415832756239
"T+446",0.0800655739634819,-1.59572134323331,0.0826120151260812
"T+447",-0.00916962224812778,-1.70863774765903,2.24854864059984
"T+448",-1.56898983836449,0.439109518296733,1.44805577290959
"T+449",-2.51548018192651,1.48283932718181,0.240567983648432
"T+450",-1.44448407064924,1.98130588388146,-0.277475876585695
"T+451",2.24698606971369,0.789557183079836,-2.18849046166321
"T+452",0.153888424931338,0.695736574396487,0.164410151965732
"T+453",-2.59241763852195,2.12095565633818,-0.536077505628344
"T+454",-8.81050370950503,2.64976860939572,-1.12707096613149
"T+455",-6.10412605518022,2.31803038845596,-1.54965665969512
"T+456",3.8198681828421,4.23317403773403,-2.29190205637854
"T+457",-0.412796245136563,2.87657106851311,-4.93025220197656
"T+458",3.59975444721771,1.62436001032497,-2.68036304857623
"T+459",6.06956639532829,2.27860533375576,-3.55513438126938
"T+460",2.51936737631353,1.44125291644225,-1.27306094936969
"T+461",2.78439463551406,0.712942893656365,-1.68374040097309
"T+462",3.188572810908,0.457400683062786,-0.861097117731911
"T+463",-0.498102252395368,1.22701121857035,0.797420063744747
"T+464",1.70458474309644,1.50264628167767,-0.0562045325926116
"T+465",8.52200000082429,4.02298891461805,0.378216123249012
"T+466",21.5519238171061,3.61831018653717,-3.04617879792585
"T+467",15.6783108626966,2.12181953882049,-3.54251937174954
"T+468",3.99753333312302,0.911472035840109,-3.38439664942327
"T+469",2.0763837700358,-0.564104222181605,-3.04155326110538
"T+470",3.64101341743182,-1.02184344925851,0.00203949161106132
"T+471",-1.10735492211879,0.834408059561689,0.483273081862014
"T+472",-4.40865052544402,-0.456848888286954,-1.48702366655903
"T+473",2.97943952258649,-0.723661855009085,-0.553551194118198
"T+474",7.32326617474618,-0.835235932442633,1.80052452344618
"T+475",7.99033003832324,0.183224669905659,0.0781707491141048
"T+476",4.26944427035337,0.51044673638568,-1.05397457488825
"T+477",-0.648252248846547,0.697276050278826,-0.512491680205323
"T+478",-2.30169267505223,1.18993334276197,-2.04536175427399
"T+479",-1.53784862451817,0.940056104621828,-1.25528365931506
"T+480",-0.175390256455692,-0.639654272063726,-0.612641680794172
"T+481",3.3319831696764,0.652620384411478,2.4424546163057
"T+482",15.6807731463738,1.84627364135547,0.986508956079746
"T+483",13.2558314023243,2.18493006985519,-0.334353849822229
"T+484",8.47283254863176,0.0806721186142976,-3.40833740422744
"T+485",7.97924140137316,-0.543569705029427,-2.32206940444527
"T+486",5.93841093058274,-0.522383089796755,-2.88679332180361
"T+487",3.67371723145831,-2.23040441392557,-2.68256282447667
"T+488",7.25087868477067,-0.879993716030654,-0.978154419085518
"T+489",1.01831600954235,-1.20895588052364,-0.212739770800343
"T+490",0.519294998475128,-0.732837409431762,0.540957232806356
"T+491",1.36748377111834,2.45436296528536,0.255612387662119
"T+492",2.36630801224338,1.98926815208859,-1.68397327759776
"T+493",0.492919540403852,2.89969115001514,-2.11694391963777
"T+494",6.07118993628526,1.81261372534355,-1.78206599450373
"T+495",1.87627362446329,0.175619273440963,-0.535979924834584
"T+496",5.3653585092918,1.13790192943255,-1.17779866974769
"T+497",4.45099117077371,1.39776955873621,-1.22495900274508
"T+498",3.23544883426612,1.42417976228616,-1.3032265167308
"T+499",3.57637455986125,2.17647391535942,-2.33141595144694
"T+500",-4.05635590387124,0.801490258121592,-2.64844269870049
"T+501",-0.972961607200878,-0.729288353776365,-3.01575997982629
"T+502",2.24847174199725,-0.933210082168004,-1.27471692588249
"T+503",2.09505675452802,-3.08500491003278,0.0570875570822399
"T+504",3.33659771117071,-1.39265143391309,3.95087888635192
"T+505",0.567657080254809,1.39560590021751,2.45095262529076
"T+506",-1.15692852928508,5.00960106469758,4.0686621381103
"T+507",-1.22851058033541,4.00860757043122,-0.388655038677549
"T+508",3.69699862644249,2.97818186906644,-2.08356995877617
"T+509",4.76046078681725,2.18719904928247,-3.66638941516764
"T+510",2.86211645547652,1.21671209019,-1.1724417254761
"T+511",2.08857974825251,0.835875941355366,-1.39922608536666
"T+512",0.573854298717334,2.06391733967622,0.159035980933303
"T+513",9.3533467150866,0.343958113672062,-1.22895966833384
"T+514",9.93476352830268,2.02563001374802,1.05969287042653
"T+515",5.22451932924142,2.6558004745658,0.331017710266078
"T+516",2.40118653460448,1.2614304330872,-1.23516467857563
"T+517",2.95431593125084,0.0580029644005295,-1.9715536265027
"T+518",2.38442836149443,0.884739670909164,-1.81862409738081
"T+519",-7.09420069571478,0.840648791295231,-0.863003685208293
"T+520",-4.43474750036931,0.884465018183804,0.902904702232688
"T+521",3.80250748628844,0.367649594823219,0.280727061000388
"T+522",3.87988365612722,0.752642267225702,-0.318958539533339
"T+523",-4.91080873727187,1.39525325905037,-1.36997315782621
"T+524",-5.34365475897599,-0.24776558253101,-2.24835317486842
"T+525",-8.02488395121912,1.40381528952321,-0.421570446681009
"T+526",-5.22204855387269,1.68763396688983,-0.99436469857155
"T+527",-5.08563090316024,1.85352709920524,-2.10769593641516
"T+528",-4.41410105861634,2.32307065508776,-1.07546510882069
"T+529",-1.99635092084093,0.997057103223522,-1.88916324901714
"T+530",0.807869407835262,1.34752261705045,-0.696169242643939
"T+531",-0.422629053836074,2.71634907501901,-1.16201877446689
"T+532",1.04635399583768,3.16897533566363,-0.615539159262181
"T+533",-3.37904035740244,2.37113785528303,-2.87197691702575
"T+534",-5.17508861350212,0.209058232705882,-2.51160001833863
"T+535",-10.5064609412145,-0.178265976328366,0.315488631616506
"T+536",-10.8323261969135,1.0049983665513,0.0526058949367072
"T+537",-7.87608330243551,0.193738376569808,-1.33943469873326
"T+538",-2.34303797219492,0.57667484687622,-1.09388425688679
"T+539",-4.60930802565014,1.08973723597801,-0.999948690302435
"T+540",-0.243865231320298,0.8572715492994,-1.77337274968422
"T+541",-2.7824009794611,2.47312184451302,-0.426508165126407
"T+542",-7.32255666336956,2.33386648212064,-2.99455879363173
"T+543",-1.5722725449757,1.89513079894426,-3.44274973693885
"T+544",-0.360747172097005,-0.0977549361749719,-2.06035509693515
"T+545",-4.20821613425534,-0.639235630911255,-2.78495113089832
"T+546",-4.91251929855787,0.986953828981982,-2.80978818087878
"T+547",-0.945283007931944,0.920742755883338,-0.756133609658746
"T+548",1.62535684777119,0.286711979560178,-0.603905707745775
"T+549",-3.34806339766154,0.958657061756948,0.679121492330844
"T+550",-4.78725917154138,1.85889577888164,-0.228142204994782
"T+551",-7.7643741191312,2.64877644165892,-0.00497632315066698
"T+552",-3.79955221432264,1.41608157808025,-2.94411313878631
"T+553",1.62195954893175,0.768300703013461,-2.39335754544666
"T+554",2.62380717131925,-0.665735884086871,-1.7964260926078
"T+555",-3.26806082865638,-1.82493947313005,-0.807543925375052
"T+556",-2.48197089919532,-1.64464919634547,1.23429578096293
"T+557",-13.0298371530734,2.14352343800858,1.29303072276559
"T+558",-2.16613675343335,3.44603979437866,0.679195566018081
"T+559",-0.67063643976771,3.04579230156513,-1.83723144126554
"T+560",-2.8331830931761,3.65619288555341,-3.88200438896774
"T+561",-0.957473147384537,1.2515389116034,-5.33271836194275
"T+562",-0.669687766204975,1.17157516848563,-3.05545408533396
"T+563",1.54886117346808,-0.121204807129915,0.766468856116175
"T+564",3.40378813481563,0.595060023956284,0.00551578706548594
"T+565",-0.248453592775356,1.21806200302519,-1.70099427361023
"T+566",-1.79012193453496,1.33264776270663,-1.40417119276001
"T+567",1.88386364031325,1.48012719859679,-2.16497380091629
"T+568",15.3186176613477,-0.13638694340508,-2.7909210825374
"T+569",10.8184440016717,-1.20073675823756,-0.318449253675144
"T+570",-0.94823027788668,1.14309505493926,0.765222036432802
"T+571",-0.401327035010961,1.17079658880264,-0.610500516556243
"T+572",0.592714317259716,1.20564393504799,-0.777436862012831
"T+573",8.89591034887373,1.40075408369531,-1.61681639493726
"T+574",10.5722679014447,0.148586551285225,-0.620914845374379
"T+575",12.5492957654077,-0.130891228815979,-0.260251738164589
"T+576",11.4500193588591,0.273330084576106,-0.995501499041221
"T+577",3.75412475823705,0.983742518902415,-0.291965694203961
"T+578",6.22853715951682,2.50081341118301,-0.105869797331601
"T+579",11.4401168277305,1.88726269042777,-1.13732890436064
"T+580",11.7556121012938,0.294293562955909,-2.66536539786827
"T+581",9.55951031687984,0.416669125848085,-1.64452459155913
"T+582",2.91276904182629,0.232350064273458,-1.16029964808122
"T+583",-0.907869359714195,-0.335957468207473,-2.81718488916422
"T+584",0.477025128380811,-0.231490724317905,-0.409405435733156
"T+585",7.89669420211304,-1.07358137309261,0.938549839112049
"T+586",4.06842063796335,0.415212814256025,2.40145532480375
"T+587",3.86643173981867,0.553915096178054,0.865069322925118
"T+588",0.562001101562425,1.04724740526336,0.858682291544179
"T+589",-0.479614310355707,0.914818303234916,-0.276672992351902
"T+590",-4.3077176762602,-0.721288234185074,-1.87114697063317
"T+591",-3.6129750391583,-0.441211971454393,-1.21120696351696
"T+592",4.70184016287646,-0.215779954884644,-0.844441271663199
"T+593",11.0019037786107,0.70255178624328,0.982415186572765
"T+594",8.78878694627097,0.464009393534603,-0.399712933189177
"T+595",2.21813173362763,2.14465395388721,-2.09757187892412
"T+596",2.62421135022704,1.05214841230308,-0.247461897950042
"T+597",3.54562047111057,3.35585538829139,0.157654283294988
"T+598",-4.65810197068004,2.03278610617883,-1.70034691906508
"T+599",-1.70347228597513,0.76007180265864,-0.676499473332186
"T+600",-7.57155512610017,0.0226177641583466,-0.604495445373775
"T+601",-3.14749877013035,0.954333875867402,-0.850220220154873
"T+602",0.735455481068172,1.7644923285669,-1.36029936273098
"T+603",-0.193725857481837,1.95729465083152,-0.327175374245343
"T+604",3.35528225308837,0.783510720925253,-0.381807984687378
"T+605",-5.55161427498102,0.444382238029051,-0.448723977870106
"T+606",-2.98938896700415,0.878287845548074,-0.793521245894617
"T+607",-3.63229106836974,1.14484798811305,-1.92922997911954
"T+608",-7.78785525836328,0.58648772575831,-0.790125798775676
"T+609",-10.7403803094063,-1.5006209808312,-2.75993527597168
"T+610",-9.28491081861979,-2.54035282697032,-2.49413336866232
"T+611",-8.55017414912051,-1.60690395018156,-0.79820863608759
"T+612",-3.21548743829685,-3.02884244128234,-0.85321830716094
"T+613",-6.30726652667156,-2.26679045252073,1.78794274225979
"T+614",-4.08688013119558,-1.6541226300854,2.80404030182406
"T+615",0.556138657269722,0.581688965116043,2.69425220852987
"T+616",2.21890373386655,0.862932267825689,2.66420429779644
"T+617",3.28037578595755,1.73904304471976,-0.889486578762566
"T+618",-4.65345262125736,1.24662768628256,-3.22076378517879
"T+619",-10.4181577269665,0.095900129057485,-2.72962766070605
"T+620",-2.97454490612373,0.430071482531833,-0.245217002504871
"T+621",-3.98990272584265,0.00137997211966745,0.213503118164091
"T+622",-3.09908408434314,1.98934002560176,-0.214667199852639
"T+623",-5.88801179534271,1.17573349146611,-0.676921930630748
"T+624",-5.89732822364642,1.30298483478099,-0.347915372541411
"T+625",0.615675894900175,2.71239906713183,-0.0347910533262428
"T+626",1.8847491223137,3.43994330116978,-0.463870739876228
"T+627",-2.15847836582772,3.20241947866483,-1.4535198229392
"T+628",-10.5464569792298,3.5969609926417,-2.89666764300438
"T+629",-3.44597283914427,1.04368967279038,-3.01368863880761
"T+630",-2.74527103615463,0.206786515177872,-1.99399958250349
"T+631",1.36390743158088,0.787828063044864,-0.159412159312771
"T+632",3.46039482984541,0.740985492975796,-0.850569110986209
"T+633",-4.03850849440128,0.837117720795064,0.240356621733193
"T+634",-7.40314193063938,1.58410987775551,1.19642763697193
"T+635",-9.36776852035115,1.96016833510046,0.877686274867431
"T+636",-4.30863346590406,3.0184260280478,0.307550071080192
"T+637",-2.90322189176438,3.11986394773598,-1.49801855687106
"T+638",2.13964504083922,2.12546168718464,-2.12282314906951
"T+639",5.42249221125565,1.39986512698768,-1.20969695479401
"T+640",7.40877404058327,1.00767937926674,-1.40471148222445
"T+641",4.16983240408773,0.299643033253718,-1.48345560379287
"T+642",5.59582336070167,0.195947799835897,-3.11934226765787
"T+643",3.59697230461571,-1.66347091762655,-2.13624264790393
"T+644",-2.41141953247958,-1.57058621157427,-1.46152732555435
"T+645",-8.37047787549343,-3.02940672181131,-0.880978700453907
"T+646",-7.18708007071857,-1.23138254970981,2.96182458484964
"T+647",-3.05163293023753,0.488122796948686,3.50947408360322
"T+648",-0.524451303885593,1.97755034058101,1.64579289389344
"T+649",0.853300192114371,2.70284841992349,-0.898908891455128
"T+650",3.21139569833006,2.07060301361502,-0.949790247242832
"T+651",9.26779987966164,0.914759248505476,-2.04190700396435
"T+652",7.02451381292012,-0.620011377694725,-1.48463390007145
"T+653",4.82627120397714,0.0454016479812796,0.313612627995837
"T+654",3.95697197004129,-0.593945089531255,-0.129541816029914
"T+655",2.27053431115694,-0.898681799130698,-0.0513826022332725
"T+656",3.21787201402313,1.19813187994461,0.346104264339216
"T+657",3.32857385888906,2.15920691620182,-0.926147061949222
"T+658",-2.82211318857969,1.2550725123062,-1.26772157581177
"T+659",-1.89994646851509,0.319122015412941,-3.08965564007612
"T+660",2.20484889541785,1.06165715397955,-0.981079401452615
"T+661",7.80721375045904,0.365196746789812,-3.09869003583274
"T+662",3.28051509414423,1.72824048340235,2.07292717385961
"T+663",-6.44833428260826,2.53912689789499,1.0452513421209
"T+664",-3.73493805172231,3.81552454323692,-1.04904844514549
"T+665",2.95787535666723,2.50495641716566,-4.18521382550589
"T+666",2.80049225119671,0.261327112092321,-2.97231749977686
"T+667",1.30615398094575,-0.499482260709304,-1.90838188255975
"T+668",3.11197799979723,-0.534711698766955,-2.51604266936497
"T+669",3.66839110228018,0.208518944285312,-2.1163809587516
"T+670",4.87838888587815,-0.19752118904141,-1.6433838790102
"T+671",8.1334673228074,-0.349873812888246,0.604209257375936
"T+672",11.368922609905,-0.14570880972436,-0.444603935327456
"T+673",-13.0208203264139,-1.25503134234913,-1.3739307458401
"T+674",-0.916251813041075,-1.95688587076416,-0.0201492452856252
"T+675",5.32951958481108,-1.73886912912848,0.999504655028829
"T+676",5.08592498797765,-0.563784481729207,-0.0422725153613708
"T+677",0.905597663382728,-0.697938677541554,0.867917116009021
"T+678",-6.34560242699663,1.17489414647819,2.96704569023117
"T+679",-4.65371062781159,2.2089593012043,-0.53192615703162
"T+680",-1.03679440621556,1.11827663671836,-1.21129463912729
"T+681",1.78001099088298,2.81954158885939,-0.489802722091745
"T+682",3.73795438490512,3.46712512070252,-0.579853241515605
"T+683",5.89699568691193,1.58493998991975,-2.53714773459814
"T+684",4.73772197901574,2.15357520891207,-0.833722978202218
"T+685",3.59898189390131,2.22118189434558,-0.899372268867334
"T+686",17.5740083377664,1.2936103451723,-2.96631204384209
"T+687",16.5782889616889,1.81105941929929,-3.09613650497533
"T+688",3.51539202151288,-0.0999952776889261,-2.13527237536547
"T+689",-3.27044821992406,-1.47277295638149,-1.92274773497824
"T+690",-5.96067452590627,-2.29056489674299,0.0122480572754375
"T+691",-8.03440549236075,-0.653407993899368,1.68775272939218
"T+692",-2.5569251192985,0.991404995233733,1.83489835558318
"T+693",3.21587212660753,2.38380949530908,-1.26442980546817
"T+694",0.932549572287003,1.64052134371604,-1.76148091926252
"T+695",-1.75802944479396,1.84459686747023,-2.61638778973318
"T+696",0.378667445115261,0.506701280493295,-3.40456252275054
"T+697",1.42509050402965,0.890562352229825,-0.418302359227992
"T+698",3.69452720542245,1.78557966415171,-1.58422784470601
"T+699",-0.0426117513606399,1.72658952823105,-0.451859541280877
"T+700",-0.952206372532847,1.74099578811393,-1.57887612547249
"T+701",4.93333153158644,0.158915973426656,-2.62042984647373
"T+702",2.19798014556479,0.539960583405878,-1.58699684854649
"T+703",1.91828584958018,0.629488293760256,0.240105324205805
"T+704",1.67897553549654,1.59100834336338,1.28062386071792
"T+705",1.66981473513744,0.296313195909333,-0.933414288247703
"T+706",1.93489567987897,0.492462970154415,-0.0434043294454374
"T+707",7.30918286322274,-0.337503841254511,0.150355700941205
"T+708",6.87537098192902,0.616244097566537,0.587801691893629
"T+709",4.41400719004958,1.61619616746971,0.0273253574306782
"T+710",-1.09598822260653,2.56508102295711,0.101600217218323
"T+711",-3.61048941524494,2.17582740706778,-0.284346792117297
"T+712",5.84951034884061,2.23033383225844,-0.504371318180935
"T+713",-9.51115003800486,1.3157446455024,-0.0379699832386871
"T+714",-10.3618179419741,1.40564131253009,0.130736456209833
"T+715",-2.73723342609805,1.42305332974132,-0.934237316085305
"T+716",-0.60023879741853,2.00030438127334,-2.45494178582262
"T+717",-4.7440009644583,1.64209667893858,-1.70867484765053
"T+718",-2.61520686009592,-1.55846414816267,-2.13257499943079
"T+719",-0.0426836411408903,-3.39911515089011,-0.308167489453717
"T+720",-4.42343816683705,-2.42574458584038,0.746372230604037
"T+721",-2.7428486886063,-0.980955844079721,2.89381268856634
"T+722",-1.94169243325995,0.0461516384962037,2.27918395369533
"T+723",-1.57135384824906,1.55721920147782,0.0936744589864169
"T+724",0.319647936773792,-0.122866238603573,-3.15488465581653
"T+725",-0.0551413418615153,0.0188024477004298,-1.38376875959886
"T+726",-2.56971760882283,1.94860278912127,0.401137082082772
"T+727",1.80920495410108,2.83405896809233,0.754096725583842
"T+728",-0.0521057132577716,2.20935119737481,-0.703594440345011
"T+729",-7.0392485869972,2.70426077630302,0.110443417925892
"T+730",-9.17938288247157,3.18876671511625,-0.666364537364414
"T+731",-3.33713830233517,1.66400329210083,-1.49207661230426
"T+732",1.31722990246016,1.71744519319759,-0.82292400995739
"T+733",0.194080950193714,1.87897947782335,-1.33563231109203
"T+734",1.20863911049951,1.33773004271472,-0.974662090681458
"T+735",2.0192174756739,1.31564390962041,-1.89657972510357
"T+736",2.06854349664073,0.561817699397546,-2.95152529319318
"T+737",-1.83498769156721,-0.959217101048584,-2.18473123585716
"T+738",-3.01457693495079,-2.62500389786608,-2.76296369408725
"T+739",-0.0192079006055794,-1.06382663729635,-0.288269734363918
"T+740",-1.34662246849154,-2.18285129596811,-0.275393735889437
"T+741",-0.431524961213596,0.210455239277009,1.98179989535856
"T+742",-3.69422255366385,1.68324183445511,2.14730891778767
"T+743",-8.13358078709984,1.55096051835399,0.696662233816951
"T+744",-2.72378981880226,1.20758541721402,-0.602545839673785
"T+745",-5.24355487186236,3.3790113594878,0.684055440627149
"T+746",8.95195588695056,3.83853229754682,-2.17435308842309
"T+747",14.0514545011496,1.74843076176113,-1.06340521785933
"T+748",8.60542436667753,0.311579203901684,-1.52930793502238
"T+749",-0.543702453032673,1.15188412186154,0.319160915002411
"T+750",0.362495013255965,2.49117917072304,-0.245243138492846
"T+751",2.86758745212986,1.34926578083827,-1.9076118832107
"T+752",4.48110819863918,-0.0298955269158824,-1.30088277854569
"T+753",6.13342104643608,1.20916332602128,1.7298452802219
"T+754",7.70163299723793,2.23148229521319,-0.464312956394733
"T+755",-1.81082684304061,2.94721858272404,-0.177470190379408
"T+756",-4.67097156539858,2.27156325489018,-3.119917858246
"T+757",7.84228110274027,1.91542881634324,-1.39021248488712
"T+758",15.7252309669531,1.1286285952682,-1.22980995391693
"T+759",10.4588794188128,0.645206555762147,-0.611099156956631
"T+760",11.0384139701194,0.651024127231665,-0.992139889149444
"T+761",7.11424244301663,0.769695420514543,-1.05844729858292
"T+762",4.23350608198017,0.130235440331019,-1.39276113277251
"T+763",5.49130142051416,0.165184316074425,-0.566006183414548
"T+764",0.675076545225844,1.97825078785357,-1.20131552964245
"T+765",2.94175730922544,1.32476184205182,-1.04723420572232
"T+766",5.92589068214067,2.87518393116245,-0.250999951988637
"T+767",5.2429465027974,2.42357534974172,-1.86060855924878
"T+768",4.57852333774188,2.05262834115286,-1.07429838271551
"T+769",3.20239086050089,1.4306920134463,-1.46240242942788
"T+770",6.87404483790143,1.27970002472843,-0.685779794204576
"T+771",1.69778618152781,2.30143648607321,-0.383023340580801
"T+772",-0.148312864050914,1.91992786652983,-0.0346572802064566
"T+773",-4.5290676489995,1.99808644011453,0.577242518517931
"T+774",-3.88311904982617,2.009910606016,-0.143353575889715
"T+775",-5.73418486135486,0.317842757199046,-1.64767376707032
"T+776",-0.587663393997379,0.206393259957351,-1.71271204601149
"T+777",2.58155153040338,-0.9052312162556,-0.365834190418786
"T+778",-1.97589026810662,0.670746625423164,-0.694965228921746
"T+779",0.745236604920395,1.18541186405403,-1.61684288275027
"T+780",-3.50749273354637,-0.206337786168815,-1.21523780994289
"T+781",-7.49725618008662,-0.695031793394091,0.237462288854434
"T+782",-1.60699449839665,0.123240030355812,0.989257646648413
"T+783",0.595222920282767,0.359418617357431,-0.822274362129789
"T+784",-9.74943762007904,1.41966296451402,-0.0893150889013067
"T+785",-7.47764594156209,1.22790178903472,-0.760163062429195
"T+786",-2.59464648779043,2.45739067619479,-1.26226844483761
"T+787",-2.08504174731583,1.09208449542189,-2.67572718242073
"T+788",2.96777075939178,-1.12325027614076,-1.57752780843509
"T+789",-4.21398259198869,-0.567163889084814,0.0282015955175342
"T+790",-6.62958276094691,0.068098401948203,-0.201983508089764
"T+791",-6.33753931267863,-0.336344784839411,0.430552677927073
"T+792",-1.52928608061561,-1.03246021892962,0.375611750590407
"T+793",0.423788968236741,-0.902650278831294,0.735559270148057
"T+794",0.769152229332372,-0.651877936327642,0.097661470984825
"T+795",3.64908856783417,1.84234980289311,1.5430804665906
"T+796",3.10353736447659,0.107671977726696,-0.672514016170031
"T+797",3.82896869996427,-0.0781967566995468,-1.60990915570375
"T+798",0.545256461694336,0.172075414030387,-0.578941231809491
"T+799",1.11754592847959,0.11826384771034,1.40777897096788
"T+800",3.39544598506607,-1.24357168212895,0.76976087449645
"T+801",3.72691622106317,-0.428595185603906,1.54623317578154
"T+802",-2.79859368762266,0.209855622173046,0.284704184052419
"T+803",-5.95746654541695,-0.978069475657769,-0.675490685383232
"T+804",-2.74851585897558,2.09144996278168,1.83902886960791
"T+805",0.262854414551413,4.19129579065638,1.24928238523786
"T+806",4.09742478427698,4.95295447699268,-0.266438684495229
"T+807",1.4069627267321,4.36252896031141,-3.02277588468352
"T+808",-8.53073030304064,2.11400276948945,-5.37963687143306
"T+809",-6.35406173507827,0.360093163332709,-2.8906344994087
"T+810",-4.411435385329,0.916797421036359,-1.22503624829605
"T+811",-11.498568723492,0.226619703014726,1.90374846229503
"T+812",-6.7435369585627,1.96644386204924,2.41471251090432
"T+813",-0.677498705426446,2.26324381603844,0.0866208637871984
"T+814",1.58491612937199,2.55886402806979,0.645571008604043
"T+815",-8.22983808868058,2.17340157677394,-0.235791425881679
"T+816",-6.20498233441362,-0.144170958342974,-2.31693078138692
"T+817",-5.43997268838231,-1.58800798201947,-0.411902293067934
"T+818",0.591992508392567,-0.899629363614267,0.166323777948306
"T+819",0.757598019685569,1.28925642505308,2.00856296359376
"T+820",0.474944115231987,1.10702718314779,0.49840552373351
"T+821",2.58979800584433,0.195996116811254,-1.12655201663873
"T+822",1.20759820741273,1.91580931392321,1.20703312426365
"T+823",2.3124998329223,3.31219521249218,-0.566290065601509
"T+824",-3.70998398468874,0.767218158788519,-3.62521666690487
"T+825",0.0722573854734403,0.902044235708022,-2.18763455274417
"T+826",7.72248422566576,-1.68746754639562,-2.36550974603406
"T+827",5.96933907380677,0.0193590148374272,0.697880627592204
"T+828",-2.65006875898495,-0.0983430448655618,-1.38182725320951
"T+829",0.151521297560823,-0.809935533005533,-0.856768972655768
"T+830",-3.70823495558042,0.564088136011453,-1.60757957160878
"T+831",-9.54574954183966,1.4357895789995,-0.773666987884952
"T+832",-4.13881705325878,1.84273157854,-2.51089988429087
"T+833",-7.58766933005949,0.369987759568553,-2.80440021000782
"T+834",-6.04267969751337,0.961562717004671,-0.293211050605464
"T+835",-2.45332628758302,1.52022104596997,1.03346114141106
"T+836",-0.335284948791453,1.35878187485693,0.567895609830588
"T+837",1.21567443227057,1.58557596555831,-1.04282892774882
"T+838",4.51342571332793,2.22043453589701,0.280297311532939
"T+839",4.06124128884289,3.01664378477264,-1.19253341279113
"T+840",4.33383366548878,1.78410299134841,-0.931305891914878
"T+841",-0.496154871892394,1.82230673278717,-0.460493380356451
"T+842",-2.16877884958495,1.29876471517978,-0.0400599914211446
"T+843",0.225189033169507,0.588362158237308,-0.315491566368733
"T+844",1.23329789520626,3.10752873836639e-05,-3.0462261967246
"T+845",1.04676435548822,-1.75680361699588,-1.79599855571839
"T+846",3.26203149647176,-0.385639348986807,-1.42535635506081
"T+847",3.28671248013173,-1.44897891972853,0.78798375512383
"T+848",1.30111925061189,-0.711789467096088,1.47071871248952
"T+849",7.48567601257412,-0.0839723345977246,0.648343574361416
"T+850",1.26066561917867,0.722966644695255,0.402788148026883
"T+851",0.868103721070114,0.934352884652679,-0.666014595513312
"T+852",-2.46894111979046,-2.09361824919584,0.0680417286891039
"T+853",0.324893325951443,0.84530395241268,0.56759221402496
"T+854",2.068598979918,1.0938829087864,1.12264090007903
"T+855",2.05751185140819,2.60080032922639,1.5316663312759
"T+856",1.49803215024347,1.70831321168145,1.60246599510128
"T+857",2.73125123002866,1.04309908693707,0.326228756890147
"T+858",1.51049352023662,1.46931396836868,-0.701167469210235
"T+859",-2.07042264287231,0.938753738913987,-2.14479774187689
"T+860",-1.98495888431921,2.13634809043353,-0.969587624660146
"T+861",1.25771543367231,1.9637853251198,-1.27522549542151
"T+862",2.23129513018156,1.11691132589654,-2.8138439568004
"T+863",3.44982375936187,0.691411050771423,-3.88646449339211
"T+864",3.61631734995763,-1.60051855531325,-3.74132485850981
"T+865",3.48755195520769,-2.82143930894457,-1.29175519632316
"T+866",0.62694767919066,-0.264046526833406,-0.20113878306902
"T+867",1.01618168793923,0.688501816892522,1.01966768168305
"T+868",2.46785306932097,0.298319374040805,-0.181644147215044
"T+869",0.3496943441994,1.47794122028611,-0.236638639080124
"T+870",1.23437390115611,1.24288291522502,-0.629942584396423
"T+871",-1.73258805077737,1.12102201200532,-1.48447579990434
"T+872",5.85568740111415,0.70075764897153,0.451781276152101
"T+873",-6.04350153341877,1.99973341673173,-0.734857583799365
"T+874",-10.0105250235587,0.434438494241081,-2.08417195816599
"T+875",1.29149183954592,1.50763005946694,-0.581474731425058
"T+876",1.69888171097583,0.679393385358681,-0.413405827411453
"T+877",3.88583512104961,0.718183232804749,-1.65546987566113
"T+878",3.38705846485825,0.967279754476773,0.405470757217951
"T+879",3.96841141943195,1.73320535343195,0.0325926715264642
"T+880",7.73710283305773,1.06677842044325,-0.50496163885362
"T+881",-2.78898441820058,0.0246858677638029,-2.68404485035205
"T+882",-14.9368499660334,-0.331286116164708,-1.4003712909022
"T+883",-6.06313000219286,2.21304386341685,-0.985347307303953
"T+884",-3.46446941750228,1.92443283554966,-0.779951983127494
"T+885",-5.63769887267401,2.6637102340624,-1.04724506243533
"T+886",-14.8675605206194,1.30716750368383,-2.14120847658447
"T+887",-21.3967111861061,2.7124107015405,-0.681757528600936
"T+888",-11.0630755996612,0.149683159939993,-0.952533772403858
"T+889",-1.75054687522479,0.859520741151919,-0.420983097114242
"T+890",3.18670869752848,0.957505968561972,-0.788501291146297
"T+891",3.97370342420981,1.19026327160474,-1.2766942052893
"T+892",4.45757730849619,1.22718728019654,-2.03883238550138
"T+893",5.11302969282045,0.947528255761921,-0.517110165097589
"T+894",5.379165558478,1.51734284315787,0.406576964485186
"T+895",6.37540643627058,0.593244317753447,-0.830374582813927
"T+896",10.6653563334592,1.2834089503053,-1.54544607010197
"T+897",7.52095980240071,2.50056678124158,-1.93182713670523
"T+898",3.08588029296562,1.83536731436337,-2.02200253445345
"T+899",-2.40538538747855,1.29982666168518,-2.0929160930977
"T+900",0.919495841922478,1.23194062239652,-2.54505857317776
"T+901",4.66215298132953,-0.690523324498985,-2.89972753816843
"T+902",8.18592436674701,-0.910608692447599,0.0770616741448302
"T+903",8.16231915806524,1.47314655739467,1.27483731650303
"T+904",-0.222318559447642,2.29524540782033,-0.217099539366214
"T+905",-1.20519917056518,2.0895950077174,-2.58160790547028
"T+906",-1.66741004821113,1.47816786265686,-2.75950689453439
"T+907",-2.18294623104436,1.04154420860003,-2.34847890904367
"T+908",-2.28723793343998,-0.137078461529525,-2.1025152110807
"T+909",-2.97843749191913,-0.593614397028584,-0.0486287864881565
"T+910",2.29597537506118,0.279089368570672,0.747825755685626
"T+911",-2.60739055676545,-0.321143301095618,1.28998902416334
"T+912",-3.88185394936179,0.821566837642832,0.036536896827028
"T+913",0.711987836709135,1.39510450084491,0.5305401665425
"T+914",-1.16660016112181,0.252058062252628,0.764873984658493
"T+915",-1.47197206458376,0.747872133796025,1.27852750879341
"T+916",-5.49494998209557,1.47933006538415,-0.0301050996533654
"T+917",3.64442279607842,-0.308420530753966,-2.35469100412699
"T+918",6.83751131945649,-0.463641972683305,-0.245816330881711
"T+919",5.40724727836814,-1.7799729342974,0.85649642094105
"T+920",3.45293078512773,0.909958336577112,0.647277620779422
"T+921",3.80398308579674,1.80345468403091,-0.975679154981268
"T+922",0.381133420310686,1.34451455363898,-0.541239121631498
"T+923",3.57464600291582,2.14712809875661,-1.49243588657928
"T+924",1.63653076938751,1.16862244868027,-2.86697362637996
"T+925",0.266508710147796,0.797487286067119,-3.40319785686759
"T+926",1.22836916663919,-2.59204369836465,-1.48702864953015
"T+927",-1.87797976690493,0.512933729280421,0.800475066322317
"T+928",-1.47457749735425,1.86029861748788,0.36494421514896
"T+929",-8.17791264565326,3.3860060965022,0.223236559250618
"T+930",-5.81005938344978,3.14083920044287,-3.2365523691286
"T+931",1.51168727084783,2.81057741036919,-3.19850209789846
"T+932",-1.21192236633096,0.104363473173868,-3.61808852892435
"T+933",-2.22278282122791,-0.639150287247902,-0.888840490740311
"T+934",2.06998103013482,-1.38145338055962,-1.00702202794481
"T+935",2.58013083562394,0.718995953607982,1.92973619327538
"T+936",-3.40892670723955,2.74543256941056,2.5393273085647
"T+937",-1.16483229475275,3.3876319709867,-0.596924996044065
"T+938",84.1805885116355,3.24746894274089,-0.815759771784317
"T+939",55.8454884636411,4.94213359985438,-3.18199805308621
"T+940",26.0266747786503,3.27812980703902,-3.35546089407544
"T+941",0.777624182872572,1.7334539413443,-4.81924265883478
"T+942",-23.3486371218742,1.00914585337682,-3.7970984623203
"T+943",-0.37159915049196,0.573134057498197,-1.38561455851615
"T+944",26.5010050547598,1.76946648316849,-2.08029455165916
"T+945",14.5046664602873,2.19628002089931,-2.32247215409269
"T+946",-6.48690067815247,0.0516348945527497,-1.39229992319771
"T+947",-1.34079937513212,1.26471442249259,-0.609499105567363
"T+948",13.1642565412984,1.96199107031295,-1.52994300289003
"T+949",12.7477632514506,1.26337926930001,-1.88068277708516
"T+950",4.82576212192713,0.539420600880455,-0.955967477088418
"T+951",-3.92510430482409,2.12813171298574,-0.721273661991911
"T+952",-11.0225796101169,1.74065164813672,0.126866775380708
"T+953",-5.74710776588942,1.42747421578338,-3.38969912046415
"T+954",-9.47728771660395,0.996306001357049,-3.10002811879052
"T+955",-11.7076593477809,-0.731132640691149,-0.992355725364061
"T+956",-13.4701688194438,2.13849844092221,-0.388101467425665
"T+957",-11.9784347739721,2.91154365008461,-1.04380371342337
"T+958",-2.3248344022221,2.36674690025266,-0.76919194105805
"T+959",2.9665305202278,2.13963976630051,-2.31601785089902
"T+960",1.37599236450933,0.832533606397792,-1.71442015351881
"T+961",1.84776743943195,-1.76749985343709,-0.929464528539342
"T+962",-1.08849966513719,-2.58323935480001,-0.0302064666496061
"T+963",-0.789202853160431,-1.50768846594685,2.4529184236723
"T+964",-4.63703273700179,0.369342915995526,2.13420197627117
"T+965",-4.58860300656993,2.09693644293682,0.302948667502911
"T+966",-3.81431326646446,1.86284125424027,0.167580390771958
"T+967",-3.79037542847022,2.53773661617963,-1.85933465528965
"T+968",-7.54182250683611,2.35657160214972,-3.32128547188612
"T+969",-3.88762971502606,0.554903676219302,-1.86327735417777
"T+970",-1.5044447633202,-1.92159580834567,-3.58147544439056
"T+971",-0.99660120565955,-0.618187026332713,-1.216790793914
"T+972",-7.92316565328273,0.945938861971813,-0.086690240364489
"T+973",-4.36276548414241,1.56392580963385,0.387836766842902
"T+974",-1.90427573540281,1.05988722743652,-1.07396930418881
"T+975",-0.14649553222617,0.504633098303285,1.49491576868525
"T+976",5.14558129302942,1.42786496851545,0.98400831397244
"T+977",5.23246669880354,1.4539544312116,-0.55480796211782
"T+978",1.66987480904424,2.73008038207009,-0.914029213099258
"T+979",0.689413947633588,2.15698380628004,-1.45641492093131
"T+980",2.47469291859568,1.14124044307876,-0.0673883904489589
"T+981",1.70471445422281,-0.149807819200728,0.885798918579234
"T+982",1.80058062841728,0.309282313254081,1.70693543436908
"T+983",1.90770990146094,-0.770599161418891,1.01111612175093
"T+984",0.97181650898851,1.14034668850892,-0.058876681599725
"T+985",1.55294886720404,0.512255798986699,-0.645497912059011
"T+986",1.91911735434672,1.80876511447,-0.966442991254802
"T+987",7.89111571388472,1.25207668369926,0.0441275877228562
"T+988",7.87569017490328,0.262344714054845,-0.0380408871708208
"T+989",7.7881552836999,1.12099722292204,-1.07044217212864
"T+990",3.92033457593785,0.295697562233056,-0.548880927511945
"T+991",5.74607947229564,0.791283448021682,1.01185569768913
"T+992",1.84717084534124,0.755671160830329,-1.70576608771717
"T+993",-2.20194226549309,1.56506691274434,-1.49695856698441
"T+994",-1.46004896150435,1.26679979564827,0.144950793290514
"T+995",2.70029720006852,1.17983104262975,0.842132854696208
"T+996",5.24017959682528,0.481381936317242,0.384890460536628
"T+997",3.11526758194481,1.19923370545406,-0.677041228204664
"T+998",0.936945870986328,-0.143657713533215,-1.24902675325324
"T+999",3.16094725226845,0.279896337004859,-0.211467696046055
"T+1000",2.61766926491431,1.16934314932113,-0.523900442927846
