date,set,dowjones
01/02/97,803.13,6442.49
01/03/97,787.47,6544.09
01/06/97,790.23,6567.18
01/07/97,820.11,6600.66
01/08/97,831.93,6549.48
01/09/97,843.22,6625.67
01/10/97,840.5,6703.79
01/13/97,822.89,6709.18
01/14/97,807.67,6762.29
01/15/97,828.91,6726.88
01/16/97,822.57,6765.37
01/17/97,832.55,6833.1
01/20/97,841.03,6843.87
01/21/97,854.18,6883.9
01/22/97,858.97,6850.03
01/23/97,849.17,6755.75
01/24/97,848.56,6696.48
01/27/97,840.42,6660.69
01/28/97,842.63,6656.08
01/29/97,814.39,6740.74
01/30/97,820.18,6823.86
01/31/97,788.04,6813.09
02/03/97,761.63,6806.16
02/04/97,765.42,6833.48
02/05/97,744.59,6746.9
02/06/97,749.14,6773.06
02/07/97,747.76,6855.8
02/10/97,737.23,6806.55
02/11/97,733.99,6858.11
02/12/97,722.57,6961.63
02/13/97,263.39,8834.94
02/14/97,257.44,8627.93
02/18/97,700.15,7067.46
02/19/97,731.74,7020.13
02/20/97,747.7,6927.38
02/24/97,742.08,7008.2
02/25/97,739.75,7038.21
02/26/97,739.82,6983.18
02/27/97,726.01,6925.07
02/28/97,727.56,6877.74
03/03/97,707.24,6918.92
03/04/97,688.74,6852.72
03/05/97,683.72,6945.85
03/06/97,676.65,6944.7
03/07/97,691.45,7000.89
03/10/97,703.32,7079.39
03/11/97,719.95,7085.16
03/12/97,720.27,7039.37
03/13/97,716.68,6878.89
03/14/97,694.91,6935.46
03/17/97,686.92,6958.48
03/18/97,693.87,6896.56
03/19/97,700.62,6877.68
03/20/97,703.09,6820.28
03/21/97,702.1,6804.79
03/24/97,713.85,6905.25
03/25/97,710.68,6876.17
03/26/97,714.29,6880.7
03/27/97,712.61,6740.59
03/31/97,705.43,6583.48
04/01/97,694.74,6611.05
04/02/97,716.64,6517.01
04/03/97,706.01,6477.35
04/04/97,714.09,6526.07
04/08/97,715.36,6609.16
04/09/97,712.63,6563.84
04/10/97,715.33,6540.05
04/11/97,713.62,6391.69
04/16/97,716.89,6679.87
04/17/97,701.76,6658.6
04/18/97,700.23,6703.55
04/21/97,694.21,6660.21
04/22/97,691.16,6833.59
04/23/97,689.79,6812.72
04/24/97,688.42,6792.25
04/25/97,684,6738.87
04/28/97,672.48,6783.02
04/29/97,658.59,6962.03
04/30/97,661.29,6976.48
05/02/97,660.1,7071.19
05/06/97,643.28,7225.32
05/07/97,626.57,7085.65
05/08/97,614.06,7136.62
05/09/97,605.43,7169.53
05/12/97,592.18,7292.75
05/13/97,600.24,7274.21
05/14/97,571.3,7286.16
05/15/97,557.87,7333.55
05/16/97,561.19,7194.67
05/19/97,577.1,7228.88
05/21/97,596.19,7290.69
05/22/97,581.39,7258.13
05/23/97,581.13,7345.91
05/26/97,568.36,7345.91
05/27/97,569.84,7383.41
05/28/97,562.83,7357.23
05/29/97,558.17,7330.18
05/30/97,566.39,7331.04
06/02/97,563.35,7289.4
06/03/97,556.57,7312.15
06/04/97,552.87,7269.66
06/05/97,548.05,7305.29
06/06/97,530.62,7435.74
06/09/97,534.46,7478.5
06/10/97,527.22,7539.27
06/11/97,521.4,7575.83
06/12/97,519.05,7711.47
06/13/97,515.6,7782.04
06/16/97,511.55,7772.09
06/17/97,497.72,7760.78
06/18/97,482.94,7718.71
06/19/97,464.77,7777.06
06/20/97,480.25,7796.51
06/23/97,504.53,7604.26
06/24/97,493.13,7758.06
06/25/97,496.03,7689.98
06/26/97,520.02,7654.25
06/27/97,528.18,7687.72
06/30/97,527.28,7672.79
07/02/97,568.79,7795.38
07/03/97,617.98,7895.81
07/04/97,657.09,7895.81
07/07/97,633.03,7858.49
07/08/97,614.19,7962.31
07/09/97,635.71,7842.43
07/10/97,649.33,7886.76
07/11/97,628.55,7921.82
07/14/97,611.91,7922.98
07/15/97,625.66,7975.71
07/16/97,663.66,8038.88
07/17/97,656.28,8020.77
07/18/97,653.37,7890.46
07/22/97,659.78,8061.65
07/23/97,631.28,8088.36
07/24/97,634,8116.93
07/25/97,646.58,8113.44
07/28/97,680.67,8121.11
07/29/97,682.16,8174.53
07/30/97,679.53,8254.89
07/31/97,665.62,8222.61
08/01/97,652.04,8194.04
08/04/97,663.82,8198.45
08/05/97,648.47,8187.54
08/06/97,635.32,8259.31
08/07/97,638.04,8188
08/08/97,636.85,8031.22
08/11/97,632.25,8062.11
08/13/97,632.73,7928.32
08/14/97,628.69,7942.03
08/15/97,623.25,7694.66
08/18/97,604.34,7803.36
08/19/97,590.44,7918.1
08/20/97,586.41,8021.23
08/21/97,583.04,7893.95
08/22/97,559.59,7887.91
08/25/97,529.61,7859.57
08/26/97,525.49,7882.22
08/27/97,523.74,7787.33
08/28/97,511.76,7694.43
08/29/97,502.23,7622.42
09/01/97,493.84,7622.42
09/02/97,515.37,7879.78
09/03/97,514.07,7894.64
09/04/97,522.2,7867.24
09/05/97,540.39,7822.41
09/08/97,572.3,7835.18
09/09/97,565.01,7851.91
09/10/97,541.55,7719.28
09/11/97,552.09,7660.98
09/12/97,534.18,7742.97
09/15/97,536.36,7721.14
09/16/97,527.21,7895.92
09/17/97,517.4,7886.44
09/18/97,521.65,7922.72
09/19/97,523.3,7917.27
09/22/97,523.8,7996.83
09/23/97,536.03,7970.06
09/24/97,547.02,7906.71
09/25/97,567.36,7848.01
09/26/97,557.98,7922.18
09/29/97,549.48,7991.43
09/30/97,544.54,7945.26
10/01/97,547.8,8015.5
10/02/97,550.86,8027.53
10/03/97,548.37,8038.58
10/06/97,542.05,8100.22
10/07/97,531.59,8178.31
10/08/97,524.61,8095.06
10/09/97,528.25,8061.42
10/10/97,534.55,8045.21
10/13/97,532.95,8072.22
10/14/97,525.13,8096.29
10/15/97,535.59,8057.98
10/16/97,531.58,7938.88
10/17/97,525.64,7847.03
10/20/97,509.51,7921.44
10/21/97,507.94,8060.44
10/22/97,511.56,8034.65
10/24/97,494,7715.41
10/27/97,491.01,7161.15
10/28/97,460.8,7498.32
10/29/97,457.16,7506.67
10/30/97,445.09,7381.67
10/31/97,447.21,7442.07
11/03/97,447.44,7674.4
11/04/97,478.33,7689.13
11/05/97,487.11,7692.57
11/06/97,478.32,7683.24
11/07/97,493.04,7581.32
11/10/97,487.94,7552.59
11/11/97,467.94,7558.73
11/12/97,469.37,7401.32
11/13/97,453.81,7487.76
11/14/97,456.87,7572.48
11/17/97,441.87,7698.22
11/18/97,440.13,7650.82
11/19/97,434.37,7724.74
11/20/97,422.18,7826.61
11/21/97,421.59,7881.07
11/24/97,412.18,7767.92
11/25/97,396.58,7808.95
11/26/97,401.79,7794.78
11/27/97,399.43,7794.78
11/28/97,395.47,7823.13
12/01/97,387.56,8013.11
12/02/97,378.14,8018.83
12/03/97,377.38,8032.01
12/04/97,388.77,8049.42
12/08/97,401.8,8105.62
12/09/97,390.67,8049.66
12/11/97,371.51,7848.99
12/12/97,368.39,7838.3
12/15/97,367.73,7922.56
12/16/97,370.28,7976.31
12/17/97,376.16,7957.41
12/18/97,387.38,7846.5
12/19/97,385.25,7756.29
12/22/97,376.95,7819.31
12/23/97,366.87,7691.77
12/24/97,364.2,7660.13
12/26/97,357.13,7679.31
12/29/97,358.77,7792.41
12/30/97,365.82,7915.97
01/05/98,366.18,7978.99
01/06/98,370.27,7906.25
01/07/98,370.31,7902.27
01/08/98,360.17,7802.62
01/09/98,349.67,7580.42
01/12/98,339.17,7647.18
01/13/98,348.96,7732.13
01/14/98,367.69,7784.69
01/15/98,364.13,7691.77
01/16/98,383.01,7753.55
01/20/98,413.79,7873.12
01/21/98,432.86,7794.4
01/22/98,420.8,7730.88
01/23/98,422.87,7700.74
01/26/98,424.51,7712.94
01/27/98,423.1,7815.08
01/28/98,434.22,7915.47
01/29/98,447.24,7973.02
01/30/98,495.23,7906.5
02/02/98,554.75,8107.78
02/03/98,558.92,8160.35
02/04/98,505.59,8129.71
02/05/98,531.11,8117.25
02/06/98,535.98,8189.49
02/09/98,530.5,8180.52
02/10/98,524.52,8295.61
02/12/98,509.33,8369.6
02/13/98,499.97,8370.1
02/17/98,502.53,8398.5
02/18/98,513.27,8451.06
02/19/98,510.41,8375.58
02/20/98,521.83,8413.94
02/23/98,521.82,8410.2
02/24/98,517.06,8370.1
02/25/98,512.98,8457.78
02/26/98,524.06,8490.67
02/27/98,528.42,8545.72
03/02/98,538.17,8550.45
03/03/98,539.72,8584.83
03/04/98,528.24,8539.24
03/05/98,509.23,8444.33
03/06/98,508.07,8569.39
03/09/98,509.98,8567.14
03/10/98,508.55,8643.12
03/11/98,502.79,8675.75
03/12/98,498.67,8659.56
03/13/98,514.24,8602.52
03/16/98,512.54,8718.85
03/17/98,510.46,8749.99
03/18/98,500.46,8775.4
03/19/98,503.55,8803.05
03/20/98,499.75,8906.43
03/23/98,503.67,8816.25
03/24/98,490.27,8904.44
03/25/98,480.07,8872.8
03/26/98,470.67,8846.89
03/27/98,469.85,8796.08
03/30/98,465.09,8782.12
03/31/98,459.11,8799.81
04/01/98,456.57,8868.32
04/02/98,453.88,8986.64
04/03/98,442.96,8983.41
04/07/98,430.04,8956.5
04/08/98,444.33,8891.48
04/09/98,444.23,8994.86
04/16/98,431.63,9076.57
04/17/98,438.99,9167.5
04/20/98,434.37,9141.84
04/21/98,435.23,9184.94
04/22/98,436.73,9176.72
04/23/98,427.41,9143.33
04/24/98,424.79,9064.62
04/27/98,418.79,8917.64
04/28/98,419.55,8898.96
04/29/98,412.25,8951.52
04/30/98,412.13,9063.37
05/04/98,400.71,9192.66
05/06/98,393.36,9054.65
05/07/98,393.95,8976.68
05/08/98,386.42,9055.15
05/12/98,381.65,9161.77
05/13/98,370.92,9211.84
05/14/98,368.82,9172.23
05/15/98,369.43,9096
05/18/98,357.21,9050.91
05/19/98,346.46,9054.65
05/20/98,355.51,9171.48
05/21/98,355.91,9132.37
05/22/98,355.82,9114.44
05/26/98,354.54,8963.73
05/27/98,340.12,8936.57
05/28/98,333.9,8970.2
05/29/98,325.59,8899.95
06/01/98,313.04,8922.37
06/02/98,313.64,8891.24
06/03/98,313.21,8803.8
06/04/98,318.81,8870.56
06/05/98,318.16,9037.71
06/08/98,312.37,9069.6
06/09/98,308.25,9049.92
06/10/98,292.1,8971.7
06/11/98,283.92,8811.77
06/12/98,279.37,8834.94
06/15/98,263.39,8627.93
06/16/98,257.44,8665.29
06/17/98,272.94,8829.46
06/18/98,295.15,8813.01
06/19/98,284.32,8712.87
06/22/98,275.9,8711.13
06/23/98,274.06,8828.46
06/24/98,267.74,8923.87
06/25/98,264.09,8935.58
06/26/98,264.98,8944.54
06/29/98,271.2,8997.36
06/30/98,267.33,8952.02
07/02/98,277.98,9025.26
07/06/98,271,9091.77
07/07/98,272.28,9085.04
07/08/98,273.43,9174.97
07/10/98,274.26,9105.74
07/13/98,266.75,9096.21
07/14/98,265.71,9245.54
07/15/98,273.75,9234.47
07/16/98,282.01,9328.19
07/17/98,295.28,9337.97
07/20/98,297.74,9295.75
07/21/98,287.34,9190.19
07/22/98,286.52,9128.91
07/23/98,276.2,8932.98
07/24/98,275.44,8937.36
07/27/98,269.93,9028.24
07/28/98,266.72,8934.78
07/29/98,263.49,8914.96
07/30/98,266.74,9026.95
07/31/98,266.72,8883.29
08/03/98,260.89,8786.74
08/04/98,258.04,8487.31
08/05/98,254.07,8546.78
08/06/98,252.07,8577.68
08/07/98,247.54,8598.02
08/10/98,238.3,8574.85
08/11/98,234.14,8462.85
08/13/98,230.87,8459.5
08/14/98,243.62,8425
08/17/98,235.24,8574.85
08/18/98,235.68,8714.65
08/19/98,243.37,8693.28
08/20/98,243,8611.41
08/21/98,238.92,8533.65
08/24/98,233.15,8566.61
08/25/98,230.22,8602.65
08/26/98,227.5,8523.35
08/27/98,226.85,8165.99
08/28/98,218.85,8051.68
08/31/98,214.53,7539.07
09/01/98,211.09,7827.43
09/02/98,207.59,7782.37
09/03/98,207.4,7682.22
09/04/98,207.31,7640.25
09/08/98,212.85,8020.78
09/09/98,213.98,7865.02
09/10/98,218.91,7615.54
09/11/98,212.7,7795.5
09/14/98,211.34,7945.35
09/15/98,211.08,8024.39
09/16/98,218.7,8089.78
09/17/98,220.05,7873.77
09/18/98,221.85,7895.66
09/21/98,221.88,7933.25
09/22/98,223.14,7897.2
09/23/98,231.28,8154.41
09/24/98,250.18,8001.99
09/25/98,248.93,8028.77
09/28/98,255.53,8108.84
09/29/98,255.35,8080.52
09/30/98,253.82,7842.62
10/01/98,254.47,7632.53
10/02/98,251.56,7784.69
10/05/98,246.26,7726.24
10/06/98,248.14,7742.98
10/07/98,263.23,7741.69
10/08/98,285.22,7731.91
10/09/98,292.5,7899.52
10/12/98,290.8,8001.47
10/13/98,290.19,7938.14
10/14/98,285.12,7968.78
10/15/98,295.19,8299.36
10/16/98,319.22,8416.76
10/19/98,314.17,8466.45
10/20/98,331.36,8505.85
10/21/98,323.05,8519.23
10/22/98,321.57,8533.14
10/26/98,319.02,8432.21
10/27/98,319.23,8366.04
10/29/98,345.07,8495.03
10/30/98,331.29,8592.1
11/02/98,334.93,8706.15
11/03/98,343.16,8706.15
11/04/98,354.11,8783.14
11/05/98,362.08,8915.47
11/06/98,376.6,8975.46
11/09/98,363.85,8897.96
11/10/98,336.62,8863.98
11/11/98,356.26,8823.82
11/12/98,333.06,8829.74
11/13/98,333.59,8919.59
11/16/98,345.19,9011.25
11/17/98,344.08,8986.28
11/18/98,345.13,9041.11
11/19/98,358.56,9056.05
11/20/98,371.93,9159.55
11/23/98,390.43,9374.27
11/24/98,383.66,9301.15
11/25/98,391.01,9314.28
11/27/98,373.09,9333.08
11/30/98,362.82,9116.55
12/01/98,356.16,9133.54
12/02/98,343.12,9064.54
12/03/98,337.86,8879.68
12/04/98,337.63,9016.14
12/08/98,350.27,9027.98
12/09/98,359.54,9009.19
12/11/98,360.3,8821.76
12/14/98,344.89,8695.6
12/15/98,349.18,8823.3
12/16/98,344.53,8790.6
12/17/98,338.65,8875.82
12/18/98,341.92,8903.63
12/21/98,337.17,8988.85
12/22/98,343.34,9044.46
12/23/98,344.27,9202.03
12/24/98,346.93,9217.99
12/28/98,360.29,9226.75
12/29/98,351.81,9320.98
12/30/98,355.81,9274.64
01/04/99,356.68,9184.27
01/05/99,378.51,9311.19
01/06/99,402.56,9544.97
01/07/99,397.72,9537.76
01/08/99,399.43,9643.32
01/11/99,399.2,9619.89
01/12/99,399.81,9474.68
01/13/99,385.58,9349.56
01/14/99,386.96,9120.93
01/15/99,381.82,9340.55
01/19/99,386.45,9355.22
01/20/99,394.85,9335.91
01/21/99,385.75,9264.08
01/22/99,376.48,9120.67
01/25/99,363.36,9203.32
01/26/99,366.77,9324.58
01/27/99,373.25,9200.23
01/28/99,366.16,9281.33
01/29/99,363,9358.83
02/01/99,358.84,9345.7
02/02/99,347.21,9274.12
02/03/99,338.2,9366.81
02/04/99,338.27,9304.5
02/05/99,337.96,9304.24
02/08/99,330.77,9291.11
02/09/99,320.36,9133.03
02/10/99,314.74,9177.31
02/11/99,313.65,9363.46
02/12/99,347.43,9274.89
02/16/99,350.36,9297.03
02/17/99,338.02,9195.47
02/18/99,336.47,9298.63
02/19/99,336.57,9339.95
02/22/99,334.52,9552.68
02/23/99,333.71,9544.42
02/24/99,336.17,9399.67
02/25/99,332.67,9366.34
02/26/99,340.94,9306.58
03/02/99,338.82,9297.61
03/03/99,341.51,9275.88
03/04/99,337.14,9467.4
03/05/99,336.21,9736.08
03/08/99,336.68,9727.61
03/09/99,329.59,9693.76
03/10/99,333.28,9772.84
03/11/99,345.21,9897.44
03/12/99,345.79,9876.35
03/15/99,360.88,9958.77
03/16/99,354.95,9930.47
03/17/99,356.8,9879.41
03/18/99,362.91,9997.62
03/19/99,367.69,9903.55
03/22/99,366.09,9890.51
03/23/99,365.74,9671.83
03/24/99,360.35,9666.84
03/25/99,365.7,9836.39
03/26/99,366.91,9822.24
03/29/99,363.32,10006.78
03/30/99,359.76,9913.26
03/31/99,352.01,9786.16
04/01/99,356.85,9832.51
04/05/99,350.73,10007.33
04/07/99,359.52,10085.31
04/08/99,365.09,10197.7
04/09/99,371.95,10173.84
04/12/99,370.68,10339.51
04/16/99,402.54,10493.89
04/19/99,412.19,10440.53
04/20/99,406.11,10448.55
04/21/99,397.93,10581.42
04/22/99,402.33,10727.18
04/23/99,401.07,10689.67
04/26/99,415.68,10718.59
04/27/99,425.33,10831.71
04/28/99,423.22,10845.45
04/29/99,432.49,10878.38
04/30/99,459.35,10789.04
05/04/99,505.75,10886.11
05/06/99,512.69,10946.82
05/07/99,488.35,11031.59
05/10/99,490.43,11007.25
05/11/99,495.23,11026.15
05/12/99,486.56,11000.37
05/13/99,476.89,11107.19
05/14/99,474.9,10913.32
05/17/99,467.62,10853.47
05/18/99,481.55,10836.95
05/19/99,483.5,10887.39
05/20/99,479.6,10866.74
05/21/99,479.33,10829.28
05/24/99,469.98,10654.67
05/25/99,451.05,10531.09
05/26/99,458.21,10702.16
05/27/99,464.28,10466.93
05/28/99,453.6,10559.74
06/01/99,461.79,10596.26
06/02/99,474.86,10577.89
06/03/99,476.05,10663.69
06/04/99,476.47,10799.84
06/07/99,483.25,10909.38
06/08/99,493.67,10765.64
06/09/99,510.5,10690.29
06/10/99,511.44,10621.27
06/11/99,507.06,10490.51
06/14/99,514.67,10563.33
06/15/99,508.62,10594.99
06/16/99,509.84,10784.95
06/17/99,520.55,10841.63
06/18/99,518.81,10855.56
06/21/99,538.36,10815.98
06/22/99,545.91,10721.63
06/23/99,540.99,10666.86
06/24/99,543.97,10534.83
06/25/99,543.85,10552.56
06/28/99,531.88,10655.15
06/29/99,517.65,10815.35
06/30/99,521.77,10970.8
07/02/99,533.33,11139.24
07/06/99,526.82,11135.12
07/07/99,516.11,11187.36
07/08/99,496.65,11126.89
07/09/99,509.58,11193.7
07/12/99,511.87,11200.98
07/13/99,500.25,11175.02
07/14/99,494,11148.1
07/15/99,496.7,11186.41
07/16/99,488.51,11209.84
07/19/99,481.7,11187.68
07/20/99,487.95,10996.13
07/21/99,496.86,11002.78
07/22/99,487.22,10969.22
07/23/99,475.73,10910.96
07/26/99,457.68,10863.16
07/27/99,461.91,10979.04
07/29/99,458.82,10791.29
07/30/99,456.81,10655.15
08/02/99,452.61,10645.96
08/03/99,456.07,10677.31
08/04/99,451.43,10674.77
08/05/99,447.09,10793.82
08/06/99,437.04,10714.03
08/09/99,433.45,10707.7
08/10/99,430.85,10655.15
08/11/99,421.49,10787.8
08/13/99,423.78,10973.65
08/16/99,418.11,11046.79
08/17/99,411.31,11117.08
08/18/99,409.76,10991.38
08/19/99,418,10963.84
08/20/99,440.51,11100.61
08/23/99,448.19,11299.76
08/24/99,446.55,11283.3
08/25/99,468.7,11326.04
08/26/99,456.07,11198.45
08/27/99,457.54,11090.17
08/30/99,446.48,10914.13
08/31/99,440.27,10829.28
09/01/99,434.56,10937.88
09/02/99,426.7,10843.21
09/03/99,431.12,11078.45
09/07/99,426.75,11034.13
09/08/99,421.56,11036.34
09/09/99,431.08,11079.4
09/10/99,430.91,11028.43
09/13/99,444.94,11030.33
09/14/99,443.82,10910.33
09/15/99,438.59,10801.42
09/16/99,429.89,10737.46
09/17/99,438.16,10803.63
09/20/99,434.21,10823.9
09/21/99,425.54,10598.47
09/22/99,410.15,10524.07
09/23/99,400.46,10318.59
09/24/99,382.01,10279.33
09/27/99,382.14,10303.39
09/28/99,385.23,10275.53
09/29/99,391.07,10213.48
09/30/99,389.49,10336.95
10/01/99,407.23,10273
10/04/99,396.13,10401.23
10/05/99,398.94,10400.59
10/06/99,395.09,10588.34
10/07/99,397.64,10537.05
10/08/99,393.02,10649.76
10/11/99,388.88,10648.18
10/12/99,401.36,10417.06
10/13/99,391.5,10232.16
10/14/99,392.79,10286.61
10/15/99,385.4,10019.71
10/18/99,372.87,10116.28
10/19/99,368.58,10204.93
10/20/99,369.01,10392.36
10/21/99,367.23,10297.69
10/22/99,377.16,10470.25
10/26/99,379.54,10302.13
10/27/99,379.61,10394.89
10/28/99,389.76,10622.53
10/29/99,395.55,10729.86
11/01/99,391.55,10648.51
11/02/99,402.41,10581.84
11/03/99,403.31,10609.06
11/04/99,419.89,10639.64
11/05/99,418.47,10704.48
11/08/99,414.07,10718.85
11/09/99,426.42,10617.32
11/10/99,426.39,10597.74
11/11/99,429.28,10595.3
11/12/99,432.02,10769.32
11/15/99,426.7,10760.75
11/16/99,423.15,10932.33
11/17/99,410.04,10883.09
11/18/99,410.9,11035.7
11/19/99,411.55,11003.89
11/22/99,406.41,11089.52
11/23/99,405.42,10995.63
11/24/99,399.23,11008.17
11/26/99,412.31,10988.91
11/29/99,421.26,10947.92
11/30/99,422.12,10877.81
12/01/99,423.07,10998.39
12/02/99,419.67,11039.06
12/03/99,414.42,11286.18
12/07/99,413.88,11106.65
12/08/99,413.27,11068.12
12/09/99,419.77,11134.79
12/13/99,435.4,11192.59
12/14/99,438.23,11160.17
12/15/99,437.86,11225.32
12/16/99,437.71,11244.89
12/17/99,439.32,11257.43
12/20/99,450.68,11144.27
12/21/99,444.93,11200.54
12/22/99,458.43,11203.6
12/23/99,461.18,11405.76
12/27/99,466.45,11391.08
12/28/99,466.96,11476.71
12/29/99,479.42,11484.66
12/30/99,481.92,11452.86
01/04/00,498.46,10997.93
01/05/00,465.85,11122.65
01/06/00,443.46,11253.26
01/07/00,453.31,11522.56
01/10/00,459.47,11572.2
01/11/00,452.48,11511.08
01/12/00,459.62,11551.1
01/13/00,458.4,11582.43
01/14/00,474.37,11722.98
01/18/00,484.16,11560.72
01/19/00,486.33,11489.36
01/20/00,486.64,11351.3
01/21/00,478.92,11251.71
01/24/00,477.22,11008.17
01/25/00,473.22,11029.89
01/26/00,469.22,11032.99
01/27/00,474.91,11028.02
01/28/00,477.45,10738.87
01/31/00,477.57,10940.53
02/01/00,474.39,11041.05
02/02/00,470.62,11003.2
02/03/00,465.78,11013.44
02/04/00,470.34,10963.8
02/07/00,471.97,10905.79
02/08/00,465.94,10957.6
02/09/00,456.02,10699.16
02/10/00,453.1,10643.63
02/11/00,456.12,10425.21
02/14/00,447.56,10519.84
02/15/00,430.97,10718.09
02/16/00,422.83,10561.41
02/17/00,405.81,10514.57
02/18/00,408.35,10219.52
02/22/00,379.43,10304.84
02/23/00,389,10225.73
02/24/00,395.1,10092.63
02/25/00,406.66,9862.12
02/28/00,388.39,10038.65
02/29/00,374.32,10128.31
03/01/00,371.56,10137.93
03/02/00,391.39,10164.92
03/03/00,383.13,10367.2
03/06/00,379.27,10170.5
03/07/00,380.35,9796.03
03/08/00,385.56,9856.53
03/09/00,393.23,10010.73
03/10/00,402.4,9928.82
03/13/00,390.15,9947.13
03/14/00,400.37,9811.24
03/15/00,386.2,10131.41
03/16/00,395.83,10630.6
03/17/00,399.74,10595.23
03/20/00,400.99,10680.24
03/21/00,398.26,10907.34
03/22/00,395.15,10866.7
03/23/00,399.03,11119.86
03/24/00,404.16,11112.72
03/27/00,408.24,11025.85
03/28/00,412.44,10936.11
03/29/00,410.69,11018.72
03/30/00,399.59,10980.25
03/31/00,400.32,10921.92
04/03/00,399.74,11221.93
04/04/00,392.7,11164.84
04/05/00,395.33,11033.92
04/07/00,403.45,11111.48
04/10/00,403.32,11186.56
04/11/00,400.74,11287.08
04/12/00,414.45,11125.13
04/17/00,392.88,10582.51
04/18/00,385.25,10767.42
04/19/00,391.22,10674.96
04/20/00,389.48,10844.05
04/24/00,395,10906.1
04/25/00,396.48,11124.82
04/26/00,394.56,10945.5
04/27/00,393.36,10888.1
04/28/00,390.4,10733.91
05/02/00,385.44,10731.12
05/03/00,379.8,10480.13
05/04/00,379.97,10412.49
05/08/00,366.17,10603.63
05/09/00,357.77,10536.75
05/10/00,343.53,10367.78
05/11/00,336.54,10545.97
05/12/00,345.67,10609.37
05/15/00,339.37,10807.78
05/16/00,350.22,10934.57
05/18/00,343.39,10777.28
05/19/00,343.4,10626.85
05/22/00,333.36,10542.55
05/23/00,325.99,10422.27
05/24/00,319.68,10535.35
05/25/00,307.23,10323.92
05/26/00,313.08,10299.24
05/30/00,307.82,10527.13
05/31/00,323.29,10522.33
06/01/00,327.6,10652.2
06/02/00,339.28,10794.76
06/05/00,352.6,10815.3
06/06/00,345.43,10735.57
06/07/00,340.83,10812.86
06/08/00,344.58,10668.72
06/09/00,341.35,10614.06
06/12/00,340.7,10564.21
06/13/00,334.99,10621.84
06/14/00,345.43,10687.95
06/15/00,345.29,10714.82
06/16/00,344.49,10449.3
06/19/00,340.66,10557.84
06/20/00,339.77,10435.16
06/21/00,338.12,10497.74
06/22/00,334.03,10376.12
06/23/00,333.31,10404.75
06/26/00,330.73,10542.99
06/27/00,334.18,10504.46
06/28/00,334.48,10527.79
06/29/00,323.35,10398.04
06/30/00,325.69,10447.89
07/03/00,319.26,10560.67
07/05/00,322.85,10483.6
07/06/00,318.42,10481.47
07/07/00,322.87,10635.98
07/10/00,326.62,10646.58
07/11/00,325.72,10727.19
07/12/00,323.93,10783.41
07/13/00,320.45,10788.71
07/14/00,315.58,10812.75
07/18/00,313.39,10739.92
07/19/00,314.54,10696.08
07/20/00,307.85,10843.87
07/21/00,305.66,10733.56
07/24/00,293.13,10685.12
07/25/00,295.59,10699.97
07/26/00,291.43,10516.48
07/27/00,294.22,10586.13
07/28/00,291.6,10511.17
07/31/00,284.67,10521.98
08/01/00,295.49,10606.95
08/02/00,301.22,10687.53
08/03/00,307.97,10706.58
08/04/00,311.42,10767.75
08/07/00,306.72,10867.01
08/08/00,318.15,10976.89
08/09/00,315.02,10905.83
08/10/00,309.42,10908.76
08/11/00,316.6,11027.8
08/15/00,321.44,11067
08/16/00,327.46,11008.39
08/17/00,322.5,11055.64
08/18/00,319.22,11046.48
08/21/00,312.66,11079.81
08/22/00,316.48,11139.15
08/23/00,308.37,11144.65
08/24/00,307.32,11182.74
08/25/00,306.84,11192.63
08/28/00,305.72,11252.84
08/29/00,309.24,11215.1
08/30/00,309.67,11103.01
08/31/00,307.83,11215.1
09/01/00,310.73,11238.78
09/05/00,308.25,11260.61
09/06/00,302.51,11310.64
09/07/00,298.31,11259.87
09/08/00,297.07,11220.65
09/11/00,290.34,11195.49
09/12/00,288.03,11233.23
09/13/00,290.55,11182.18
09/14/00,287.21,11087.47
09/15/00,293.3,10927
09/18/00,286.81,10808.52
09/19/00,287.16,10789.29
09/20/00,282.23,10687.92
09/21/00,283.13,10765.52
09/22/00,274.14,10847.37
09/25/00,280.25,10808.15
09/26/00,282.08,10631.32
09/27/00,285.38,10628.36
09/28/00,279.75,10824.06
09/29/00,277.29,10650.92
10/02/00,276.69,10700.13
10/03/00,271.38,10719.74
10/04/00,271.85,10784.48
10/05/00,269.51,10724.92
10/06/00,267.68,10596.54
10/09/00,261.29,10568.43
10/10/00,256.98,10524.4
10/11/00,250.6,10413.79
10/12/00,257.74,10034.58
10/13/00,254.26,10192.18
10/16/00,258.08,10238.8
10/17/00,259.95,10089.71
10/18/00,268.18,9975.02
10/19/00,276.19,10142.98
10/20/00,276.6,10226.59
10/24/00,275.48,10393.07
10/25/00,271.1,10326.48
10/26/00,275.39,10380.12
10/27/00,274.34,10590.62
10/30/00,270.34,10835.77
10/31/00,271.84,10971.14
11/01/00,279.77,10899.47
11/02/00,280.3,10880.51
11/03/00,287.84,10817.95
11/06/00,291.93,10977.21
11/07/00,292.36,10952.18
11/08/00,299.37,10907.06
11/09/00,293.59,10834.25
11/10/00,293.23,10602.95
11/13/00,287.18,10517.25
11/14/00,288.28,10681.06
11/15/00,288.75,10707.6
11/16/00,289.99,10656.03
11/17/00,294.71,10629.87
11/20/00,288.41,10462.65
11/21/00,287.06,10494.5
11/22/00,283.58,10399.32
11/24/00,285.42,10470.23
11/27/00,284.73,10546.07
11/28/00,283.67,10507.58
11/29/00,282.9,10629.11
11/30/00,277.92,10414.49
12/01/00,273.86,10373.54
12/04/00,271.47,10560.1
12/06/00,272.03,10664.38
12/07/00,272.71,10617.36
12/08/00,273.69,10712.91
12/12/00,269.62,10768.27
12/13/00,271.92,10794.44
12/14/00,271.29,10674.99
12/15/00,273.17,10434.96
12/18/00,271.19,10645.42
12/19/00,271.09,10584.37
12/20/00,269.91,10318.93
12/21/00,269.85,10487.29
12/22/00,267.09,10635.56
12/26/00,264.86,10692.44
12/27/00,266.47,10803.16
12/28/00,267.71,10868.76
12/29/00,269.19,10786.85
01/03/01,272.03,10945.75
01/04/01,278.75,10912.41
01/05/01,286.76,10662.01
01/08/01,295.84,10621.35
01/09/01,298.37,10572.55
01/10/01,293.65,10604.27
01/11/01,295.06,10609.55
01/12/01,311.25,10525.38
01/16/01,308.42,10652.66
01/17/01,314.98,10584.34
01/18/01,314.26,10678.28
01/19/01,316.86,10587.59
01/22/01,319.09,10578.24
01/23/01,325.62,10649.81
01/24/01,325.59,10646.97
01/25/01,339.68,10729.52
01/26/01,332.13,10659.98
01/29/01,332.54,10702.19
01/30/01,325.21,10881.2
01/31/01,332.77,10887.36
02/01/01,330.46,10983.63
02/02/01,334.1,10864.1
02/05/01,329.08,10965.85
02/06/01,323.16,10957.42
02/07/01,327.51,10946.72
02/09/01,324.72,10781.45
02/12/01,318.2,10946.77
02/13/01,322.04,10903.32
02/14/01,315.25,10795.41
02/15/01,315.15,10891.02
02/16/01,316,10799.82
02/20/01,312.32,10730.88
02/21/01,310.23,10526.58
02/22/01,309.02,10526.81
02/23/01,324.24,10441.9
02/26/01,321.33,10642.53
02/27/01,326.92,10636.88
02/28/01,325.2,10495.28
03/01/01,316.22,10450.14
03/02/01,306.05,10466.31
03/05/01,300.24,10562.3
03/06/01,299.81,10591.22
03/07/01,306.35,10729.6
03/08/01,301.76,10858.25
03/09/01,307,10644.62
03/12/01,304.87,10208.25
03/13/01,302.76,10290.8
03/14/01,299.93,9973.46
03/15/01,296.1,10031.28
03/16/01,293,9823.41
03/19/01,291.3,9959.11
03/20/01,293.14,9720.76
03/21/01,291.22,9487
03/22/01,289.42,9389.48
03/23/01,290.25,9504.78
03/26/01,293.8,9687.53
03/27/01,291.02,9947.54
03/28/01,287.1,9785.35
03/29/01,287.88,9799.06
03/30/01,291.94,9878.78
04/02/01,290.11,9777.93
04/03/01,285.57,9485.71
04/04/01,279.16,9515.42
04/05/01,282.02,9918.05
04/09/01,278.25,9845.15
04/10/01,279.54,10102.74
04/11/01,282.37,10013.47
04/12/01,291.28,10126.94
04/17/01,286.62,10216.73
04/18/01,297.33,10615.83
04/19/01,298.07,10693.71
04/20/01,292.58,10579.85
04/23/01,290.54,10532.23
04/24/01,296.95,10454.34
04/25/01,296.86,10625.2
04/26/01,297.14,10625.2
04/27/01,297.21,10692.3
04/30/01,300.63,10810.05
05/02/01,299.52,10876.68
05/03/01,301.09,10796.65
05/04/01,306.48,10951.24
05/09/01,311.73,10866.98
05/10/01,316.13,10910.44
05/11/01,310.93,10821.31
05/14/01,307.53,10877.33
05/15/01,307.47,10872.97
05/16/01,300.25,11215.92
05/17/01,300.98,11248.58
05/18/01,300.64,11301.74
05/21/01,298.21,11337.92
05/22/01,311.17,11257.24
05/23/01,304.53,11105.51
05/24/01,312.27,11122.42
05/25/01,311.11,11055.37
05/29/01,309.47,11039.14
05/30/01,310.18,10872.64
05/31/01,310.13,10911.94
06/01/01,312.06,10990.41
06/04/01,313.96,11061.52
06/05/01,310.14,11175.84
06/06/01,310.46,11070.24
06/07/01,308.04,11090.74
06/08/01,312.29,10977
06/11/01,314.4,10922.09
06/12/01,314.2,10948.38
06/13/01,324.94,10871.62
06/14/01,322.24,10690.13
06/15/01,323.97,10623.64
06/18/01,318.49,10645.38
06/19/01,319.59,10596.67
06/20/01,318.47,10647.33
06/21/01,316.92,10715.43
06/22/01,318.67,10604.59
06/25/01,319.81,10683.49
06/26/01,320.76,10472.48
06/27/01,323.21,10434.84
06/28/01,322.55,10566.21
06/29/01,322.55,10593.45
07/02/01,322.45,10593.72
07/03/01,326.81,10571.11
07/05/01,324.88,10479.86
07/09/01,324.47,10299.4
07/10/01,323.68,10175.64
07/11/01,312.64,10241.02
07/12/01,315,10478.99
07/13/01,314.31,10539.06
07/16/01,309.38,10472.12
07/17/01,315.21,10606.39
07/18/01,315.16,10569.83
07/19/01,316.02,10610
07/20/01,312.27,10576.65
07/23/01,309.58,10424.42
07/25/01,308.1,10405.67
07/26/01,305.33,10455.63
07/27/01,301.09,10416.67
07/30/01,298.33,10401.72
07/31/01,297.69,10522.81
08/01/01,300.53,10510.01
08/02/01,303.23,10551.18
08/03/01,315.95,10512.78
08/06/01,314.06,10401.31
08/07/01,316.63,10458.74
08/08/01,323.09,10293.5
08/09/01,316.77,10298.56
08/10/01,315.87,10416.25
08/14/01,314.25,10412.17
08/15/01,317.77,10345.95
08/16/01,317.77,10392.52
08/17/01,323.25,10240.78
08/20/01,319.7,10320.07
08/21/01,319.14,10174.14
08/22/01,321.31,10276.9
08/23/01,324.9,10299.15
08/24/01,332.17,10423.17
08/27/01,338.57,10382.35
08/28/01,335.49,10222.03
08/29/01,338.02,10090.9
08/30/01,331.62,9919.58
08/31/01,335.57,9949.75
09/04/01,339.76,9997.49
09/05/01,338.21,10033.27
09/06/01,342.56,9840.84
09/07/01,342.32,9605.85
09/10/01,331.65,9605.51
09/17/01,270.61,8920.7
09/18/01,274.21,8903.4
09/19/01,287.13,8759.13
09/20/01,279.8,8759.13
09/21/01,274.6,8235.81
09/24/01,279.49,8603.86
09/25/01,276.72,8659.97
09/26/01,275.67,8567.39
09/27/01,274.76,8681.42
09/28/01,277.04,8847.56
10/01/01,273.09,8836.83
10/02/01,276.49,8950.59
10/03/01,276.09,9123.78
10/04/01,283.02,9060.88
10/05/01,280.88,9119.77
10/08/01,277.28,9067.94
10/09/01,286.6,9052.44
10/10/01,286.72,9240.86
10/11/01,286.42,9410.45
10/12/01,284.97,9344.16
10/15/01,282.06,9347.62
10/16/01,283.42,9383.19
10/17/01,287.83,9232.97
10/18/01,286.15,9163.22
10/19/01,284.72,9204.11
10/22/01,283.43,9377.03
10/24/01,284.06,9345.62
10/25/01,280.62,9462.9
10/26/01,280.6,9545.17
10/29/01,278.16,9269.5
10/30/01,273.6,9121.98
10/31/01,275.09,9075.14
11/01/01,273.64,9263.9
11/02/01,274.22,9323.54
11/05/01,272.99,9441.03
11/06/01,271.44,9591.12
11/07/01,265.22,9554.37
11/08/01,268.34,9587.52
11/09/01,268.11,9608
11/12/01,271.75,9554.37
11/13/01,270.9,9750.95
11/14/01,267.2,9823.61
11/15/01,268.28,9872.39
11/16/01,275.54,9866.99
11/19/01,276.97,9976.46
11/20/01,283.84,9901.38
11/21/01,291.21,9834.68
11/23/01,296.77,9959.71
11/26/01,292.56,9982.75
11/27/01,296.46,9872.6
11/28/01,292.98,9711.86
11/29/01,297.87,9829.42
11/30/01,302.62,9851.56
12/03/01,302.2,9763.96
12/04/01,303.81,9893.84
12/06/01,305.25,10099.14
12/07/01,304.05,10049.46
12/11/01,294.86,9888.37
12/12/01,297.71,9894.81
12/13/01,294.61,9894.81
12/14/01,294,9811.15
12/17/01,293.51,9891.97
12/18/01,292.87,9998.39
12/19/01,295.34,10070.49
12/20/01,297.92,9985.18
12/21/01,296.69,10035.34
12/26/01,304.44,10088.07
12/27/01,301.17,10131.31
12/28/01,303.85,10136.99
01/02/02,305.19,10073.4
01/03/02,312.05,10172.14
01/04/02,315.73,10259.74
01/07/02,317.69,10197.05
01/08/02,318.64,10150.55
01/09/02,319.24,10094.09
01/10/02,319.3,10067.86
01/11/02,322.55,9987.53
01/14/02,325.66,9891.42
01/15/02,323.39,9924.15
01/16/02,319.57,9712.27
01/17/02,319.18,9850.04
01/18/02,317.52,9771.85
01/22/02,317.27,9713.8
01/23/02,326.92,9730.96
01/24/02,333.96,9796.07
01/25/02,338.99,9840.08
01/28/02,337.49,9813.57
01/29/02,339.69,9618.24
01/30/02,340.4,9762.86
01/31/02,340.82,9920
02/01/02,336.65,9907.26
02/04/02,336.15,9687.09
02/05/02,343.37,9685.43
02/06/02,348.17,9653.39
02/07/02,346.77,9625.44
02/08/02,353.59,9744.24
02/11/02,356.94,9884.78
02/12/02,353.69,9863.74
02/13/02,361.99,9989.67
02/14/02,365.3,10001.99
02/15/02,373.02,9903.04
02/19/02,370.19,9745.14
02/20/02,376.31,9941.17
02/21/02,361.49,9834.68
02/22/02,351.32,9968.15
02/25/02,356.65,10145.71
02/27/02,372.22,10127.58
02/28/02,371.81,10106.13
03/01/02,380.65,10368.86
03/04/02,391,10586.82
03/05/02,384.55,10433.41
03/06/02,391.71,10574.29
03/07/02,391.67,10525.37
03/08/02,390.65,10572.49
03/11/02,387.78,10611.24
03/12/02,384.74,10632.35
03/13/02,378.61,10501.85
03/14/02,382.16,10517.14
03/15/02,377.39,10607.23
03/18/02,374.73,10577.75
03/19/02,375.9,10635.25
03/20/02,383.34,10501.57
03/21/02,386.33,10479.84
03/22/02,389.31,10427.67
03/25/02,387.12,10281.67
03/26/02,384.8,10353.36
03/27/02,377.1,10426.91
03/28/02,379.55,10403.94
04/01/02,375.52,10362.7
04/02/02,370.82,10313.71
04/03/02,364.11,10198.29
04/04/02,361.95,10235.17
04/05/02,369.99,10271.64
04/09/02,370.86,10208.67
04/10/02,372.67,10381.73
04/11/02,377.95,10176.08
04/12/02,379.63,10190.82
04/17/02,390.73,10220.78
04/18/02,387.48,10205.28
04/19/02,386.51,10257.11
04/22/02,386.92,10136.43
04/23/02,381.43,10089.24
04/24/02,380.76,10030.43
04/25/02,373.04,10035.06
04/26/02,376.44,9910.72
04/29/02,371.01,9819.87
04/30/02,371.42,9946.22
05/02/02,369.86,10091.87
05/03/02,374.05,10006.63
05/07/02,374.65,9836.55
05/08/02,382.48,10141.83
05/09/02,380.7,10037.42
05/10/02,382.09,9939.92
05/13/02,380.67,10109.66
05/14/02,382.09,10298.14
05/15/02,375.83,10243.68
05/16/02,376.18,10289.21
05/17/02,378.23,10353.08
05/20/02,381.02,10229.5
05/21/02,385.64,10105.71
05/22/02,386.97,10157.88
05/23/02,392.85,10216.08
05/24/02,392.09,10104.26
05/28/02,403.04,9981.58
05/29/02,409.11,9923.04
05/30/02,407.41,9911.69
05/31/02,407.96,9925.25
06/03/02,406.77,9709.79
06/04/02,402.54,9687.84
06/05/02,411.07,9796.8
06/06/02,417.76,9624.64
06/07/02,417.33,9589.67
06/10/02,423.65,9645.4
06/11/02,418.85,9517.26
06/12/02,423.61,9617.71
06/13/02,426.45,9502.8
06/14/02,422.44,9474.21
06/17/02,417.39,9687.42
06/18/02,418.52,9706.12
06/19/02,406.47,9561.57
06/20/02,403.31,9431.77
06/21/02,395.46,9253.79
06/24/02,393.88,9281.82
06/25/02,398.53,9126.82
06/26/02,381.21,9120.11
06/27/02,383.02,9269.92
06/28/02,389.1,9243.26
07/02/02,390.78,9007.75
07/03/02,395.15,9054.97
07/04/02,397.79,9054.97
07/05/02,401.1,9379.5
07/08/02,398.75,9274.9
07/09/02,403.22,9096.09
07/10/02,402.97,8813.5
07/11/02,397.97,8801.53
07/12/02,400.66,8684.53
07/15/02,399.36,8639.19
07/16/02,392.55,8473.11
07/17/02,394.32,8542.48
07/18/02,397.91,8409.49
07/19/02,394.27,8019.26
07/22/02,383.07,7784.58
07/23/02,387.96,7702.34
07/24/02,374.44,8191.29
07/26/02,366.47,8264.39
07/29/02,366.48,8711.88
07/30/02,374.08,8680.03
07/31/02,376.02,8736.59
08/01/02,376.68,8506.62
08/02/02,370.46,8313.13
08/05/02,362.14,8043.63
08/06/02,362.66,8274.09
08/07/02,367.04,8456.15
08/08/02,360.03,8712.02
08/09/02,367.07,8745.45
08/13/02,366.47,8482.39
08/14/02,371.19,8743.31
08/15/02,371.62,8818.14
08/16/02,373.03,8778.06
08/19/02,370.21,8990.79
08/20/02,373.25,8872.07
08/21/02,372.22,8957.23
08/22/02,368.32,9053.64
08/23/02,367.01,8872.96
08/26/02,369.02,8919.01
08/27/02,370.14,8824.41
08/28/02,365.13,8694.09
08/29/02,362.14,8670.99
08/30/02,361.16,8663.5
09/03/02,355.59,8308.05
09/04/02,351.94,8425.12
09/05/02,350.05,8283.7
09/06/02,353.55,8427.2
09/09/02,353.23,8519.38
09/10/02,360.61,8602.61
09/11/02,361.35,8581.17
09/12/02,361.49,8379.41
09/13/02,357.15,8312.69
09/16/02,351.88,8380.18
09/17/02,359.3,8207.55
09/18/02,354,8172.45
09/19/02,352.34,7942.39
09/20/02,351.52,7986.02
09/23/02,347.97,7872.15
09/24/02,340.33,7683.13
09/25/02,336,7841.82
09/26/02,335.82,7997.12
09/27/02,338.72,7701.45
09/30/02,331.79,7591.93
10/01/02,333.69,7938.79
10/02/02,335.43,7755.61
10/03/02,336.55,7717.19
10/04/02,340.92,7528.4
10/07/02,335.88,7422.84
10/08/02,337.84,7501.49
10/09/02,338.37,7286.27
10/10/02,333.75,7533.95
10/11/02,330.41,7850.29
10/15/02,328.29,8255.68
10/16/02,332.8,8036.03
10/17/02,333.18,8275.04
10/18/02,342.46,8322.4
10/21/02,344.28,8538.24
10/22/02,346.21,8450.16
10/24/02,346.59,8317.34
10/25/02,348.46,8443.99
10/28/02,357.42,8368.04
10/29/02,353.95,8368.94
10/30/02,355,8427.41
10/31/02,357.22,8397.03
11/01/02,357.68,8517.64
11/04/02,358.8,8571.6
11/05/02,355.77,8678.27
11/06/02,353.8,8771.01
11/07/02,357.46,8586.24
11/08/02,355,8537.13
11/11/02,350.36,8358.95
11/12/02,345.07,8386
11/13/02,343.67,8398.49
11/14/02,348.95,8542.13
11/15/02,356.24,8579.09
11/18/02,357.1,8486.57
11/19/02,353.62,8474.78
11/20/02,352.18,8623.01
11/21/02,358.44,8845.15
11/22/02,362.59,8804.84
11/25/02,364.53,8849.4
11/26/02,361.21,8676.42
11/27/02,361.35,8931.68
11/28/02,364.29,8931.68
11/29/02,364.9,8896.09
12/02/02,366.67,8862.57
12/03/02,364.19,8742.93
12/04/02,364.94,8737.85
12/06/02,365.09,8645.77
12/09/02,365.35,8473.41
12/11/02,365.46,8589.14
12/12/02,360.99,8538.4
12/13/02,356.2,8433.71
12/16/02,353.93,8627.4
12/17/02,352.83,8535.39
12/18/02,350.62,8447.35
12/19/02,350.25,8364.8
12/22/02,350.01,8511.32
12/23/02,350.55,8493.29
12/24/02,350.93,8448.11
12/26/02,354.96,8432.61
12/27/02,356.48,8303.78
01/02/03,351.52,8607.52
01/03/03,357.23,8601.69
01/06/03,364.15,8773.57
01/07/03,365.51,8740.59
01/08/03,360.41,8595.31
01/09/03,358.76,8776.18
01/10/03,358.76,8776.18
01/13/03,364.05,8785.98
01/14/03,373.33,8842.62
01/15/03,371.82,8723.18
01/16/03,370.48,8697.87
01/17/03,367.16,8586.74
01/21/03,375.91,8442.9
01/22/03,373.17,8318.73
01/23/03,376.56,8369.47
01/24/03,376.3,8131.01
01/27/03,370.8,7989.56
01/28/03,374.76,8088.84
01/29/03,369.69,8110.71
01/30/03,370.3,7945.13
01/31/03,370.01,8053.81
02/03/03,372.4,8109.82
02/04/03,373.37,8013.29
02/05/03,373.28,7985.18
02/06/03,379.1,7929.3
02/07/03,378.95,7864.23
02/10/03,375.48,7920.11
02/11/03,379.14,7843.11
02/12/03,380.26,7758.17
02/13/03,370.25,7749.87
02/14/03,368.71,7908.8
02/18/03,370.45,8041.15
02/19/03,371.18,8000.6
02/20/03,364.42,7914.96
02/21/03,359.53,8018.11
02/24/03,362.09,7858.24
02/25/03,356.76,7909.5
02/26/03,356.02,7806.98
02/27/03,358.89,7884.99
02/28/03,361.32,7891.08
03/03/03,367.67,7837.86
03/04/03,364.55,7704.87
03/05/03,359.9,7775.6
03/06/03,358.96,7673.99
03/07/03,358.48,7740.03
03/10/03,353.29,7568.18
03/11/03,350.98,7524.06
03/12/03,352.44,7552.07
03/13/03,353.48,7821.75
03/14/03,358.24,7859.71
03/17/03,354.61,8141.92
03/18/03,362.85,8194.23
03/19/03,361.13,8265.45
03/20/03,364.24,8286.6
03/21/03,363.62,8521.97
03/24/03,361.28,8214.68
03/25/03,363.74,8280.23
03/26/03,368.14,8229.88
03/27/03,368.94,8201.45
03/28/03,369.53,8145.77
03/31/03,364.55,7992.13
04/01/03,362.22,8069.86
04/02/03,363.02,8285.06
04/03/03,365.12,8240.38
04/04/03,371.93,8277.15
04/08/03,375.82,8298.92
04/09/03,376.2,8197.94
04/10/03,375.02,8221.33
04/11/03,383.36,8203.41
04/16/03,386.54,8257.61
04/17/03,384.63,8337.65
04/21/03,385.5,8328.9
04/22/03,378.97,8484.99
04/23/03,375.39,8515.66
04/24/03,369.71,8440.04
04/25/03,368.53,8306.35
04/28/03,368.85,8471.61
04/29/03,372.92,8502.99
04/30/03,374.63,8480.09
05/02/03,375.24,8582.68
05/06/03,380.05,8588.36
05/07/03,379.45,8560.63
05/08/03,378.2,8491.22
05/09/03,384.32,8604.6
05/12/03,383.49,8726.73
05/13/03,386.79,8679.25
05/14/03,385.22,8647.82
05/16/03,383,8678.97
05/19/03,379.03,8493.39
05/20/03,382.97,8491.36
05/21/03,387.37,8516.43
05/22/03,388.62,8594.02
05/23/03,395.52,8601.38
05/27/03,400.69,8781.35
05/28/03,402.98,8793.12
05/29/03,403.4,8711.18
05/30/03,403.82,8850.26
06/02/03,404.78,8897.81
06/03/03,403.69,8922.95
06/04/03,412.68,9038.98
06/05/03,415.63,9041.3
06/06/03,418.21,9062.79
06/09/03,419.28,8980
06/10/03,424.05,9054.89
06/11/03,422.6,9183.22
06/12/03,431.73,9196.55
06/13/03,427.97,9117.12
06/16/03,429.75,9318.96
06/17/03,442.3,9323.02
06/18/03,446.2,9293.8
06/19/03,454.19,9179.53
06/20/03,452.66,9200.75
06/23/03,458.79,9072.95
06/24/03,450.02,9109.85
06/25/03,453.89,9011.53
06/26/03,459.34,9079.04
06/27/03,457.51,8989.05
06/30/03,461.82,8985.44
07/02/03,477.73,9142.84
07/03/03,489.8,9070.21
07/04/03,495.72,9070.21
07/07/03,489.33,9216.79
07/08/03,496.64,9223.09
07/09/03,482.52,9156.21
07/10/03,474.28,9036.04
07/11/03,484.39,9119.59
07/15/03,494.2,9128.97
07/16/03,503.19,9094.59
07/17/03,495.08,9050.82
07/18/03,493.04,9188.15
07/21/03,487.44,9096.69
07/22/03,488.58,9158.45
07/23/03,480.44,9194.24
07/24/03,478.9,9112.51
07/25/03,484.86,9284.57
07/28/03,480.48,9266.51
07/29/03,478.29,9204.46
07/30/03,474.9,9200.05
07/31/03,484.11,9233.8
08/01/03,491.54,9153.97
08/04/03,494.84,9186.04
08/05/03,489.99,9036.32
08/06/03,489.77,9061.74
08/07/03,498.38,9126.45
08/08/03,503.2,9191.09
08/11/03,513.19,9217.35
08/13/03,525.15,9271.76
08/14/03,518.83,9310.56
08/15/03,519.04,9321.69
08/18/03,520.51,9412.45
08/19/03,525.94,9428.9
08/20/03,521.1,9397.51
08/21/03,530.21,9423.68
08/22/03,534.81,9348.87
08/25/03,529.53,9317.64
08/26/03,531.06,9340.45
08/27/03,525.82,9333.79
08/28/03,535.91,9374.21
08/29/03,537.71,9415.82
09/02/03,541.9,9523.27
09/03/03,539.88,9568.46
09/04/03,545.43,9587.9
09/05/03,557.81,9503.34
09/08/03,564.41,9586.29
09/09/03,557.55,9507.2
09/10/03,560.57,9420.46
09/11/03,561.66,9459.76
09/12/03,568.37,9471.55
09/15/03,566.54,9448.81
09/16/03,568.83,9567.34
09/17/03,558.7,9545.65
09/18/03,553.32,9659.13
09/19/03,567.21,9644.82
09/22/03,562.19,9535.41
09/23/03,566.13,9576.04
09/24/03,575.55,9425.51
09/25/03,576.68,9343.96
09/26/03,580.87,9313.08
09/29/03,580.93,9380.24
09/30/03,578.98,9275.06
10/01/03,569.75,9469.2
10/02/03,567.02,9487.8
10/03/03,558.34,9572.31
10/06/03,544.36,9594.98
10/07/03,544.39,9654.61
10/08/03,560.74,9630.9
10/09/03,573.63,9680.01
10/10/03,582.15,9674.68
10/13/03,578.59,9764.38
10/14/03,568.47,9812.98
10/15/03,576.1,9803.05
10/16/03,583.61,9791.72
10/17/03,588.6,9721.79
10/20/03,592.78,9777.94
10/21/03,593.02,9747.64
10/22/03,604.77,9598.24
10/24/03,609.25,9582.46
10/27/03,615.68,9608.16
10/28/03,615.39,9748.31
10/29/03,624.06,9774.53
10/30/03,624.37,9786.61
10/31/03,639.45,9801.12
11/03/03,659.96,9858.46
11/04/03,665.06,9838.83
11/05/03,673.7,9820.83
11/06/03,667.54,9856.97
11/07/03,671,9809.79
11/10/03,664.36,9756.53
11/11/03,647.55,9737.79
11/12/03,653.49,9848.83
11/13/03,658.15,9837.94
11/14/03,657.38,9768.68
11/17/03,640.84,9710.83
11/18/03,636.75,9624.16
11/19/03,619.03,9690.46
11/20/03,614.23,9619.42
11/21/03,613.43,9628.53
11/24/03,605.29,9747.79
11/25/03,605.03,9763.94
11/26/03,630.82,9779.57
11/28/03,646.03,9782.46
12/01/03,641.15,9899.05
12/02/03,646.64,9853.64
12/03/03,659.43,9873.42
12/04/03,659.29,9930.82
12/08/03,664.36,9965.27
12/09/03,667.08,9923.42
12/11/03,674,10008.16
12/12/03,674.45,10042.16
12/15/03,689.05,10022.82
12/16/03,691.88,10129.56
12/17/03,687.88,10145.26
12/18/03,700.93,10248.08
12/19/03,709.15,10278.22
12/22/03,718.33,10338
12/23/03,718.47,10341.26
12/24/03,723.39,10305.19
12/26/03,734.89,10324.67
12/29/03,746.81,10450
12/30/03,764.23,10425.04
12/31/03,772.15,10453.92
01/05/04,790.93,10544.07
01/06/04,769.68,10538.66
01/07/04,750.97,10529.03
01/08/04,773.55,10592.44
01/09/04,783.44,10458.89
01/12/04,794.01,10485.18
01/13/04,792.23,10427.18
01/14/04,790.84,10538.37
01/15/04,767.39,10553.85
01/16/04,778.44,10600.51
01/20/04,771.88,10528.66
01/21/04,766.72,10623.62
01/22/04,760.17,10623.18
01/23/04,754.44,10568.29
01/26/04,725.56,10702.51
01/27/04,739.47,10609.92
01/28/04,722.14,10468.37
01/29/04,714.04,10510.29
01/30/04,698.9,10488.07
02/02/04,667.33,10499.18
02/03/04,699.75,10505.18
02/04/04,718.06,10470.74
02/05/04,734.55,10495.55
02/06/04,711.15,10593.03
02/09/04,732.05,10579.03
02/10/04,739.64,10613.85
02/11/04,753.24,10737.7
02/12/04,748.16,10694.07
02/13/04,755.18,10627.85
02/17/04,748.83,10714.88
02/18/04,742.33,10671.99
02/19/04,732.97,10664.73
02/20/04,728.64,10619.03
02/23/04,724.86,10609.62
02/24/04,720.28,10566.37
02/25/04,704.65,10601.62
02/26/04,697.92,10580.14
02/27/04,716.3,10583.92
03/01/04,705.25,10678.14
03/02/04,701.75,10591.48
03/03/04,696.24,10593.11
03/04/04,700.59,10588
03/08/04,704.46,10529.48
03/09/04,710.66,10456.96
03/10/04,705.29,10296.89
03/11/04,707.74,10128.38
03/12/04,695.08,10240.08
03/15/04,678.42,10102.89
03/16/04,669.8,10184.67
03/17/04,674.41,10300.3
03/18/04,687.19,10295.78
03/19/04,681.27,10186.6
03/22/04,681.34,10064.75
03/23/04,679.22,10063.64
03/24/04,677.61,10048.23
03/25/04,664.66,10218.82
03/26/04,665.25,10212.97
03/29/04,645.8,10329.63
03/30/04,649.21,10381.7
03/31/04,647.3,10357.7
04/01/04,671.92,10373.33
04/02/04,693.12,10470.59
04/05/04,709.89,10558.37
04/07/04,698.82,10480.15
04/08/04,691.69,10442.03
04/12/04,701.72,10515.56
04/16/04,712.2,10451.97
04/19/04,704.65,10437.85
04/20/04,713.95,10314.5
04/21/04,706.65,10317.27
04/22/04,690.96,10461.2
04/23/04,681.88,10472.84
04/26/04,667.61,10444.73
04/27/04,680.89,10478.16
04/28/04,672.34,10342.6
04/29/04,656.38,10272.27
04/30/04,648.15,10225.57
05/04/04,644.1,10317.2
05/06/04,634.01,10241.26
05/07/04,636.8,10117.34
05/10/04,605.62,9990.02
05/11/04,618.1,10019.47
05/12/04,622.01,10045.16
05/13/04,611.23,10010.74
05/14/04,609.72,10012.87
05/17/04,581.61,9906.91
05/18/04,582.51,9968.51
05/19/04,614.99,9937.71
05/20/04,599.88,9937.64
05/21/04,615.41,9966.74
05/24/04,608.9,9958.43
05/25/04,601.51,10117.62
05/26/04,609.6,10109.89
05/27/04,630.72,10205.2
05/28/04,638.59,10188.45
06/01/04,635.01,10202.65
06/03/04,627.54,10195.91
06/04/04,626.47,10242.82
06/07/04,625.83,10391.08
06/08/04,611.46,10432.52
06/09/04,611.61,10368.44
06/10/04,612.21,10410.1
06/14/04,614,10334.73
06/15/04,613.76,10380.43
06/16/04,624.36,10379.58
06/17/04,623.72,10377.52
06/18/04,622.71,10416.41
06/21/04,630.03,10371.47
06/22/04,629.36,10395.07
06/23/04,627.24,10479.57
06/24/04,637.03,10443.81
06/25/04,644,10371.84
06/28/04,651.86,10357.09
06/29/04,649.62,10413.43
06/30/04,646.64,10435.48
07/02/04,647.57,10282.83
07/06/04,664.69,10219.34
07/07/04,666.43,10240.29
07/08/04,659.14,10171.56
07/09/04,666.59,10213.22
07/12/04,661.49,10238.22
07/13/04,663,10247.59
07/14/04,652.79,10208.8
07/15/04,646.76,10163.16
07/16/04,646.11,10139.78
07/19/04,642.12,10094.06
07/20/04,645.58,10149.07
07/21/04,655.82,10046.13
07/22/04,650.12,10050.33
07/23/04,648.47,9962.22
07/26/04,633.42,9961.92
07/27/04,633.21,10085.14
07/28/04,634.73,10117.07
07/29/04,631.42,10129.24
07/30/04,636.7,10139.71
08/03/04,630.81,10120.24
08/04/04,619.19,10126.51
08/05/04,618.9,9963.03
08/06/04,610.94,9815.33
08/09/04,607.47,9814.66
08/10/04,606.94,9944.67
08/11/04,595.6,9938.32
08/13/04,588.87,9825.35
08/16/04,596.98,9954.55
08/17/04,602.75,9972.83
08/18/04,605.3,10083.15
08/19/04,602.54,10040.82
08/20/04,598.55,10110.14
08/23/04,599.55,10073.05
08/24/04,600.03,10098.63
08/25/04,607.69,10181.74
08/26/04,617.07,10173.41
08/27/04,620.12,10195.01
08/30/04,612.45,10122.52
08/31/04,624.59,10173.92
09/01/04,628.81,10168.46
09/02/04,628.78,10290.28
09/03/04,629.08,10260.2
09/07/04,631.4,10342.79
09/08/04,630.21,10313.36
09/09/04,641.04,10289.1
09/10/04,640.6,10313.07
09/13/04,649.93,10314.76
09/14/04,651.89,10318.16
09/15/04,662.28,10231.36
09/16/04,662.39,10244.49
09/17/04,668.73,10284.46
09/20/04,668.29,10204.89
09/21/04,660.92,10244.93
09/22/04,663.51,10109.18
09/23/04,648.8,10038.9
09/24/04,654.6,10047.24
09/27/04,646.78,9988.54
09/28/04,637.89,10077.4
09/29/04,636.57,10136.24
09/30/04,644.67,10080.27
10/01/04,661.23,10192.65
10/04/04,679.13,10216.54
10/05/04,673.88,10177.68
10/06/04,668.51,10239.92
10/07/04,670.06,10125.4
10/08/04,676.15,10055.2
10/11/04,677.93,10081.97
10/12/04,658.27,10077.18
10/13/04,661.29,10002.33
10/14/04,641.3,9894.45
10/15/04,648.48,9933.38
10/18/04,646.51,9956.32
10/19/04,661,9897.62
10/20/04,652.46,9886.93
10/21/04,649.27,9865.76
10/22/04,659.05,9757.81
10/26/04,648.38,9888.48
10/27/04,626.85,10002.03
10/28/04,621.57,10004.54
10/29/04,628.16,10027.47
11/01/04,626.96,10054.39
11/02/04,631.99,10035.73
11/03/04,641.29,10137.05
11/04/04,639.13,10314.76
11/05/04,635.09,10387.54
11/08/04,629.2,10391.31
11/09/04,632.94,10386.37
11/10/04,625.78,10385.48
11/11/04,627.34,10469.84
11/12/04,639.74,10539.01
11/15/04,647.56,10550.24
11/16/04,642.65,10487.65
11/17/04,644.16,10549.57
11/18/04,646.93,10572.55
11/19/04,651.42,10456.91
11/22/04,644.95,10489.42
11/23/04,650.87,10492.6
11/24/04,643.06,10520.31
11/26/04,648.75,10522.23
11/29/04,657.25,10475.9
11/30/04,656.73,10428.02
12/01/04,655.44,10590.22
12/02/04,661.08,10585.12
12/03/04,663.84,10592.21
12/07/04,655.83,10440.58
12/08/04,645.41,10494.23
12/09/04,648.78,10552.82
12/13/04,645.75,10638.32
12/14/04,646.08,10676.45
12/15/04,657.18,10691.45
12/16/04,661.42,10705.64
12/17/04,669.46,10649.92
12/20/04,675.71,10661.6
12/21/04,671.5,10759.43
12/22/04,672.79,10815.89
12/23/04,667.9,10827.12
12/27/04,663.86,10776.13
12/28/04,662.39,10854.54
12/29/04,664.46,10829.19
12/30/04,668.1,10800.3
01/04/05,684.48,10630.78
01/05/05,683.5,10597.83
01/06/05,693.62,10622.88
01/07/05,697.84,10603.96
01/10/05,696.03,10621.03
01/11/05,691.97,10556.22
01/12/05,694.63,10617.78
01/13/05,693.43,10505.83
01/14/05,701.66,10558
01/18/05,709.55,10628.79
01/19/05,709.03,10539.97
01/20/05,706.9,10471.47
01/21/05,696.85,10392.99
01/24/05,695.92,10368.61
01/25/05,702.14,10461.56
01/26/05,702.66,10498.59
01/27/05,701.25,10467.4
01/28/05,701.66,10427.2
01/31/05,701.91,10489.94
02/01/05,708.73,10551.94
02/02/05,710.33,10596.79
02/03/05,716.92,10593.1
02/04/05,719.1,10716.13
02/07/05,725.76,10715.76
02/08/05,731.42,10724.63
02/09/05,735.63,10664.11
02/10/05,736.22,10749.61
02/11/05,726.2,10796.01
02/14/05,728.8,10791.13
02/15/05,736.91,10837.32
02/16/05,739.37,10834.88
02/17/05,734.68,10754.26
02/18/05,737.5,10785.22
02/22/05,730.56,10611.2
02/24/05,736.89,10748.79
02/25/05,740.04,10841.6
02/28/05,741.55,10766.23
03/01/05,738.75,10830
03/02/05,720.92,10811.97
03/03/05,720.39,10833.03
03/04/05,728.42,10940.55
03/07/05,737.42,10936.86
03/08/05,722.6,10912.62
03/09/05,722.58,10805.62
03/10/05,719.53,10851.51
03/11/05,710.98,10774.36
03/14/05,700.22,10804.51
03/15/05,696.84,10745.1
03/16/05,706.64,10633.07
03/17/05,706.53,10626.35
03/18/05,711.4,10629.67
03/21/05,705.03,10565.39
03/22/05,699.53,10470.51
03/23/05,693.26,10456.02
03/24/05,685.06,10442.87
03/28/05,682.98,10485.65
03/29/05,676.91,10405.7
03/31/05,681.49,10503.76
04/01/05,695.83,10404.3
04/04/05,682.52,10421.14
04/05/05,681.66,10458.46
04/07/05,677.97,10546.32
04/08/05,683.76,10461.34
04/11/05,694.34,10448.56
04/12/05,698.28,10507.97
04/18/05,676.9,10071.25
04/19/05,678.37,10127.41
04/20/05,684.19,10012.36
04/21/05,680.6,10218.6
04/22/05,677.25,10157.71
04/25/05,664.47,10242.47
04/26/05,662.13,10151.13
04/27/05,664.63,10198.8
04/28/05,659.24,10070.37
04/29/05,658.88,10192.51
05/03/05,669.72,10256.95
05/04/05,675.03,10384.64
05/06/05,689.36,10345.4
05/09/05,688.21,10384.34
05/10/05,681.83,10281.11
05/11/05,684.65,10300.25
05/12/05,682.12,10189.48
05/13/05,679.11,10140.12
05/16/05,670.76,10252.29
05/17/05,664.61,10331.88
05/18/05,672.19,10464.45
05/19/05,676.54,10493.19
05/20/05,670.65,10471.91
05/24/05,663.66,10503.68
05/25/05,660.18,10457.8
05/26/05,662.64,10537.6
05/27/05,663.48,10542.55
05/31/05,667.55,10467.48
06/01/05,667.52,10549.87
06/02/05,672.81,10553.49
06/03/05,676.7,10460.97
06/06/05,682.3,10467.03
06/07/05,682.15,10483.07
06/08/05,684.07,10476.86
06/09/05,677.2,10503.02
06/10/05,679.98,10512.63
06/13/05,675.09,10522.56
06/14/05,683.68,10547.57
06/15/05,687.47,10566.37
06/16/05,687.16,10578.65
06/17/05,686.52,10623.07
06/20/05,679.68,10609.11
06/21/05,689.64,10599.67
06/22/05,686.57,10587.93
06/23/05,693.13,10421.44
06/24/05,690.25,10297.84
06/27/05,684.18,10290.78
06/28/05,684.68,10405.63
06/29/05,685.56,10374.48
06/30/05,675.5,10274.97
07/05/05,663.52,10371.8
07/06/05,659.91,10270.68
07/07/05,638.31,10302.29
07/08/05,643.31,10449.14
07/11/05,640.82,10519.72
07/12/05,648.98,10513.89
07/13/05,658.37,10557.39
07/14/05,661.45,10628.89
07/15/05,655.46,10640.83
07/18/05,652.67,10574.99
07/19/05,648.67,10646.56
07/20/05,650.04,10689.15
07/21/05,648.92,10627.77
07/25/05,659.64,10596.48
07/26/05,656.91,10579.77
07/27/05,665.72,10637.09
07/28/05,670.09,10705.55
07/29/05,675.67,10640.91
08/01/05,674.99,10623.15
08/02/05,683.16,10683.74
08/03/05,687.94,10697.59
08/04/05,684.57,10610.1
08/05/05,686.01,10558.03
08/08/05,686.32,10536.93
08/09/05,681.54,10615.67
08/10/05,684.59,10594.41
08/11/05,681.95,10685.89
08/15/05,675.52,10634.38
08/16/05,667.18,10513.45
08/17/05,667.49,10550.71
08/18/05,672.02,10554.93
08/19/05,680.83,10559.23
08/22/05,690.77,10569.89
08/23/05,690.39,10519.58
08/24/05,695.67,10434.87
08/25/05,692.14,10450.63
08/26/05,695.89,10397.29
08/29/05,691.33,10463.05
08/30/05,692.86,10412.82
08/31/05,697.85,10481.6
09/01/05,710.28,10459.63
09/02/05,709.97,10447.37
09/06/05,705.46,10589.24
09/07/05,708.5,10633.5
09/08/05,715.08,10595.93
09/09/05,712.78,10678.56
09/12/05,712.8,10682.94
09/13/05,710.31,10597.44
09/14/05,717.77,10544.9
09/15/05,711.2,10558.75
09/16/05,708.26,10641.94
09/19/05,708.98,10557.63
09/20/05,723.16,10481.52
09/21/05,721.16,10378.03
09/22/05,725.64,10422.05
09/23/05,725.31,10419.59
09/26/05,721.28,10443.63
09/27/05,724.24,10456.21
09/28/05,723.2,10473.09
09/29/05,722.83,10552.78
09/30/05,723.23,10568.7
10/03/05,717.42,10535.48
10/04/05,714.9,10441.11
10/05/05,717.17,10317.36
10/06/05,710.79,10287.1
10/07/05,708.98,10292.31
10/10/05,707.05,10238.76
10/11/05,709.13,10253.17
10/12/05,709.2,10216.91
10/13/05,704.32,10216.59
10/14/05,700.02,10287.34
10/17/05,696.28,10348.1
10/18/05,695.18,10285.26
10/19/05,684.07,10414.13
10/20/05,681.92,10281.1
10/21/05,686.21,10215.22
10/25/05,676.84,10377.87
10/26/05,685.04,10344.98
10/27/05,685.29,10229.95
10/28/05,682.25,10402.77
10/31/05,682.62,10440.07
11/01/05,693.27,10406.77
11/02/05,699.88,10472.73
11/03/05,704.79,10522.59
11/04/05,706.23,10530.76
11/07/05,700.75,10586.23
11/08/05,695.6,10539.72
11/09/05,696.85,10546.21
11/10/05,694.44,10640.1
11/11/05,690.45,10686.04
11/14/05,683.41,10697.17
11/15/05,681.58,10686.44
11/16/05,675.31,10674.76
11/17/05,672.63,10720.22
11/18/05,676.41,10766.33
11/21/05,672.06,10820.28
11/22/05,674.25,10871.43
11/23/05,669.18,10916.09
11/25/05,669.89,10931.62
11/28/05,666.69,10890.72
11/29/05,669.9,10888.16
11/30/05,667.75,10805.87
12/01/05,660.95,10912.57
12/02/05,659.91,10877.51
12/06/05,679.16,10856.86
12/07/05,694.87,10810.91
12/08/05,692.58,10755.12
12/09/05,697.74,10778.58
12/13/05,693.48,10823.72
12/14/05,694.72,10883.51
12/15/05,690.49,10881.67
12/16/05,691.17,10875.59
12/19/05,691.28,10836.53
12/20/05,698.68,10805.55
12/21/05,698.43,10833.73
12/22/05,696.41,10889.44
12/23/05,698.95,10883.27
12/27/05,706.47,10777.77
12/28/05,705.29,10796.26
12/29/05,710.22,10784.82
12/30/05,713.73,10717.5
01/03/06,725.64,10847.41
01/04/06,743.2,10880.15
01/05/06,741.28,10882.15
01/06/06,747.34,10959.31
01/09/06,762.26,11011.9
01/10/06,759.32,11011.58
01/11/06,764.01,11043.44
01/12/06,753.04,10962.36
01/13/06,755.72,10959.87
01/17/06,750.73,10896.32
01/18/06,736.4,10854.86
01/19/06,744.98,10880.71
01/20/06,747.7,10667.39
01/23/06,750.28,10688.77
01/24/06,745.95,10712.22
01/25/06,762.7,10709.74
01/26/06,761.14,10809.47
01/27/06,761.27,10907.21
01/30/06,756.15,10899.92
01/31/06,762.63,10864.86
02/01/06,760.36,10953.95
02/02/06,744.54,10851.98
02/03/06,747.09,10793.62
02/06/06,744.12,10798.27
02/07/06,743.37,10749.76
02/08/06,734.63,10858.62
02/09/06,733.14,10883.35
02/10/06,738.07,10919.05
02/14/06,727.91,11028.39
02/15/06,725.73,11058.97
02/16/06,735.16,11120.68
02/17/06,739.35,11115.32
02/21/06,727.76,11069.06
02/22/06,728.6,11137.17
02/23/06,732.68,11069.22
02/24/06,741.8,11061.85
02/27/06,753.1,11097.55
02/28/06,744.05,10993.41
03/01/06,748.28,11053.53
03/02/06,752.52,11025.51
03/03/06,753.39,11021.59
03/06/06,750.81,10958.59
03/07/06,738.36,10980.69
03/08/06,723.86,11005.74
03/09/06,728.99,10972.28
03/10/06,728.18,11076.34
03/13/06,732.88,11076.02
03/14/06,738.63,11151.34
03/15/06,741.21,11209.77
03/16/06,739.96,11253.24
03/17/06,741.43,11279.65
03/20/06,734.51,11274.53
03/21/06,732.48,11235.47
03/22/06,724.41,11317.43
03/23/06,729.72,11270.29
03/24/06,730.85,11279.97
03/27/06,733.33,11250.11
03/28/06,729.24,11154.54
03/29/06,724.87,11215.7
03/30/06,730.99,11150.7
03/31/06,733.25,11109.32
04/03/06,738.67,11144.94
04/04/06,745.33,11203.85
04/05/06,768.07,11239.55
04/07/06,770.33,11120.04
04/10/06,757.51,11141.33
04/11/06,757.4,11089.63
04/12/06,755.43,11129.97
04/17/06,759.42,11073.78
04/18/06,764.17,11268.77
04/20/06,774.57,11342.89
04/21/06,773.06,11347.45
04/24/06,771.54,11336.32
04/25/06,763.88,11283.25
04/26/06,770.4,11354.49
04/27/06,770.01,11382.51
04/28/06,768.29,11367.14
05/02/06,768.26,11416.45
05/03/06,774.44,11400.28
05/04/06,768.22,11438.86
05/08/06,782.91,11584.54
05/09/06,785.38,11639.77
05/10/06,784.28,11642.65
05/11/06,782.5,11500.73
05/15/06,765.97,11428.77
05/16/06,761.87,11419.89
05/17/06,762.36,11205.61
05/18/06,748.3,11128.29
05/19/06,746.33,11144.06
05/22/06,724.44,11125.33
05/23/06,727.21,11098.35
05/24/06,714.1,11117.32
05/25/06,701.03,11211.05
05/26/06,717.5,11278.61
05/30/06,713.96,11094.43
05/31/06,709.43,11168.31
06/01/06,710.3,11260.28
06/02/06,722.61,11247.87
06/05/06,713.22,11048.72
06/06/06,702.04,11002.14
06/07/06,688.22,10930.9
06/08/06,675.63,10938.82
06/09/06,670.41,10891.92
06/14/06,646.69,10816.92
06/15/06,648.32,11015.19
06/16/06,665.39,11014.55
06/19/06,659.68,10942.11
06/20/06,646.78,10974.84
06/21/06,649.74,11079.46
06/22/06,659.32,11019.11
06/23/06,659.52,10989.09
06/26/06,659.27,11045.28
06/27/06,659.69,10924.74
06/28/06,666.8,10973.56
06/29/06,670.71,11190.8
06/30/06,678.13,11150.22
07/03/06,683.98,11228.02
07/05/06,680.72,11151.82
07/06/06,688.96,11225.3
07/07/06,686.11,11090.67
07/10/06,684.55,11103.55
07/12/06,686.02,11013.18
07/13/06,672.34,10846.29
07/14/06,661.59,10739.35
07/17/06,653.02,10747.36
07/18/06,659.58,10799.23
07/19/06,660.11,11011.42
07/20/06,668.96,10928.1
07/21/06,685.71,10868.38
07/24/06,683.76,11051.05
07/25/06,688.35,11103.71
07/26/06,690.92,11102.51
07/27/06,695.83,11100.43
07/28/06,691.43,11219.7
07/31/06,691.49,11185.68
08/01/06,686.97,11125.73
08/02/06,694.09,11199.93
08/03/06,703.1,11242.59
08/04/06,703.28,11240.35
08/07/06,705.35,11219.38
08/08/06,711.8,11173.59
08/09/06,708.93,11076.18
08/10/06,698.12,11124.37
08/11/06,708.42,11088.03
08/15/06,707.68,11230.26
08/16/06,712.07,11327.12
08/17/06,709.01,11334.96
08/18/06,708.49,11381.47
08/21/06,705.93,11345.05
08/22/06,706.3,11339.84
08/23/06,698.01,11297.9
08/24/06,692.17,11304.46
08/25/06,689.13,11284.05
08/28/06,682.07,11352.01
08/29/06,686.24,11369.94
08/30/06,684.51,11382.91
08/31/06,690.9,11381.15
09/01/06,696.44,11464.15
09/05/06,701.1,11469.28
09/06/06,701.96,11406.2
09/07/06,692.56,11331.44
09/08/06,692.46,11392.11
09/11/06,686.03,11396.84
09/12/06,687.76,11498.09
09/13/06,698.19,11543.32
09/14/06,701.97,11527.39
09/15/06,700.61,11560.77
09/18/06,705.89,11555
09/19/06,702.56,11540.91
09/21/06,692.57,11533.23
09/22/06,681.71,11508.1
09/25/06,686.74,11575.81
09/26/06,688.63,11669.39
09/27/06,693.03,11689.24
09/28/06,687.9,11718.45
09/29/06,686.1,11679.07
10/02/06,683.84,11670.35
10/03/06,681.84,11727.34
10/04/06,687.96,11850.61
10/05/06,695.72,11866.69
10/06/06,694.6,11850.21
10/09/06,692.26,11857.81
10/10/06,699.16,11867.17
10/11/06,697.82,11852.13
10/12/06,709.67,11947.7
10/13/06,712.05,11960.51
10/16/06,717.11,11980.6
10/17/06,710.74,11950.02
10/18/06,718.74,11992.68
10/19/06,720.87,12011.73
10/20/06,724.98,12002.37
10/24/06,728.53,12110.43
10/25/06,732.8,12134.68
10/26/06,728.49,12163.66
10/27/06,725.77,12090.26
10/30/06,718.74,12086.5
10/31/06,722.46,12080.73
11/01/06,730.87,12031.02
11/02/06,729.03,12018.54
11/03/06,732.3,11986.04
11/06/06,734.9,12105.55
11/07/06,738.9,12156.77
11/08/06,738.93,12176.54
11/09/06,743.85,12103.3
11/10/06,740.42,12108.43
11/13/06,736.83,12131.88
11/14/06,733.87,12218.01
11/15/06,734.05,12251.71
11/16/06,733.14,12305.82
11/17/06,733.92,12342.56
11/20/06,726.37,12316.54
11/21/06,724.64,12321.59
11/22/06,729.43,12326.95
11/24/06,723.87,12280.17
11/27/06,734.66,12121.71
11/28/06,727.33,12136.45
11/29/06,735.76,12226.73
11/30/06,739.06,12221.93
12/01/06,741.38,12194.13
12/04/06,742.45,12283.85
12/06/06,746.16,12309.25
12/07/06,745.54,12278.41
12/08/06,740.94,12307.49
12/12/06,738.25,12315.58
12/13/06,734.98,12317.5
12/14/06,732.4,12416.76
12/15/06,736.29,12445.52
12/18/06,730.55,12441.27
12/19/06,622.14,12471.32
12/20/06,691.55,12463.87
12/21/06,676.1,12421.25
12/22/06,680.31,12343.22
12/26/06,688.72,12407.63
12/27/06,687.88,12510.57
12/28/06,680.36,12501.52
12/29/06,679.84,12463.15
01/03/07,659.25,12474.52
01/04/07,648.22,12480.69
01/05/07,628.19,12398.01
01/08/07,633.82,12423.49
01/09/07,616.75,12416.6
01/10/07,622.27,12442.16
01/11/07,637.63,12514.98
01/12/07,645.71,12556.08
01/16/07,655.9,12582.59
01/17/07,651.47,12577.15
01/18/07,654.89,12567.93
01/19/07,658.17,12565.53
01/22/07,655.12,12477.16
01/23/07,650.76,12533.8
01/24/07,657.16,12621.77
01/25/07,660.71,12502.56
01/26/07,657.65,12487.02
01/29/07,653.92,12490.78
01/30/07,653.49,12523.31
01/31/07,654.04,12621.69
02/01/07,657,12673.68
02/02/07,670.6,12653.49
02/05/07,674.42,12661.74
02/06/07,673.63,12666.31
02/07/07,675.33,12666.87
02/08/07,691.28,12637.63
02/09/07,695.27,12580.83
02/12/07,697.46,12552.55
02/13/07,692.48,12654.85
02/14/07,697.84,12741.86
02/15/07,693.86,12765.01
02/16/07,688.01,12767.57
02/20/07,690.67,12786.64
02/21/07,692.38,12738.41
02/22/07,693.61,12686.02
02/23/07,690.76,12647.48
02/26/07,688.7,12632.26
02/27/07,683.95,12216.24
02/28/07,677.13,12268.63
03/01/07,680.6,12234.34
03/02/07,679.02,12114.1
03/06/07,674.24,12207.59
03/07/07,670.37,12192.45
03/08/07,671.98,12260.7
03/09/07,671.17,12276.32
03/12/07,672.36,12318.62
03/13/07,675.2,12075.96
03/14/07,670.62,12133.4
03/15/07,674.31,12159.68
03/16/07,671.05,12110.41
03/19/07,669.14,12226.17
03/20/07,671.76,12288.1
03/21/07,669.56,12447.52
03/22/07,674.84,12461.14
03/23/07,677.79,12481.01
03/26/07,679.04,12469.07
03/27/07,678.57,12397.29
03/28/07,669.04,12300.36
03/29/07,671.62,12348.75
03/30/07,673.71,12354.35
04/02/07,679.62,12382.3
04/03/07,686.53,12510.3
04/04/07,693.54,12530.05
04/05/07,692.47,12560.2
04/09/07,688.55,12569.14
04/10/07,689.48,12573.85
04/11/07,695.1,12484.62
04/12/07,692.46,12552.96
04/17/07,695.03,12773.04
04/18/07,692.27,12803.84
04/19/07,687.23,12808.63
04/20/07,687.53,12961.98
04/23/07,686.18,12919.4
04/24/07,685.48,12953.94
04/25/07,690.3,13089.89
04/26/07,690.79,13105.5
04/27/07,695.11,13120.94
04/30/07,699.16,13062.91
05/02/07,705.47,13211.88
05/03/07,709.91,13241.38
05/04/07,716.44,13264.62
05/08/07,712.87,13309.07
05/09/07,706.29,13362.87
05/10/07,707.19,13215.13
05/11/07,706.9,13326.22
05/14/07,712.18,13346.78
05/15/07,713.27,13383.84
05/16/07,721.66,13487.53
05/17/07,724.37,13476.72
05/18/07,728.76,13556.53
05/21/07,728.22,13542.88
05/22/07,732.77,13539.95
05/23/07,731.22,13525.65
05/24/07,720.72,13441.13
05/25/07,719.14,13507.28
05/29/07,727.79,13521.34
05/30/07,737.4,13633.08
06/01/07,753.93,13668.11
06/04/07,770.61,13676.32
06/05/07,760.59,13595.46
06/06/07,759.42,13465.67
06/07/07,758.83,13266.73
06/08/07,752,13424.39
06/11/07,754.15,13424.96
06/12/07,743.42,13295.01
06/13/07,726.6,13482.35
06/14/07,734.93,13553.72
06/15/07,744.25,13639.48
06/18/07,766.2,13612.98
06/19/07,763.78,13635.42
06/20/07,777.1,13489.42
06/21/07,776.2,13545.84
06/22/07,772.05,13360.26
06/25/07,764.12,13352.05
06/26/07,766.97,13337.66
06/27/07,771,13427.73
06/28/07,777.68,13422.28
06/29/07,776.79,13408.62
07/02/07,792.71,13535.43
07/03/07,813.52,13577.3
07/05/07,823.93,13565.84
07/06/07,832.38,13611.68
07/09/07,844.19,13649.97
07/10/07,858.45,13501.7
07/11/07,846.28,13577.87
07/12/07,843.87,13861.73
07/13/07,859.14,13907.25
07/16/07,857.08,13950.98
07/17/07,856.91,13971.55
07/18/07,849.56,13918.22
07/19/07,847.26,14000.41
07/20/07,850.54,13851.08
07/23/07,862.62,13943.42
07/24/07,880.95,13716.95
07/25/07,883.65,13785.07
07/26/07,884.16,13473.57
07/27/07,863.58,13265.47
07/31/07,859.76,13211.99
08/01/07,833.47,13362.37
08/02/07,830.29,13463.33
08/03/07,837.73,13181.91
08/06/07,815.87,13468.78
08/07/07,814.4,13504.3
08/08/07,831.64,13657.86
08/09/07,811.83,13270.68
08/10/07,804.84,13239.54
08/14/07,793.82,13028.92
08/15/07,773.92,12861.47
08/16/07,750.69,12845.78
08/17/07,758.42,13079.08
08/20/07,792.02,13121.35
08/21/07,764.4,13090.86
08/22/07,784.43,13236.13
08/23/07,791.5,13235.88
08/24/07,790.72,13378.87
08/27/07,791.17,13322.13
08/28/07,788.21,13041.85
08/29/07,792.04,13289.29
08/30/07,791.58,13238.73
08/31/07,813.21,13357.74
09/04/07,810.86,13448.86
09/05/07,814.5,13305.47
09/06/07,809.82,13363.35
09/07/07,801.46,13113.38
09/10/07,796.85,13127.85
09/11/07,801.54,13308.39
09/12/07,802,13291.65
09/13/07,807.1,13424.88
09/14/07,811.95,13442.52
09/17/07,802.65,13403.42
09/18/07,802.54,13739.39
09/19/07,811.79,13815.56
09/20/07,815.43,13766.7
09/21/07,831.51,13820.19
09/24/07,836.51,13759.06
09/25/07,835.18,13778.65
09/26/07,844.4,13878.15
09/27/07,843.05,13912.94
09/28/07,845.5,13895.63
10/01/07,852.47,14087.55
10/02/07,853.43,14047.31
10/03/07,850.58,13968.05
10/04/07,848.95,13974.31
10/05/07,852.33,14066.01
10/08/07,863.16,14043.73
10/09/07,867.59,14164.53
10/10/07,875.1,14078.69
10/11/07,889.06,14015.12
10/12/07,887.02,14093.08
10/15/07,897.1,13984.8
10/16/07,894.53,13912.94
10/17/07,884.53,13892.54
10/18/07,876.75,13888.96
10/19/07,875.83,13522.02
10/22/07,860.09,13566.97
10/24/07,866.03,13675.25
10/25/07,893.45,13671.92
10/26/07,894.57,13806.7
10/29/07,915.03,13870.26
10/30/07,906.66,13792.47
10/31/07,907.28,13930.01
11/01/07,902.73,13567.87
11/02/07,894.34,13595.1
11/05/07,872.86,13543.4
11/06/07,886.31,13660.94
11/07/07,880.27,13300.02
11/08/07,873.64,13266.29
11/09/07,874.64,13042.74
11/12/07,861.93,12987.55
11/13/07,857.66,13307.09
11/14/07,861.51,13231.01
11/15/07,855.52,13110.05
11/16/07,849.07,13176.79
11/19/07,831.14,12958.44
11/20/07,830.05,13010.14
11/21/07,807.58,12799.04
11/23/07,824.25,12980.88
11/26/07,832.78,12743.44
11/27/07,822.99,12958.44
11/28/07,820.52,13289.45
11/29/07,844.8,13311.73
11/30/07,846.44,13371.72
12/03/07,831.12,13314.57
12/04/07,833.34,13248.73
12/06/07,845.19,13619.89
12/07/07,841.39,13625.58
12/11/07,840.45,13432.77
12/12/07,834.09,13473.9
12/13/07,833.09,13517.96
12/14/07,836.4,13339.85
12/17/07,817.62,13167.2
12/18/07,813.9,13232.47
12/19/07,804.98,13207.27
12/20/07,791.71,13245.64
12/21/07,813.6,13450.65
12/26/07,841.2,13551.69
12/27/07,852.06,13359.61
12/28/07,858.1,13365.87
01/02/08,842.97,13043.96
01/03/08,832.63,13056.72
01/04/08,821.71,12800.18
01/07/08,808.31,12827.49
01/08/08,811.69,12589.07
01/09/08,820.47,12735.31
01/10/08,800.18,12853.09
01/11/08,796.47,12606.3
01/14/08,791.15,12778.15
01/15/08,779.79,12501.11
01/16/08,773.8,12466.16
01/17/08,791.25,12159.21
01/18/08,789.67,12099.3
01/22/08,741.54,11971.19
01/23/08,740.65,12270.17
01/24/08,728.58,12378.61
01/25/08,759.72,12207.17
01/28/08,744.36,12383.89
01/29/08,754.87,12480.3
01/30/08,763.48,12442.83
01/31/08,784.23,12650.36
02/01/08,810.86,12743.19
02/04/08,811.56,12635.16
02/05/08,807.68,12265.13
02/06/08,794.63,12200.1
02/07/08,793.17,12247
02/08/08,806.44,12182.13
02/11/08,804.15,12240.01
02/12/08,817.49,12373.41
02/13/08,829.41,12552.24
02/14/08,832.11,12376.98
02/15/08,826.65,12348.21
02/19/08,835.62,12337.22
02/20/08,827.13,12427.26
02/22/08,826.86,12381.02
02/25/08,838.74,12570.22
02/26/08,834.67,12684.92
02/27/08,832.04,12694.28
02/28/08,842.12,12582.18
02/29/08,845.76,12266.39
03/03/08,842.92,12258.9
03/04/08,831.41,12213.8
03/05/08,824.98,12254.99
03/06/08,827.71,12040.39
03/07/08,821.57,11893.69
03/10/08,806.65,11740.15
03/11/08,819.83,12156.81
03/12/08,827,12110.24
03/13/08,814.31,12145.74
03/14/08,818.04,11951.09
03/17/08,806.74,11972.25
03/18/08,812.32,12392.66
03/19/08,807.67,12099.66
03/20/08,798.11,12361.32
03/24/08,807.28,12548.64
03/25/08,820.31,12532.6
03/26/08,817.57,12422.86
03/27/08,822.96,12302.46
03/28/08,825.17,12216.4
03/31/08,817.03,12262.89
04/01/08,823.36,12654.36
04/02/08,825.71,12382.3
04/03/08,826.68,12626.03
04/04/08,824.8,12609.42
04/08/08,826.85,12576.44
04/09/08,826.19,12527.26
04/10/08,820.98,12581.98
04/11/08,827.1,12325.42
04/16/08,833.38,12619.27
04/17/08,845.43,12620.49
04/18/08,845.4,12849.36
04/21/08,841.98,12825.02
04/22/08,850.02,12720.23
04/23/08,837.66,12763.22
04/24/08,834.31,12848.95
04/25/08,832.19,12891.86
04/28/08,836.42,12871.75
04/29/08,833.63,12831.94
04/30/08,832.45,12820.13
05/02/08,843.15,13058.2
05/06/08,845.83,13020.83
05/07/08,848.71,12814.35
05/08/08,850.17,12866.78
05/09/08,846.71,12745.88
05/12/08,842.22,12876.31
05/13/08,839.28,12832.18
05/14/08,848.94,12898.38
05/15/08,855.61,12992.66
05/16/08,870.33,12986.8
05/20/08,873.82,12828.68
05/21/08,884.19,12601.19
05/22/08,874.54,12625.62
05/23/08,875.59,12479.63
05/27/08,855.6,12548.35
05/28/08,832.99,12594.03
05/29/08,830.61,12646.22
05/30/08,833.65,12638.32
06/02/08,810.22,12503.82
06/03/08,806.86,12402.85
06/04/08,808.92,12390.48
06/05/08,809.82,12604.45
06/06/08,817.33,12209.81
06/09/08,805.58,12280.32
06/10/08,791.94,12289.76
06/11/08,791.66,12083.77
06/12/08,790.8,12141.58
06/13/08,782.64,12307.35
06/16/08,787.59,12269.08
06/17/08,777.17,12160.3
06/18/08,765.74,12029.06
06/19/08,742.46,12063.09
06/20/08,768.9,11842.69
06/23/08,768.9,11842.36
06/24/08,763.75,11807.43
06/25/08,778.42,11811.83
06/26/08,774.39,11453.42
06/27/08,775.73,11346.51
06/30/08,768.59,11350.01
07/02/08,760.01,11215.51
07/03/08,742.15,11288.54
07/07/08,730.56,11231.96
07/08/08,722.5,11384.21
07/09/08,721.13,11147.44
07/10/08,721.86,11229.02
07/11/08,730.29,11100.54
07/14/08,717.06,11055.19
07/15/08,693.41,10962.54
07/16/08,669.97,11239.28
07/18/08,664.52,11496.57
07/21/08,687.3,11467.34
07/22/08,682.15,11602.5
07/23/08,694.14,11632.38
07/24/08,691.48,11349.28
07/25/08,685.47,11370.69
07/28/08,685.53,11131.08
07/29/08,676.73,11397.56
07/30/08,669.9,11583.69
07/31/08,676.32,11378.02
08/01/08,678.66,11326.32
08/04/08,674.67,11284.15
08/05/08,667.12,11615.77
08/06/08,676.35,11656.07
08/07/08,705.35,11431.43
08/08/08,690.7,11734.32
08/11/08,702.93,11782.35
08/13/08,701.6,11532.96
08/14/08,705.6,11615.93
08/15/08,707.48,11659.9
08/18/08,697.23,11479.39
08/19/08,691.33,11348.55
08/20/08,690.05,11417.43
08/21/08,676.53,11430.21
08/22/08,681.93,11628.06
08/25/08,678.2,11386.25
08/26/08,668.92,11412.87
08/27/08,675.99,11502.51
08/28/08,682.83,11715.18
08/29/08,684.44,11543.55
09/02/08,659.51,11516.92
09/03/08,649.93,11532.88
09/04/08,654.85,11188.23
09/05/08,645.8,11220.96
09/08/08,665.66,11510.74
09/09/08,663.61,11230.73
09/10/08,655.54,11268.92
09/11/08,646.8,11433.71
09/12/08,654.34,11421.99
09/15/08,642.39,10917.51
09/16/08,624.56,11059.02
09/17/08,605.14,10609.66
09/18/08,600.38,11019.69
09/19/08,624.83,11388.44
09/22/08,614.49,11015.69
09/23/08,608.25,10854.17
09/24/08,620.43,10825.17
09/25/08,621.14,11022.06
09/26/08,618.97,11143.13
09/29/08,601.29,10365.45
09/30/08,596.54,10850.66
10/01/08,594.45,10831.07
10/02/08,597.69,10482.85
10/03/08,590.05,10325.38
10/06/08,551.8,9955.5
10/07/08,528.71,9447.11
10/08/08,492.34,9258.1
10/09/08,499.99,8579.19
10/10/08,451.96,8451.19
10/13/08,476.33,9387.61
10/14/08,500.77,9310.99
10/15/08,481.5,8577.91
10/16/08,477.73,8979.26
10/17/08,471.31,8852.22
10/20/08,476.95,9265.43
10/21/08,478.79,9033.66
10/22/08,465.24,8519.21
10/24/08,432.87,8378.95
10/27/08,387.43,8175.77
10/28/08,398.04,9065.12
10/29/08,384.15,8990.96
10/30/08,408.31,9180.69
10/31/08,416.53,9325.01
11/03/08,449.19,9319.83
11/04/08,457.62,9625.28
11/05/08,457.36,9139.27
11/06/08,462.93,8695.79
11/07/08,463.81,8943.81
11/10/08,456.44,8870.54
11/11/08,442.31,8693.96
11/12/08,435.7,8282.66
11/13/08,433.47,8835.25
11/14/08,429.97,8497.31
11/17/08,434.21,8273.58
11/18/08,419.97,8424.75
11/19/08,408.51,7997.28
11/20/08,393.85,7552.29
11/21/08,397.51,8046.42
11/24/08,386.12,8443.39
11/25/08,391.85,8479.47
11/26/08,395.22,8726.61
11/28/08,401.84,8829.04
12/01/08,390.92,8149.09
12/02/08,387.32,8419.09
12/03/08,392.92,8591.69
12/04/08,392.87,8376.24
12/08/08,410.58,8934.18
12/09/08,423.79,8691.33
12/11/08,424.61,8565.09
12/12/08,424.79,8629.68
12/15/08,437.06,8564.53
12/16/08,445.31,8924.14
12/17/08,445.94,8824.34
12/18/08,451.72,8604.99
12/19/08,447.01,8579.11
12/22/08,434.08,8519.77
12/23/08,440.4,8419.49
12/24/08,439.17,8468.48
12/26/08,446.62,8515.55
12/29/08,446.7,8483.93
12/30/08,449.96,8668.39
01/05/09,478.69,8952.89
01/06/09,473.15,9015.1
01/07/09,462.96,8769.7
01/08/09,465.03,8742.46
01/09/09,459.06,8599.18
01/12/09,452.8,8473.97
01/13/09,433.81,8448.56
01/14/09,439.51,8200.14
01/15/09,426.26,8212.49
01/16/09,435.2,8281.22
01/20/09,433.19,7949.09
01/21/09,431.23,8228.1
01/22/09,438.27,8122.8
01/23/09,433.52,8077.56
01/26/09,436.73,8116.03
01/27/09,444.79,8174.73
01/28/09,448.35,8375.45
01/29/09,435,8149.01
01/30/09,437.69,8000.86
02/02/09,427.85,7936.83
02/03/09,430.69,8078.36
02/04/09,433.04,7956.66
02/05/09,433.44,8063.07
02/06/09,444.39,8280.59
02/10/09,443.17,7888.88
02/11/09,444.1,7939.53
02/12/09,440.63,7932.76
02/13/09,445.77,7850.41
02/17/09,438.22,7552.6
02/18/09,439.6,7555.63
02/19/09,441.62,7465.95
02/20/09,434.67,7365.67
02/23/09,434.99,7114.78
02/24/09,431.32,7350.94
02/25/09,434.24,7270.89
02/26/09,431.94,7182.08
02/27/09,431.52,7062.93
03/02/09,416.52,6763.29
03/03/09,413.09,6726.02
03/04/09,417.86,6875.84
03/05/09,417.11,6594.44
03/06/09,419.51,6626.94
03/09/09,411.27,6547.05
03/10/09,417.41,6926.49
03/11/09,414.41,6930.4
03/12/09,415.04,7170.06
03/13/09,424.79,7223.98
03/16/09,424.61,7216.97
03/17/09,422.32,7395.7
03/18/09,426.2,7486.58
03/19/09,427.72,7400.8
03/20/09,429.64,7278.38
03/23/09,438.17,7775.86
03/24/09,438.16,7659.97
03/25/09,436.92,7749.81
03/26/09,439.4,7924.56
03/27/09,440.81,7776.18
03/30/09,429.6,7522.02
03/31/09,431.5,7608.92
04/01/09,430.09,7761.6
04/02/09,442.96,7978.08
04/03/09,446.04,8017.59
04/07/09,442.56,7789.56
04/08/09,443.57,7837.11
04/09/09,444.07,8083.38
04/16/09,452.97,8125.43
04/17/09,456.8,8131.33
04/20/09,466.28,7841.73
04/21/09,466.38,7969.56
04/22/09,460.62,7886.57
04/23/09,466.06,7957.06
04/24/09,474.07,8076.29
04/27/09,474.99,8025
04/28/09,472.72,8016.95
04/29/09,483.5,8185.73
04/30/09,491.69,8168.12
05/04/09,506.26,8426.74
05/06/09,523.15,8512.28
05/07/09,527.72,8409.85
05/11/09,535.18,8418.77
05/12/09,544.54,8469.11
05/13/09,552.71,8284.89
05/14/09,526.55,8331.32
05/15/09,533.92,8268.64
05/18/09,540.22,8504.08
05/19/09,556.47,8474.85
05/20/09,561.41,8422.04
05/21/09,548.77,8292.13
05/22/09,554.02,8277.32
05/26/09,542.69,8473.49
05/27/09,555.41,8300.02
05/28/09,555.43,8403.8
05/29/09,560.41,8500.33
06/01/09,579.98,8721.44
06/02/09,574.3,8740.87
06/03/09,582.25,8675.28
06/04/09,593.6,8750.24
06/05/09,604.57,8763.13
06/08/09,600.03,8764.49
06/09/09,607.73,8763.06
06/10/09,624.55,8739.02
06/11/09,627.07,8770.92
06/12/09,628.55,8799.26
06/15/09,611.92,8612.13
06/16/09,596.54,8504.67
06/17/09,586.14,8497.18
06/18/09,570.43,8555.6
06/19/09,588.98,8539.73
06/22/09,582.29,8339.01
06/23/09,569.85,8322.91
06/24/09,581.43,8299.86
06/25/09,590.6,8472.4
06/26/09,595.8,8438.39
06/29/09,601.6,8529.38
06/30/09,597.48,8447
07/02/09,586.42,8280.74
07/08/09,575.87,8178.41
07/09/09,581.99,8183.17
07/10/09,566.03,8146.52
07/13/09,562.55,8331.68
07/14/09,577.75,8359.49
07/15/09,587.86,8616.21
07/16/09,582.74,8711.82
07/17/09,596.11,8743.94
07/20/09,613.67,8848.15
07/21/09,609.83,8915.94
07/22/09,598.22,8881.26
07/23/09,612.19,9069.29
07/24/09,614.24,9093.24
07/27/09,617.83,9108.51
07/28/09,621.96,9096.72
07/29/09,614.88,9070.72
07/30/09,621.95,9154.46
07/31/09,624,9171.61
08/03/09,641.43,9286.56
08/04/09,641.23,9320.19
08/05/09,640.16,9280.97
08/06/09,649.21,9256.26
08/07/09,644.2,9370.07
08/10/09,643.75,9337.95
08/11/09,643.02,9241.45
08/13/09,655.68,9398.19
08/14/09,654.25,9321.4
08/17/09,632.05,9135.34
08/18/09,640.25,9217.94
08/19/09,631.28,9279.16
08/20/09,640.98,9350.05
08/21/09,644.63,9505.96
08/24/09,653.2,9509.28
08/25/09,655.46,9539.29
08/26/09,658.28,9543.52
08/27/09,652.4,9580.63
08/28/09,656.98,9544.2
08/31/09,653.25,9496.28
09/01/09,654.12,9310.6
09/02/09,654.12,9280.67
09/03/09,665.54,9344.61
09/04/09,668.41,9441.27
09/08/09,691.73,9497.34
09/09/09,695.59,9547.22
09/10/09,703.09,9627.48
09/11/09,707.81,9605.41
09/14/09,694.32,9626.8
09/15/09,703.16,9683.41
09/16/09,710.25,9791.71
09/17/09,709.23,9783.92
09/18/09,713.67,9820.2
09/21/09,713.16,9778.86
09/22/09,724.37,9829.87
09/23/09,730.52,9748.55
09/24/09,728.54,9707.44
09/25/09,721.57,9665.19
09/28/09,708.88,9789.36
09/29/09,715.29,9742.2
09/30/09,717.07,9712.28
10/01/09,726.91,9509.28
10/02/09,724.56,9487.67
10/05/09,718.47,9599.75
10/06/09,731.39,9731.25
10/07/09,741.92,9725.58
10/08/09,744.03,9786.87
10/09/09,746.87,9864.94
10/12/09,751.86,9885.8
10/13/09,746.67,9871.06
10/14/09,731.47,10015.86
10/15/09,692.72,10062.94
10/16/09,717.12,9995.91
10/19/09,731.61,10092.19
10/20/09,725.6,10041.48
10/21/09,716.35,9949.36
10/22/09,708.76,10081.31
10/26/09,711.83,9867.96
10/27/09,714.54,9882.17
10/28/09,703.95,9762.69
10/29/09,690.1,9962.58
10/30/09,685.24,9712.73
11/02/09,677.22,9789.44
11/03/09,668.48,9771.91
11/04/09,686.41,9802.14
11/05/09,681.91,10005.96
11/06/09,698.63,10023.42
11/09/09,713.48,10226.94
11/10/09,708.2,10246.97
11/11/09,717.9,10291.26
11/12/09,696.72,10197.47
11/13/09,698.33,10270.47
11/16/09,706.75,10406.96
11/17/09,706.55,10437.42
11/18/09,707.26,10426.31
11/19/09,700.42,10332.44
11/20/09,695.25,10318.16
11/23/09,690.41,10450.95
11/24/09,676.22,10433.71
11/25/09,695.69,10464.4
11/27/09,680.37,10309.92
11/30/09,689.07,10344.84
12/01/09,710.01,10471.58
12/02/09,693.51,10452.68
12/03/09,706.84,10366.15
12/04/09,701.58,10388.9
12/08/09,698.82,10285.97
12/09/09,694.71,10337.05
12/11/09,703.64,10471.5
12/14/09,709.74,10501.05
12/15/09,709.64,10452
12/16/09,716.01,10441.12
12/17/09,715.81,10308.26
12/18/09,715.68,10328.89
12/21/09,715.17,10414.14
12/22/09,724.4,10464.93
12/23/09,729.8,10466.44
12/24/09,727.21,10520.1
12/28/09,733.71,10547.08
12/29/09,742.16,10545.41
12/30/09,734.54,10548.51
01/04/10,732.28,10583.96
01/05/10,732.11,10572.02
01/06/10,735.73,10573.68
01/07/10,734.63,10606.86
01/08/10,738.96,10618.19
01/11/10,746.95,10663.99
01/12/10,745.24,10627.26
01/13/10,746.74,10680.77
01/14/10,749.42,10710.55
01/15/10,746.52,10609.65
01/19/10,736.48,10725.43
01/20/10,731.8,10603.15
01/21/10,718.99,10389.88
01/22/10,714.1,10172.98
01/25/10,710.39,10196.86
01/26/10,701.66,10194.29
01/27/10,690.46,10236.16
01/28/10,689.72,10120.46
01/29/10,696.55,10067.33
02/01/10,697.61,10185.53
02/02/10,694.07,10296.85
02/03/10,707.65,10270.55
02/04/10,702.52,10002.18
02/05/10,691.41,10012.23
02/08/10,688.09,9908.39
02/09/10,685.89,10058.64
02/10/10,688.41,10038.38
02/11/10,695.41,10144.19
02/12/10,698.03,10099.14
02/16/10,692.73,10268.81
02/17/10,697.49,10309.24
02/18/10,695.66,10392.9
02/19/10,700.44,10402.35
02/22/10,705.8,10383.38
02/23/10,715.58,10282.41
02/24/10,715.18,10374.16
02/25/10,717.1,10321.03
02/26/10,721.37,10325.26
03/02/10,733.19,10405.98
03/03/10,735.04,10396.76
03/04/10,730.82,10444.14
03/05/10,723.96,10566.2
03/08/10,720.29,10552.52
03/09/10,718.77,10564.38
03/10/10,720.84,10567.33
03/11/10,720.84,10567.33
03/12/10,733.34,10624.69
03/15/10,734.83,10642.15
03/16/10,752.2,10685.98
03/17/10,765.54,10733.67
03/18/10,759.02,10779.17
03/19/10,774.59,10741.98
03/22/10,772.25,10785.89
03/23/10,782.48,10888.83
03/24/10,786.54,10836.15
03/25/10,784.38,10841.21
03/26/10,778.86,10850.36
03/29/10,771.4,10895.86
03/30/10,788.8,10907.42
03/31/10,787.98,10856.63
04/01/10,801.32,10927.07
04/05/10,808.15,10973.55
04/07/10,812.63,10897.52
04/08/10,783.93,10927.07
04/09/10,789.66,10997.35
04/12/10,760.9,11005.97
04/16/10,736.16,11018.66
04/19/10,726.29,11092.05
04/20/10,765.76,11117.06
04/21/10,757.85,11124.92
04/22/10,761.18,11134.29
04/23/10,754.58,11204.28
04/26/10,764.34,11205.03
04/27/10,762,10991.99
04/28/10,749.49,11045.27
04/29/10,753.2,11167.32
04/30/10,763.51,11008.61
05/04/10,796.86,10926.77
05/06/10,785.25,10520.32
05/07/10,768.55,10380.43
05/10/10,779.06,10785.14
05/11/10,772.09,10748.26
05/12/10,773.72,10896.91
05/13/10,766.55,10782.95
05/14/10,768.79,10620.16
05/17/10,753.26,10625.83
05/18/10,760.11,10510.95
05/19/10,765.54,10444.37
05/24/10,744.31,10066.57
05/25/10,721.29,10043.75
05/26/10,728.94,9974.45
05/27/10,737.28,10258.99
06/01/10,740.92,10024.02
06/02/10,749.68,10249.54
06/03/10,765.96,10255.28
06/04/10,771.48,9931.97
06/07/10,759.85,9816.49
06/08/10,757.41,9939.98
06/09/10,764.21,9899.25
06/10/10,768.16,10172.53
06/11/10,769.55,10211.07
06/14/10,781.13,10190.89
06/15/10,780.37,10404.77
06/16/10,786.64,10409.46
06/17/10,789.34,10434.17
06/18/10,791.85,10450.64
06/21/10,806.07,10442.41
06/22/10,804.13,10293.52
06/23/10,806.52,10298.44
06/24/10,793.19,10152.8
06/25/10,793.67,10143.81
06/28/10,804.4,10138.52
06/29/10,799.09,9870.3
06/30/10,797.31,9774.02
07/02/10,802.57,9686.48
07/06/10,815.52,9743.62
07/07/10,814.68,10018.28
07/08/10,817.57,10138.99
07/09/10,820.6,10198.03
07/12/10,819.61,10216.27
07/13/10,817.35,10363.02
07/14/10,819.54,10366.72
07/15/10,821.02,10359.31
07/16/10,827.54,10097.9
07/19/10,830.4,10154.43
07/20/10,824.41,10229.96
07/21/10,830.93,10120.53
07/22/10,833.01,10322.3
07/23/10,840.24,10424.62
07/27/10,853.68,10537.69
07/28/10,853.78,10497.88
07/29/10,854.59,10467.16
07/30/10,855.83,10465.94
08/02/10,863.18,10674.38
08/03/10,864.48,10636.38
08/04/10,867.34,10680.43
08/05/10,874.92,10674.98
08/06/10,875.07,10653.56
08/09/10,875.18,10698.75
08/10/10,861.95,10644.25
08/11/10,862.16,10378.83
08/16/10,860.55,10302.01
08/17/10,865.78,10405.85
08/18/10,880.02,10415.54
08/19/10,891.23,10271.21
08/20/10,893.92,10213.62
08/23/10,894.78,10174.41
08/24/10,890.45,10040.45
08/25/10,884.51,10060.06
08/26/10,886.1,9985.81
08/27/10,900.37,10150.65
08/30/10,909.65,10009.73
08/31/10,913.19,10014.72
09/01/10,919.34,10269.47
09/02/10,920.54,10320.1
09/03/10,929.9,10447.93
09/07/10,923.89,10340.69
09/08/10,923.88,10387.01
09/09/10,921.49,10415.24
09/10/10,924.57,10462.77
09/13/10,937.04,10544.13
09/14/10,921.39,10526.49
09/15/10,921.1,10572.73
09/16/10,924.81,10594.83
09/17/10,923.57,10607.85
09/20/10,923.06,10753.62
09/21/10,937.21,10761.03
09/22/10,945,10739.31
09/23/10,947.1,10662.42
09/24/10,951.9,10860.26
09/27/10,962.47,10812.04
09/28/10,959.27,10858.14
09/29/10,969.65,10835.28
09/30/10,975.3,10788.05
10/01/10,978.58,10829.68
10/04/10,964.22,10751.27
10/05/10,969.28,10944.72
10/06/10,979,10967.65
10/07/10,970.9,10948.58
10/08/10,963.19,11006.48
10/11/10,977.85,11010.34
10/12/10,977.08,11020.4
10/13/10,992.6,11096.08
10/14/10,993.72,11094.57
10/15/10,997.15,11062.78
10/18/10,984.03,11143.69
10/19/10,989.27,10978.62
10/20/10,988.11,11107.97
10/21/10,988.8,11146.57
10/22/10,992.24,11132.56
10/26/10,996.04,11169.46
10/27/10,983.96,11126.28
10/28/10,987.23,11113.95
10/29/10,984.46,11118.49
11/01/10,1003.24,11124.62
11/02/10,1005.58,11188.72
11/03/10,1014.2,11215.13
11/04/10,1031.61,11434.84
11/05/10,1040.45,11444.08
11/08/10,1049.79,11406.84
11/09/10,1047.55,11346.75
11/10/10,1042.28,11357.04
11/11/10,1029.86,11283.1
11/12/10,1018.86,11192.58
11/15/10,1029.14,11201.97
11/16/10,1000.73,11023.5
11/17/10,990.13,11007.88
11/18/10,1004.72,11181.23
11/19/10,1008.77,11203.55
11/22/10,1019.19,11178.58
11/23/10,1009.47,11036.37
11/24/10,1005.97,11187.28
11/26/10,991.71,11092
11/29/10,1009,11052.49
11/30/10,1005.12,11006.02
12/01/10,1017.64,11255.78
12/02/10,1031.97,11362.41
12/03/10,1034.06,11382.09
12/07/10,1040.72,11359.16
12/08/10,1025.08,11372.48
12/09/10,1035.85,11370.06
12/13/10,1033.32,11428.56
12/14/10,1037.41,11476.54
12/15/10,1035.47,11457.47
12/16/10,1029.6,11499.25
12/17/10,1022.46,11491.91
12/20/10,1006.51,11478.13
12/21/10,1013.19,11533.16
12/22/10,1019.14,11559.49
12/23/10,1021.27,11573.49
12/27/10,1019.46,11555.03
12/28/10,1028.33,11575.54
12/29/10,1034.59,11585.38
12/30/10,1032.76,11569.71
01/04/11,1042.41,11691.18
01/05/11,1050.78,11722.89
01/06/11,1050.98,11697.31
01/07/11,1036.45,11674.76
01/10/11,1018.03,11637.45
01/11/11,1013.39,11671.88
01/12/11,1019.51,11755.44
01/13/11,1035.08,11731.9
01/14/11,1032.26,11787.38
01/18/11,1024.54,11837.93
01/19/11,1034.8,11825.29
01/20/11,1022.16,11822.8
01/21/11,1006.57,11871.84
01/24/11,963.68,11980.52
01/25/11,959.17,11977.19
01/26/11,978.07,11985.44
01/27/11,986.71,11989.83
01/28/11,981.83,11823.7
01/31/11,964.1,11891.93
02/01/11,959.69,12040.16
02/02/11,977.84,12041.97
02/03/11,980.6,12062.26
02/04/11,984.78,12092.15
02/07/11,985.63,12161.63
02/08/11,983.53,12233.15
02/09/11,969.89,12239.89
02/10/11,949.09,12229.29
02/11/11,949.57,12273.26
02/14/11,967.07,12268.19
02/15/11,968.49,12226.64
02/16/11,982.07,12288.17
02/17/11,995.57,12318.14
02/22/11,987.21,12212.79
02/23/11,990.91,12105.78
02/24/11,977.22,12068.5
02/25/11,985.91,12130.45
02/28/11,987.91,12226.34
03/01/11,994.48,12058.02
03/02/11,987.59,12066.8
03/03/11,990.08,12258.2
03/04/11,995.91,12169.88
03/07/11,1002.94,12090.03
03/08/11,1018.57,12214.38
03/09/11,1017.01,12213.09
03/10/11,1019.22,11984.61
03/11/11,1007.06,12044.4
03/14/11,1022.89,11993.16
03/15/11,1003.1,11855.42
03/16/11,1008.13,11613.3
03/17/11,1002.35,11774.59
03/18/11,1003.29,11858.52
03/21/11,1019.93,12036.53
03/22/11,1019.14,12018.63
03/23/11,1027.54,12086.02
03/24/11,1034.39,12170.56
03/25/11,1037.73,12220.59
03/28/11,1032.94,12197.88
03/29/11,1036.36,12279.01
03/30/11,1050.67,12350.61
03/31/11,1047.48,12319.73
04/01/11,1064.35,12376.72
04/04/11,1078.66,12400.03
04/05/11,1076.13,12393.9
04/07/11,1089.21,12409.49
04/08/11,1082.69,12380.05
04/11/11,1076.33,12381.11
04/12/11,1084.91,12263.58
04/18/11,1090.67,12201.59
04/19/11,1095.88,12266.75
04/20/11,1107.36,12453.54
04/21/11,1109.92,12505.99
04/25/11,1105.43,12479.88
04/26/11,1096.95,12595.37
04/27/11,1101.35,12690.96
04/28/11,1092.31,12763.31
04/29/11,1093.56,12810.54
05/03/11,1070.43,12807.51
05/04/11,1073.87,12723.58
05/06/11,1050.85,12638.74
05/09/11,1072.47,12684.68
05/10/11,1085.56,12760.36
05/11/11,1100.48,12630.03
05/12/11,1086.27,12695.92
05/13/11,1084.96,12595.75
05/18/11,1075.91,12560.18
05/19/11,1077.5,12605.32
05/20/11,1072.94,12512.04
05/23/11,1053.97,12381.26
05/24/11,1064.24,12356.21
05/25/11,1055.54,12394.66
05/26/11,1065.45,12402.76
05/27/11,1067,12441.58
05/31/11,1073.83,12569.79
06/01/11,1065.63,12290.14
06/02/11,1059.81,12248.55
06/03/11,1057.86,12151.26
06/06/11,1046.16,12089.96
06/07/11,1034.75,12070.81
06/08/11,1014.58,12048.94
06/09/11,1016.85,12124.36
06/10/11,1020.37,11951.91
06/13/11,1015.53,11952.97
06/14/11,1034.92,12076.11
06/15/11,1030.31,11897.27
06/16/11,1019.55,11961.52
06/17/11,1018.96,12004.36
06/20/11,1013.09,12080.38
06/21/11,1027.72,12190.01
06/22/11,1023.86,12109.67
06/23/11,1014.13,12050
06/24/11,1022.94,11934.58
06/27/11,1010.32,12043.56
06/28/11,1013.5,12188.69
06/29/11,1033.26,12261.42
06/30/11,1041.48,12414.34
07/05/11,1084.59,12569.87
07/06/11,1072.68,12626.02
07/07/11,1083.08,12719.49
07/08/11,1088.46,12657.2
07/11/11,1077.24,12505.76
07/12/11,1062.39,12446.88
07/13/11,1077.4,12491.61
07/14/11,1079.91,12437.12
07/18/11,1083.94,12385.16
07/19/11,1096.77,12587.42
07/20/11,1101.37,12571.91
07/21/11,1104.15,12724.41
07/22/11,1121.04,12681.16
07/25/11,1127.58,12592.8
07/26/11,1121.63,12501.3
07/27/11,1130.71,12302.55
07/28/11,1134.38,12240.11
07/29/11,1133.53,12143.24
08/01/11,1144.14,12132.49
08/02/11,1139.61,11866.62
08/03/11,1133.46,11896.44
08/04/11,1124.01,11383.68
08/05/11,1093.38,11444.61
08/08/11,1078.19,10809.85
08/09/11,1042.54,11239.77
08/10/11,1060.21,10719.94
08/11/11,1062.07,11143.31
08/15/11,1086.32,11482.9
08/16/11,1077.02,11405.93
08/17/11,1093.51,11410.21
08/18/11,1089.09,10990.58
08/19/11,1069.2,10817.65
08/22/11,1067.84,10854.65
08/23/11,1057.28,11176.76
08/24/11,1046.43,11320.71
08/25/11,1025,11149.82
08/26/11,1037.22,11284.54
08/29/11,1055.63,11539.25
08/30/11,1044.97,11559.95
08/31/11,1070.05,11613.53
09/01/11,1069.13,11493.57
09/02/11,1065.18,11240.26
09/06/11,1055.6,11139.3
09/07/11,1068.72,11414.86
09/08/11,1072.21,11295.81
09/09/11,1062.37,10992.13
09/12/11,1040.83,11061.12
09/13/11,1031.67,11105.85
09/14/11,1022.96,11246.73
09/15/11,1036.21,11433.18
09/16/11,1033.34,11509.09
09/19/11,1017.19,11401.01
09/20/11,1026.28,11408.66
09/21/11,1029.59,11124.84
09/22/11,990.59,10733.83
09/23/11,958.16,10771.48
09/26/11,904.06,11043.86
09/27/11,946.62,11190.69
09/28/11,931.6,11010.9
09/29/11,926.21,11153.98
09/30/11,916.21,10913.38
10/03/11,869.31,10655.3
10/04/11,855.45,10808.71
10/05/11,862.65,10939.95
10/06/11,913.72,11123.33
10/07/11,909.17,11103.12
10/10/11,923.17,11433.18
10/11/11,944.8,11416.3
10/12/11,952.77,11518.85
10/13/11,936.82,11478.13
10/14/11,955.81,11644.49
10/17/11,971.63,11397
10/18/11,952.75,11577.05
10/19/11,938.19,11504.62
10/20/11,909.1,11541.78
10/21/11,916.34,11808.79
10/25/11,942.55,11706.62
10/26/11,938.68,11869.04
10/27/11,960.17,12208.55
10/28/11,973.18,12231.11
10/31/11,974.75,11955.01
11/01/11,956.59,11657.96
11/02/11,965.8,11836.04
11/03/11,957.56,12044.47
11/04/11,957.31,11983.24
11/07/11,956.02,12068.39
11/08/11,983.44,12170.18
11/09/11,967.84,11780.94
11/10/11,968.3,11893.79
11/11/11,970.97,12153.68
11/14/11,984.28,12078.98
11/15/11,984.97,12096.16
11/16/11,997.11,11905.59
11/17/11,993.38,11770.73
11/18/11,984.16,11796.16
11/21/11,965.07,11547.31
11/22/11,977.36,11493.72
11/23/11,976.87,11257.55
11/25/11,967.18,11231.78
11/28/11,984.18,11523.01
11/29/11,988.06,11555.63
11/30/11,995.33,12045.68
12/01/11,1019.15,12020.03
12/02/11,1029.37,12019.42
12/06/11,1030.77,12150.13
12/07/11,1046.73,12196.37
12/08/11,1043.24,11997.7
12/09/11,1034,12184.26
12/13/11,1030.61,11954.94
12/14/11,1023.48,11823.48
12/15/11,1024.16,11868.81
12/16/11,1034.06,11866.39
12/19/11,1033.55,11766.26
12/20/11,1033.29,12103.58
12/21/11,1043.75,12107.74
12/22/11,1042.52,12169.65
12/23/11,1037.37,12294
12/27/11,1028.38,12291.35
12/28/11,1028.19,12151.41
12/29/11,1023.91,12287.04
12/30/11,1025.32,12217.56
01/04/12,1036.21,12418.42
01/05/12,1036.8,12415.7
01/06/12,1036.26,12359.92
01/09/12,1044.84,12392.69
01/10/12,1053.04,12462.47
01/11/12,1051.63,12449.45
01/12/12,1052.23,12471.02
01/13/12,1044.81,12422.06
01/17/12,1056.54,12482.07
01/18/12,1051.64,12578.95
01/19/12,1058.94,12623.98
01/20/12,1058.66,12720.48
01/23/12,1062.55,12708.82
01/24/12,1063.08,12675.75
01/25/12,1056.01,12756.96
01/26/12,1068.54,12734.63
01/27/12,1076.29,12660.46
01/30/12,1074.71,12653.72
01/31/12,1083.97,12632.91
02/01/12,1086.36,12716.46
02/02/12,1091.67,12705.41
02/03/12,1098.95,12862.23
02/06/12,1094.01,12845.13
02/07/12,1101.12,12878.2
02/08/12,1116.08,12883.95
02/09/12,1117.17,12890.46
02/10/12,1112.91,12801.23
02/13/12,1117.4,12874.04
02/14/12,1106.41,12878.28
02/15/12,1126.48,12780.95
02/16/12,1120.25,12904.08
02/17/12,1129.93,12949.87
02/21/12,1140.39,12965.69
02/22/12,1137.82,12938.67
02/23/12,1140.07,12984.69
02/24/12,1146.14,12982.95
02/27/12,1135.04,12981.51
02/28/12,1146.26,13005.12
02/29/12,1160.9,12952.07
03/01/12,1164.98,12980.3
03/02/12,1165.15,12977.57
03/05/12,1157.95,12962.81
03/06/12,1153.16,12759.15
03/08/12,1168.31,12907.94
03/09/12,1158.71,12922.02
03/12/12,1150.18,12959.71
03/13/12,1153.56,13177.68
03/14/12,1164.36,13194.1
03/15/12,1171.34,13252.76
03/16/12,1189.56,13232.62
03/19/12,1189.5,13239.13
03/20/12,1196.6,13170.19
03/21/12,1207.67,13124.62
03/22/12,1191,13046.14
03/23/12,1194.44,13080.73
03/26/12,1188.32,13241.63
03/27/12,1207.29,13197.73
03/28/12,1204.01,13126.21
03/29/12,1203.91,13145.82
03/30/12,1196.77,13212.04
04/02/12,1199.09,13264.49
04/03/12,1211.07,13199.55
04/04/12,1198.09,13074.75
04/05/12,1182.41,13060.14
04/10/12,1165.61,12715.93
04/11/12,1154.49,12805.39
04/12/12,1169.45,12986.58
04/17/12,1160.23,13115.54
04/18/12,1168.05,13032.75
04/19/12,1185.34,12964.1
04/20/12,1194.6,13029.26
04/23/12,1189.35,12927.17
04/24/12,1199.86,13001.56
04/25/12,1201.36,13090.72
04/26/12,1209.27,13204.62
04/27/12,1211.78,13228.31
04/30/12,1228.49,13213.63
05/02/12,1239.06,13268.57
05/03/12,1240.03,13206.59
05/04/12,1227.41,13038.27
05/08/12,1231.04,12932.09
05/09/12,1207.25,12835.06
05/10/12,1190.65,12855.04
05/11/12,1191.01,12820.6
05/14/12,1165.51,12695.35
05/15/12,1184.55,12632
05/16/12,1171.23,12598.55
05/17/12,1173.56,12442.49
05/18/12,1154.44,12369.38
05/21/12,1135.16,12504.48
05/22/12,1131.52,12502.81
05/23/12,1110.7,12496.15
05/24/12,1125.78,12529.75
05/25/12,1132.83,12454.83
05/29/12,1153.66,12580.69
05/30/12,1138.63,12419.86
05/31/12,1141.5,12393.45
06/01/12,1115.19,12118.57
06/05/12,1099.15,12127.95
06/06/12,1117.95,12414.79
06/07/12,1118.53,12460.96
06/08/12,1127.1,12554.2
06/11/12,1158.07,12411.23
06/12/12,1162.93,12573.8
06/13/12,1158.22,12496.38
06/14/12,1153.01,12651.91
06/15/12,1165.73,12767.17
06/18/12,1163.41,12741.82
06/19/12,1173.09,12837.33
06/20/12,1173.24,12824.39
06/21/12,1159.05,12573.57
06/22/12,1152.91,12640.78
06/25/12,1147.43,12502.66
06/26/12,1151.09,12534.67
06/27/12,1165.98,12627.01
06/28/12,1171.32,12602.26
06/29/12,1172.11,12880.09
07/02/12,1188.74,12871.39
07/03/12,1198.07,12943.82
07/05/12,1201.8,12896.67
07/06/12,1200.08,12772.47
07/09/12,1186.95,12736.29
07/10/12,1204.42,12653.12
07/11/12,1208.67,12604.53
07/12/12,1193.13,12573.27
07/13/12,1210.29,12777.09
07/16/12,1214.25,12727.21
07/17/12,1224.21,12805.54
07/18/12,1220.14,12908.7
07/19/12,1212.96,12943.36
07/20/12,1208.55,12822.57
07/23/12,1185.11,12721.46
07/24/12,1187.64,12617.32
07/25/12,1188.62,12676.05
07/26/12,1172.92,12887.93
07/27/12,1178.01,13075.66
07/30/12,1193.32,13073.01
07/31/12,1199.3,13008.68
08/01/12,1201.13,12971.06
08/03/12,1197.53,13096.17
08/06/12,1208.01,13117.51
08/07/12,1208.19,13168.6
08/08/12,1214.13,13175.64
08/09/12,1217.7,13165.19
08/10/12,1219.37,13207.95
08/14/12,1226.82,13172.14
08/15/12,1226.83,13164.78
08/16/12,1224.4,13250.11
08/17/12,1223.91,13275.2
08/20/12,1229,13271.64
08/21/12,1232.29,13203.58
08/22/12,1234.14,13172.76
08/23/12,1237.64,13057.46
08/24/12,1237.19,13157.97
08/27/12,1233.73,13124.67
08/28/12,1233.16,13102.99
08/29/12,1220.16,13107.48
08/30/12,1214.55,13000.71
08/31/12,1227.48,13090.84
09/04/12,1236.31,13035.94
09/05/12,1233.84,13047.48
09/06/12,1243.92,13292
09/07/12,1246.1,13306.64
09/10/12,1250.93,13254.29
09/11/12,1248.32,13323.36
09/12/12,1259.96,13333.35
09/13/12,1257.69,13539.86
09/14/12,1276.12,13593.37
09/17/12,1278.54,13553.1
09/18/12,1272.86,13564.64
09/19/12,1285.46,13577.96
09/20/12,1282.68,13596.93
09/21/12,1286.26,13579.47
09/24/12,1284.3,13558.92
09/25/12,1287.41,13457.55
09/26/12,1274.5,13413.51
09/27/12,1286.11,13485.97
09/28/12,1298.79,13437.13
10/01/12,1299.71,13515.11
10/02/12,1305.66,13482.36
10/03/12,1307.55,13494.61
10/04/12,1306.63,13575.36
10/05/12,1311.35,13610.15
10/08/12,1304.71,13583.65
10/09/12,1292.48,13473.53
10/10/12,1289.35,13344.97
10/11/12,1294.9,13326.39
10/12/12,1296.98,13328.85
10/15/12,1290.56,13424.23
10/16/12,1287.49,13551.78
10/17/12,1301.28,13557
10/18/12,1311.21,13548.94
10/19/12,1307.71,13343.51
10/22/12,1310.42,13345.89
10/24/12,1295,13077.34
10/25/12,1297.39,13103.68
10/26/12,1281.81,13107.21
10/31/12,1298.87,13096.46
11/01/12,1297.99,13232.62
11/02/12,1306.6,13093.16
11/05/12,1306.7,13112.44
11/06/12,1300.84,13245.68
11/07/12,1299.74,12932.73
11/08/12,1293.7,12811.32
11/09/12,1290.83,12815.39
11/12/12,1294.5,12815.08
11/13/12,1289.07,12756.18
11/14/12,1279.29,12570.95
11/15/12,1274.02,12542.38
11/16/12,1280.13,12588.31
11/19/12,1283.65,12795.96
11/20/12,1276.41,12788.51
11/21/12,1276.39,12836.89
11/23/12,1281.7,13009.68
11/26/12,1290.85,12967.37
11/27/12,1297.03,12878.13
11/28/12,1299.94,12985.11
11/29/12,1309.57,13021.82
11/30/12,1324.04,13025.58
12/03/12,1332.92,12965.6
12/04/12,1330.06,12951.78
12/06/12,1339.88,13074.04
12/07/12,1334.95,13155.13
12/11/12,1341.33,13248.44
12/12/12,1354.57,13245.45
12/13/12,1353.81,13170.72
12/14/12,1358.5,13135.01
12/17/12,1359.09,13235.39
12/18/12,1362.94,13350.96
12/19/12,1378.4,13251.97
12/20/12,1377.4,13311.72
12/21/12,1373.38,13190.84
12/24/12,1375.82,13139.08
12/26/12,1382.23,13114.59
12/27/12,1397.19,13096.31
12/28/12,1391.93,12938.11
01/02/13,1407.45,13412.55
01/03/13,1408.41,13391.36
01/04/13,1416.66,13435.21
01/07/13,1415.32,13384.29
01/08/13,1417.33,13328.85
01/09/13,1423.46,13390.51
01/10/13,1405.99,13471.22
01/11/13,1412.06,13488.43
01/14/13,1425.07,13507.32
01/15/13,1422.86,13534.89
01/16/13,1416.14,13511.23
01/17/13,1420.95,13596.02
01/18/13,1434.44,13649.7
