date,set,exc
2/11/2015,1413.34,35.58
3/11/2015,1412.62,35.56
4/11/2015,1423.42,35.51
5/11/2015,1413.16,35.55
6/11/2015,1414.54,35.57
9/11/2015,1402.57,35.87
10/11/2015,1398.38,35.89
11/11/2015,1390.15,35.85
12/11/2015,1384.29,35.83
13/11/2015,1382.46,35.88
16/11/2015,1388.62,35.97
17/11/2015,1390.17,35.97
18/11/2015,1376.82,36.04
19/11/2015,1384.97,35.93
20/11/2015,1393.84,35.71
23/11/2015,1394.22,35.82
24/11/2015,1384.92,35.83
25/11/2015,1381.46,35.68
26/11/2015,1365.81,35.73
27/11/2015,1363.13,35.8
30/11/2015,1359.7,35.88
1/12/2015,1357.01,35.82
2/12/2015,1339.45,35.79
3/12/2015,1340.62,35.87
4/12/2015,1333.57,35.8
8/12/2015,1306.98,35.9
9/12/2015,1297.82,35.94
11/12/2015,1280.92,36.03
14/12/2015,1267.61,36.1
15/12/2015,1300.51,36.07
16/12/2015,1299.12,35.99
17/12/2015,1310.34,36.07
18/12/2015,1284.92,36.16
21/12/2015,1264.44,36.15
22/12/2015,1261.66,36.09
23/12/2015,1274.5,36.07
24/12/2015,1284.15,36.1
25/12/2015,1282.93,36.07
28/12/2015,1285.87,36.09
29/12/2015,1283.78,36.11
30/12/2015,1288.02,36.08
4/1/2016,1263.41,36.16
5/1/2016,1253.34,36.13
6/1/2016,1260.04,36.22
7/1/2016,1224.83,36.3
8/1/2016,1244.18,36.24
11/1/2016,1234.5,36.3
12/1/2016,1255.3,36.31
13/01/2016,1278.61,36.27
14/01/2016,1263.29,36.31
15/01/2016,1245.85,36.31
18/01/2016,1245.05,36.31
19/01/2016,1266.01,36.29
20/01/2016,1248.98,36.3
21/01/2016,1245.61,36.27
22/01/2016,1268.03,36.14
25/01/2016,1267.7,35.98
26/01/2016,1268.07,35.97
27/01/2016,1278.29,35.83
28/01/2016,1288.4,35.86
29/01/2016,1300.98,35.75
1/2/2016,1297.34,35.66
2/2/2016,1285.3,35.65
3/2/2016,1291.77,35.83
4/2/2016,1297.11,35.62
5/2/2016,1306.29,35.83
8/2/2016,1307.57,35.54
9/2/2016,1303.96,35.46
10/2/2016,1304.74,35.37
11/2/2016,1280.74,35.26
12/2/2016,1276.49,35.44
15/02/2016,1288.4,35.65
16/02/2016,1289.36,35.64
17/02/2016,1288.47,35.65
18/02/2016,1294.59,35.57
19/02/2016,1320.19,35.68
23/02/2016,1325.79,35.74
24/02/2016,1331.93,35.73
25/02/2016,1333.42,35.67
26/02/2016,1343.07,35.68
29/02/2016,1332.37,35.72
1/3/2016,1346.95,35.61
2/3/2016,1365.31,35.6
3/3/2016,1379.33,35.5
4/3/2016,1379.53,35.41
7/3/2016,1395.75,35.45
8/3/2016,1374.62,35.45
9/3/2016,1390.66,35.36
10/3/2016,1379.06,35.28
11/3/2016,1393.41,35.14
14/03/2016,1394.27,35.09
15/03/2016,1382.93,35.11
16/03/2016,1377.8,35.05
17/03/2016,1380.2,34.83
18/03/2016,1382.96,34.85
21/03/2016,1393.63,34.92
22/03/2016,1397.2,34.92
23/03/2016,1412.16,35.03
24/03/2016,1405.41,35.3
25/03/2016,1394.78,35.32
28/03/2016,1389.01,35.36
29/03/2016,1392.85,35.38
30/03/2016,1410.29,35.27
31/03/2016,1407.7,35.23
1/4/2016,1400.72,35.14
4/4/2016,1400.27,35.16
5/4/2016,1373.59,35.34
7/4/2016,1356.69,35.19
8/4/2016,1369.64,35.17
11/4/2016,1369.84,35.06
12/4/2016,1385.42,35.04
18/04/2016,1398.77,35.08
19/04/2016,1416,34.94
20/04/2016,1414.96,34.89
21/04/2016,1423.9,35.04
22/04/2016,1410.81,35.05
25/04/2016,1408.71,35.14
26/04/2016,1418.78,35.18
27/04/2016,1411.84,35.15
28/04/2016,1399.91,35.1
29/04/2016,1404.61,34.94
3/5/2016,1397.87,34.86
4/5/2016,1390.7,35.11
9/5/2016,1394.14,35.12
10/5/2016,1390.13,35.24
11/5/2016,1382.41,35.23
12/5/2016,1399.31,35.26
13/05/2016,1394.69,35.39
16/05/2016,1397.63,35.4
17/05/2016,1406.57,35.37
18/05/2016,1400.5,35.6
19/05/2016,1385.86,35.71
23/05/2016,1381.69,35.62
24/05/2016,1384.26,35.75
25/05/2016,1397.63,35.72
26/05/2016,1401.64,35.62
27/05/2016,1412.67,35.65
30/05/2016,1424.12,35.78
31/05/2016,1424.28,35.73
1/6/2016,1415.76,35.69
2/6/2016,1424.06,35.62
3/6/2016,1436.43,35.57
6/6/2016,1443.42,35.36
7/6/2016,1442.42,35.29
8/6/2016,1445.54,35.22
9/6/2016,1435.65,35.12
10/6/2016,1429.21,35.26
13/06/2016,1421.86,35.21
14/06/2016,1428.1,35.18
15/06/2016,1434.89,35.33
16/06/2016,1411.19,35.2
17/06/2016,1421.32,35.28
20/06/2016,1421.99,35.21
21/06/2016,1430.8,35.2
22/06/2016,1424.68,35.25
23/06/2016,1436.4,35.21
24/06/2016,1413.19,35.41
27/06/2016,1424.31,35.34
28/06/2016,1437.42,35.3
29/06/2016,1442.66,35.25
30/06/2016,1444.99,35.2
4/7/2016,1454.56,35.05
5/7/2016,1450.07,35.13
6/7/2016,1452.59,35.23
7/7/2016,1456.72,35.19
8/7/2016,1455.65,35.22
11/7/2016,1468.39,35.11
12/7/2016,1474.92,35.14
13/07/2016,1477.61,35.2
14/07/2016,1488.69,35.14
15/07/2016,1492,34.98
20/07/2016,1510.03,35.04
21/07/2016,1502.7,35.04
22/07/2016,1509.13,34.94
25/07/2016,1512.66,35.01
26/07/2016,1504.81,35.05
27/07/2016,1515.4,35.02
28/07/2016,1524.58,34.9
29/07/2016,1524.07,34.88
1/8/2016,1512.62,34.76
2/8/2016,1497.51,34.79
3/8/2016,1507.47,34.82
4/8/2016,1507.93,34.95
5/8/2016,1518.69,34.85
8/8/2016,1542.26,34.96
9/8/2016,1548.21,34.96
10/8/2016,1548.13,34.79
11/8/2016,1552.64,34.8
15/08/2016,1549.11,34.7
16/08/2016,1537.52,34.6
17/08/2016,1531.63,34.65
18/08/2016,1547.01,34.58
19/08/2016,1538.76,34.63
22/08/2016,1539.24,34.71
23/08/2016,1540.06,34.61
24/08/2016,1547.55,34.65
25/08/2016,1544.1,34.59
26/08/2016,1549.41,34.56
29/08/2016,1544.15,34.65
30/08/2016,1546.13,34.58
31/08/2016,1548.44,34.64
1/9/2016,1539.71,34.63
2/9/2016,1521.48,34.61
5/9/2016,1492.52,34.69
6/9/2016,1496.9,34.78
7/9/2016,1487.2,34.58
8/9/2016,1455.38,34.67
9/9/2016,1445.28,34.77
12/9/2016,1411.85,34.89
13/09/2016,1446.84,34.87
14/09/2016,1458.19,34.95
15/09/2016,1463.39,34.91
16/09/2016,1479.07,34.83
19/09/2016,1492.73,34.86
20/09/2016,1473.78,34.83
21/09/2016,1487.17,34.79
22/09/2016,1505.99,34.66
23/09/2016,1492.88,34.68
26/09/2016,1490.14,34.66
27/09/2016,1489.39,34.6
28/09/2016,1479.58,34.62
29/09/2016,1491.43,34.63
30/09/2016,1483.21,34.71
3/10/2016,1490.94,34.63
4/10/2016,1509.78,34.69
5/10/2016,1509.92,34.79
6/10/2016,1513.86,34.83
7/10/2016,1504.34,34.89
10/10/2016,1457.02,35.04
11/10/2016,1442.21,35.19
12/10/2016,1406.18,35.48
13/10/2016,1412.82,35.73
14/10/2016,1477.61,35.24
17/10/2016,1477.34,35.37
18/10/2016,1477.54,35.16
19/10/2016,1486.28,34.91
20/10/2016,1492.73,34.93
21/10/2016,1500.37,35.12
25/10/2016,1506.47,35.02
26/10/2016,1492.12,34.98
27/10/2016,1498.36,35.09
28/10/2016,1494.44,35.13
31/10/2016,1495.72,35
1/11/2016,1504.52,35.01
2/11/2016,1498.65,35.05
3/11/2016,1493.08,34.94
4/11/2016,1485.7,34.98
7/11/2016,1502.27,35.03
8/11/2016,1509.84,34.96
9/11/2016,1509.43,34.93
10/11/2016,1514.26,35.07
11/11/2016,1494.53,35.31
14/11/2016,1469.23,35.43
15/11/2016,1476.46,35.38
16/11/2016,1474.64,35.44
17/11/2016,1473.85,35.43
18/11/2016,1473.86,35.59
21/11/2016,1478.3,35.54
22/11/2016,1485.68,35.46
23/11/2016,1496.36,35.51
24/11/2016,1490.11,35.71
25/11/2016,1500.4,35.66
28/11/2016,1500.78,35.56
29/11/2016,1497.18,35.61
30/11/2016,1510.24,35.62
1/12/2016,1512.38,35.7
2/12/2016,1501.66,35.65
6/12/2016,1516.48,35.62
7/12/2016,1520.53,35.66
8/12/2016,1525.41,35.62
9/12/2016,1526.32,35.65
13/12/2016,1530.21,35.58
14/12/2016,1521.25,35.57
15/12/2016,1519.65,35.72
16/12/2016,1522.51,35.78
19/12/2016,1522.4,35.84
20/12/2016,1511.65,35.91
21/12/2016,1508.57,36.02
22/12/2016,1504.12,36.02
23/12/2016,1509.98,36.01
26/12/2016,1515.23,35.98
27/12/2016,1517.08,36.01
28/12/2016,1524.6,36.03
29/12/2016,1537.81,35.98
30/12/2016,1542.94,35.82
4/1/2017,1563.58,35.89
5/1/2017,1571.05,35.75
6/1/2017,1571.48,35.72
9/1/2017,1564.08,35.77
10/1/2017,1572.1,35.61
11/1/2017,1572.93,35.57
12/1/2017,1568.84,35.36
13/01/2017,1575.24,35.42
16/01/2017,1571.8,35.44
17/01/2017,1566.84,35.39
18/01/2017,1560.83,35.27
19/01/2017,1554.88,35.4
20/01/2017,1562.99,35.33
23/01/2017,1570.79,35.29
24/01/2017,1578.82,35.22
25/01/2017,1584.29,35.26
26/01/2017,1591,35.21
27/01/2017,1590.8,35.31
30/01/2017,1590.56,35.26
31/01/2017,1577.31,35.19
1/2/2017,1576.32,35.14
2/2/2017,1572.67,35.09
3/2/2017,1582.95,35.09
6/2/2017,1589.13,35.03
7/2/2017,1582.52,35.03
8/2/2017,1589.29,35.05
9/2/2017,1583.25,35.01
10/2/2017,1585.24,35.07
14/02/2017,1572.24,35.01
15/02/2017,1573.37,35.02
16/02/2017,1576.05,35
17/02/2017,1577.84,34.99
20/02/2017,1578.47,35.02
21/02/2017,1564.42,35.05
22/02/2017,1572.04,35.02
23/02/2017,1567.32,34.99
24/02/2017,1564.59,34.96
27/02/2017,1558.03,34.86
28/02/2017,1559.56,34.9
1/3/2017,1567.19,34.99
2/3/2017,1569.94,35
3/3/2017,1566.2,35.05
6/3/2017,1553.61,35.03
7/3/2017,1549.87,35.07
8/3/2017,1551.73,35.18
9/3/2017,1549.24,35.33
10/3/2017,1539.91,35.37
13/03/2017,1535.51,35.3
14/03/2017,1543.15,35.31
15/03/2017,1540.8,35.27
16/03/2017,1557.05,35.07
17/03/2017,1560.98,34.96
20/03/2017,1563.54,34.71
21/03/2017,1568.78,34.74
22/03/2017,1566.66,34.71
23/03/2017,1568.72,34.65
24/03/2017,1573.51,34.67
27/03/2017,1570.5,34.46
28/03/2017,1576.72,34.42
29/03/2017,1574.97,34.51
30/03/2017,1579.88,34.49
31/03/2017,1575.11,34.45
3/4/2017,1580.86,34.31
4/4/2017,1583.82,34.41
5/4/2017,1582.12,34.53
7/4/2017,1583.53,34.63
10/4/2017,1581.19,34.65
11/4/2017,1582.78,34.61
12/4/2017,1589.5,34.53
17/04/2017,1575.91,34.27
18/04/2017,1574.42,34.39
19/04/2017,1567.19,34.31
20/04/2017,1566.28,34.37
21/04/2017,1570.02,34.41
24/04/2017,1564.66,34.37
25/04/2017,1562.27,34.37
26/04/2017,1567.47,34.43
27/04/2017,1566.77,34.51
28/04/2017,1566.32,34.62
2/5/2017,1564.12,34.54
3/5/2017,1564.12,34.45
4/5/2017,1573.05,34.59
5/5/2017,1569.02,34.63
8/5/2017,1568.02,34.64
9/5/2017,1560.31,34.7
11/5/2017,1550.27,34.77
12/5/2017,1543.94,34.72
15/05/2017,1537.42,34.6
16/05/2017,1546.35,34.49
17/05/2017,1548.29,34.49
18/05/2017,1545.88,34.49
19/05/2017,1549.64,34.52
22/05/2017,1557.73,34.37
23/05/2017,1564.69,34.38
24/05/2017,1566.15,34.46
25/05/2017,1569.41,34.24
26/05/2017,1569.27,34.08
29/05/2017,1568.17,34.09
30/05/2017,1568.57,34.15
31/05/2017,1561.66,34.08
1/6/2017,1563.11,34.12
2/6/2017,1567.6,34.19
5/6/2017,1566.85,34.03
6/6/2017,1568.95,33.97
7/6/2017,1566.58,34
8/6/2017,1570.28,34.04
9/6/2017,1566.65,34.06
12/6/2017,1563.81,34.07
13/06/2017,1572.36,33.99
14/06/2017,1577,33.91
15/06/2017,1573.53,33.88
16/06/2017,1576.58,33.99
19/06/2017,1581.14,33.94
20/06/2017,1578.62,33.98
21/06/2017,1577.01,34.03
22/06/2017,1580.91,33.97
23/06/2017,1582.36,33.97
26/06/2017,1585.61,33.95
27/06/2017,1586.45,33.98
28/06/2017,1582.63,33.98
29/06/2017,1578.12,33.96
30/06/2017,1574.74,33.98
3/7/2017,1579.41,33.97
4/7/2017,1574.11,34.01
5/7/2017,1575.02,33.99
6/7/2017,1569.64,34.06
7/7/2017,1569.44,34.09
11/7/2017,1569.24,34.11
12/7/2017,1574.93,34.01
13/07/2017,1579.41,33.94
14/07/2017,1577.79,33.9
17/07/2017,1574.09,33.72
18/07/2017,1571.52,33.59
19/07/2017,1575.85,33.65
20/07/2017,1575.28,33.65
21/07/2017,1573.51,33.51
24/07/2017,1576.73,33.43
25/07/2017,1581.42,33.45
26/07/2017,1583.17,33.5
27/07/2017,1581.06,33.32
31/07/2017,1576.08,33.31
1/8/2017,1576.45,33.28
2/8/2017,1580.54,33.31
3/8/2017,1578.25,33.29
4/8/2017,1578.26,33.24
7/8/2017,1573.67,33.28
8/8/2017,1577.44,33.26
9/8/2017,1571.51,33.28
10/8/2017,1571.64,33.25
11/8/2017,1561.31,33.25
15/08/2017,1567.19,33.27
16/08/2017,1567.52,33.3
17/08/2017,1568.95,33.25
18/08/2017,1566.53,33.23
21/08/2017,1569.62,33.22
22/08/2017,1573.19,33.25
23/08/2017,1573.38,33.29
24/08/2017,1575.96,33.33
25/08/2017,1575.85,33.34
28/08/2017,1585.79,33.22
29/08/2017,1614.14,33.18
30/08/2017,1613.34,33.21
31/08/2017,1616.16,33.21
1/9/2017,1618.42,33.18
4/9/2017,1619.11,33.18
5/9/2017,1620.42,33.17
6/9/2017,1621.3,33.17
7/9/2017,1632.66,33.13
8/9/2017,1635.61,33.07
11/9/2017,1637.54,33.13
12/9/2017,1643.55,33.12
13/09/2017,1642.94,33.09
14/09/2017,1659.1,33.12
15/09/2017,1660.53,33.07
18/09/2017,1670.2,33.08
19/09/2017,1672.59,33.08
20/09/2017,1670.65,33.07
21/09/2017,1670.49,33.13
22/09/2017,1659.05,33.11
25/09/2017,1667.59,33.09
26/09/2017,1669.75,33.15
27/09/2017,1670.27,33.27
28/09/2017,1666.36,33.41
29/09/2017,1673.16,33.37
2/10/2017,1688.64,33.4
3/10/2017,1689.97,33.49
4/10/2017,1687.77,33.34
5/10/2017,1690.87,33.38
6/10/2017,1695.97,33.42
9/10/2017,1692.22,33.4
10/10/2017,1706.95,33.34
11/10/2017,1714.14,33.21
12/10/2017,1712.48,33.13
16/10/2017,1726.67,33.08
17/10/2017,1724.47,33.11
18/10/2017,1707.53,33.1
19/10/2017,1683.43,33.15
20/10/2017,1692.58,33.15
24/10/2017,1701.81,33.16
25/10/2017,1708.84,33.2
27/10/2017,1716.03,33.29
30/10/2017,1718.66,33.26
31/10/2017,1721.37,33.22
1/11/2017,1714.55,33.17
2/11/2017,1701.93,33.11
3/11/2017,1701.47,33.12
6/11/2017,1711.74,33.17
7/11/2017,1712.75,33.14
8/11/2017,1714.65,33.14
9/11/2017,1703.03,33.11
10/11/2017,1689.28,33.09
13/11/2017,1687.05,33.08
14/11/2017,1702.63,33.08
15/11/2017,1690.26,33.04
16/11/2017,1691.25,33.01
17/11/2017,1709.38,32.86
20/11/2017,1714.38,32.8
21/11/2017,1710.48,32.83
22/11/2017,1713.13,32.75
23/11/2017,1707.38,32.72
24/11/2017,1695.84,32.68
27/11/2017,1695.67,32.67
28/11/2017,1706.52,32.62
29/11/2017,1705.33,32.58
30/11/2017,1697.39,32.62
1/12/2017,1699.65,32.67
4/12/2017,1697.61,32.66
6/12/2017,1694.39,32.6
7/12/2017,1703.37,32.62
8/12/2017,1706.52,32.65
12/12/2017,1702.17,32.6
13/12/2017,1706.93,32.59
14/12/2017,1714.99,32.49
15/12/2017,1717.69,32.54
18/12/2017,1723.71,32.57
19/12/2017,1732.31,32.81
20/12/2017,1738.16,32.75
21/12/2017,1736.91,32.73
22/12/2017,1742.08,32.74
25/12/2017,1750.22,32.74
26/12/2017,1752.48,32.78
27/12/2017,1752.89,32.83
28/12/2017,1743.29,32.65
29/12/2017,1753.71,32.66
3/1/2018,1778.53,32.43
4/1/2018,1791.02,32.28
5/1/2018,1795.45,32.2
8/1/2018,1792.81,32.16
9/1/2018,1795.21,32.23
10/1/2018,1794.92,32.22
11/1/2018,1802.8,32.05
12/1/2018,1810.19,31.94
15/01/2018,1822.66,31.93
16/01/2018,1821.83,31.94
17/01/2018,1828.88,31.93
18/01/2018,1819.32,31.95
19/01/2018,1821.34,31.85
22/01/2018,1824.06,31.89
23/01/2018,1831.78,31.83
24/01/2018,1838.96,31.7
25/01/2018,1819.29,31.42
26/01/2018,1828.88,31.36
29/01/2018,1837.49,31.35
30/01/2018,1826.61,31.46
31/01/2018,1826.86,31.36
1/2/2018,1833.6,31.36
2/2/2018,1827.35,31.35
5/2/2018,1810.32,31.51
6/2/2018,1788.43,31.64
7/2/2018,1785.44,31.49
8/2/2018,1786.66,31.74
9/2/2018,1786.45,31.83
12/2/2018,1799.45,31.64
13/02/2018,1800.03,31.53
14/02/2018,1792.09,31.41
15/02/2018,1800.86,31.29
16/02/2018,1805.89,31.24
19/02/2018,1809.67,31.31
20/02/2018,1801.02,31.45
21/02/2018,1801.16,31.53
22/02/2018,1788.63,31.61
23/02/2018,1808.06,31.47
26/02/2018,1834.18,31.36
27/02/2018,1830.39,31.29
28/02/2018,1830.13,31.46
2/3/2018,1811.98,31.48
5/3/2018,1808.89,31.43
6/3/2018,1799.06,31.38
7/3/2018,1781.64,31.34
8/3/2018,1778.9,31.31
9/3/2018,1775.37,31.37
12/3/2018,1800.32,31.32
13/03/2018,1809.9,31.26
14/03/2018,1813.4,31.17
15/03/2018,1816.08,31.16
16/03/2018,1811.76,31.21
19/03/2018,1799.79,31.22
20/03/2018,1799.84,31.19
21/03/2018,1801.43,31.22
22/03/2018,1798.55,31.18
23/03/2018,1794.21,31.25
26/03/2018,1801.1,31.17
27/03/2018,1802.58,31.13
28/03/2018,1784.99,31.21
29/03/2018,1766.92,31.25
30/03/2018,1776.26,31.22
2/4/2018,1782.28,31.18
3/4/2018,1765.24,31.2
4/4/2018,1724.98,31.21
5/4/2018,1739.92,31.21
9/4/2018,1751.27,31.26
10/4/2018,1760.95,31.24
11/4/2018,1763.22,31.19
12/4/2018,1767.17,31.16
17/04/2018,1755.53,31.19
18/04/2018,1771.56,31.24
19/04/2018,1794.94,31.22
20/04/2018,1801.28,31.26
23/04/2018,1790.14,31.41
24/04/2018,1788.2,31.48
25/04/2018,1779.52,31.51
26/04/2018,1773.2,31.6
27/04/2018,1778.02,31.62
30/04/2018,1780.11,31.51
2/5/2018,1791.13,31.7
3/5/2018,1790.8,31.69
4/5/2018,1779.87,31.64
7/5/2018,1779.8,31.78
8/5/2018,1760.25,31.89
9/5/2018,1756.9,32.07
10/5/2018,1746.89,32.11
11/5/2018,1765.93,31.94
14/05/2018,1773.1,31.82
15/05/2018,1766.86,31.9
16/05/2018,1750.62,32.1
17/05/2018,1751.2,32.02
18/05/2018,1754.17,32.13
21/05/2018,1768.31,32.21
22/05/2018,1760.71,32.11
23/05/2018,1753.6,32.09
24/05/2018,1732.51,32.12
25/05/2018,1741.21,31.98
28/05/2018,1734.54,31.91
30/05/2018,1725.14,32.14
31/05/2018,1726.97,32.01
1/6/2018,1719.82,32.06
4/6/2018,1721.29,32.01
5/6/2018,1732.71,31.96
6/6/2018,1738.7,31.88
7/6/2018,1733.05,31.91
8/6/2018,1722.04,32.05
11/6/2018,1723.11,32.04
12/6/2018,1727.29,32.08
13/06/2018,1718.34,32.14
14/06/2018,1709.86,32.16
15/06/2018,1704.82,32.36
18/06/2018,1679.68,32.72
19/06/2018,1639.54,32.72
20/06/2018,1664.26,32.74
21/06/2018,1634.44,32.92
22/06/2018,1634.98,32.91
25/06/2018,1622.28,32.99
26/06/2018,1623.98,32.97
27/06/2018,1618.66,33.01
28/06/2018,1599.54,33.07
29/06/2018,1595.58,33.17
2/7/2018,1607.27,33.13
3/7/2018,1626.62,33.24
4/7/2018,1629.2,33.11
5/7/2018,1601.42,33.22
6/7/2018,1614.76,33.21
9/7/2018,1622.96,33.11
10/7/2018,1643.6,33.13
11/7/2018,1636.63,33.26
12/7/2018,1640.93,33.3
13/07/2018,1643.52,33.25
16/07/2018,1627.69,33.29
17/07/2018,1626.07,33.25
18/07/2018,1635.85,33.34
19/07/2018,1646.89,33.4
20/07/2018,1671.06,33.46
23/07/2018,1675.75,33.35
24/07/2018,1674.22,33.46
25/07/2018,1690.08,33.37
26/07/2018,1701.87,33.24
31/07/2018,1701.79,33.3
1/8/2018,1722.01,33.18
2/8/2018,1708.28,33.18
3/8/2018,1712.09,33.35
6/8/2018,1696.24,33.24
7/8/2018,1707.26,33.31
8/8/2018,1721.64,33.22
9/8/2018,1722.48,33.17
10/8/2018,1705.96,33.25
14/08/2018,1695.35,33.31
15/08/2018,1676.29,33.34
16/08/2018,1680.96,33.27
17/08/2018,1690.04,33.2
20/08/2018,1701.42,33.13
21/08/2018,1694.63,32.78
22/08/2018,1698.3,32.73
23/08/2018,1704.8,32.81
24/08/2018,1703.82,32.81
27/08/2018,1717.24,32.58
28/08/2018,1718.15,32.57
29/08/2018,1722.26,32.68
30/08/2018,1720.43,32.7
31/08/2018,1721.58,32.74
3/9/2018,1721.21,32.74
4/9/2018,1714.41,32.75
5/9/2018,1686.37,32.81
6/9/2018,1693.94,32.8
7/9/2018,1689.49,32.79
10/9/2018,1691.51,32.86
11/9/2018,1672.42,32.82
12/9/2018,1679.39,32.81
13/09/2018,1717.96,32.64
14/09/2018,1722.21,32.59
17/09/2018,1718.39,32.67
18/09/2018,1744.42,32.6
19/09/2018,1749.8,32.53
20/09/2018,1752.11,32.37
21/09/2018,1756.12,32.39
24/09/2018,1749.42,32.47
25/09/2018,1747.99,32.46
26/09/2018,1749.93,32.46
27/09/2018,1752.95,32.43
28/09/2018,1756.41,32.38
1/10/2018,1760.47,32.25
2/10/2018,1748.09,32.34
3/10/2018,1741.96,32.34
4/10/2018,1729.4,32.61
5/10/2018,1720.52,32.8
8/10/2018,1696.22,32.94
9/10/2018,1696.92,32.92
10/10/2018,1721.82,32.88
11/10/2018,1682.89,32.92
12/10/2018,1696.16,32.7
16/10/2018,1697.87,32.66
17/10/2018,1695.04,32.53
18/10/2018,1682.91,32.6
19/10/2018,1667.91,32.62
22/10/2018,1658.56,32.65
24/10/2018,1623.37,32.81
25/10/2018,1644.33,32.92
26/10/2018,1628.96,33.03
29/10/2018,1636.88,33.14
30/10/2018,1638.51,33.27
31/10/2018,1669.09,33.27
1/11/2018,1667.55,33.03
2/11/2018,1681.84,32.91
5/11/2018,1670.58,32.93
6/11/2018,1669.33,32.97
7/11/2018,1675.33,32.91
8/11/2018,1681.73,32.85
9/11/2018,1668.52,33.03
12/11/2018,1654.85,33.11
13/11/2018,1659.78,33
14/11/2018,1652.3,32.92
15/11/2018,1638.83,32.9
16/11/2018,1635,33
19/11/2018,1636.48,32.95
20/11/2018,1612.03,32.96
21/11/2018,1617.33,32.99
22/11/2018,1604.4,32.96
23/11/2018,1622.1,33
26/11/2018,1630.77,33.04
27/11/2018,1634.27,33.02
28/11/2018,1640.63,33.04
29/11/2018,1636.49,32.91
30/11/2018,1641.8,32.91
3/12/2018,1672.61,32.8
4/12/2018,1672.32,32.72
6/12/2018,1653.73,32.82
7/12/2018,1649.99,32.81
11/12/2018,1633.62,32.83
12/12/2018,1634.88,32.77
13/12/2018,1614.99,32.69
14/12/2018,1609.45,32.78
17/12/2018,1601.48,32.78
18/12/2018,1583.19,32.75
19/12/2018,1601.12,32.7
20/12/2018,1596.1,32.76
21/12/2018,1595.33,32.65
24/12/2018,1591.29,32.61
25/12/2018,1556.65,32.58
26/12/2018,1556.93,32.57
27/12/2018,1548.37,32.59
28/12/2018,1563.88,32.42
2/1/2019,1565.94,32.35
3/1/2019,1560.03,32.21
4/1/2019,1575.13,32.05
7/1/2019,1592.72,31.96
8/1/2019,1594,32.05
9/1/2019,1590.5,32.03
10/1/2019,1587.63,31.92
11/1/2019,1597.04,31.92
14/01/2019,1582.57,31.96
15/01/2019,1577,31.87
16/01/2019,1577.41,31.8
17/01/2019,1580.3,31.67
18/01/2019,1583.77,31.68
21/01/2019,1588.38,31.76
22/01/2019,1601.77,31.81
23/01/2019,1617.38,31.73
24/01/2019,1620.53,31.72
25/01/2019,1623.62,31.68
28/01/2019,1625.03,31.5
29/01/2019,1624.05,31.57
30/01/2019,1632.6,31.44
31/01/2019,1641.73,31.24
1/2/2019,1651.4,31.35
4/2/2019,1653.62,31.32
5/2/2019,1653.09,31.3
6/2/2019,1658.71,31.26
7/2/2019,1653.11,31.28
8/2/2019,1651.68,31.38
11/2/2019,1638,31.42
12/2/2019,1642.49,31.37
13/02/2019,1655.73,31.27
14/02/2019,1652.64,31.37
15/02/2019,1636.94,31.3
18/02/2019,1635.71,31.22
20/02/2019,1645.38,31.09
21/02/2019,1647.32,31.16
22/02/2019,1659.2,31.27
25/02/2019,1671.75,31.3
26/02/2019,1663.56,31.29
27/02/2019,1665.27,31.4
28/02/2019,1653.48,31.5
1/3/2019,1641.44,31.65
4/3/2019,1635.3,31.81
5/3/2019,1639,31.88
6/3/2019,1625.51,31.83
7/3/2019,1633.21,31.89
8/3/2019,1630.12,31.81
11/3/2019,1627.43,31.7
12/3/2019,1627.59,31.68
13/03/2019,1639.67,31.65
14/03/2019,1635.88,31.66
15/03/2019,1625.57,31.73
18/03/2019,1617.57,31.66
19/03/2019,1630.09,31.66
20/03/2019,1627.62,31.72
21/03/2019,1634,31.66
22/03/2019,1646.29,31.71
25/03/2019,1625.91,31.57
26/03/2019,1632.32,31.61
27/03/2019,1629.4,31.74
28/03/2019,1634.25,31.87
29/03/2019,1638.65,31.81
1/4/2019,1644.64,31.71
2/4/2019,1651.48,31.76
3/4/2019,1649.06,31.75
4/4/2019,1644.22,31.77
5/4/2019,1646.18,31.88
9/4/2019,1657.74,31.87
10/4/2019,1662.13,31.83
11/4/2019,1659.09,31.78
12/4/2019,1660.45,31.83
17/04/2019,1673.2,31.8
18/04/2019,1675,31.82
19/04/2019,1674.1,31.81
22/04/2019,1673.48,31.89
23/04/2019,1671.31,31.93
24/04/2019,1673.43,32.02
25/04/2019,1673.32,32.06
26/04/2019,1667.15,32.01
29/04/2019,1666.68,31.91
30/04/2019,1673.52,31.93
2/5/2019,1679.17,31.98
3/5/2019,1679.05,32.04
7/5/2019,1669.68,31.91
8/5/2019,1654.01,31.82
9/5/2019,1646.8,31.82
10/5/2019,1648.69,31.65
13/05/2019,1640.13,31.68
14/05/2019,1633.84,31.52
15/05/2019,1621.27,31.54
16/05/2019,1614.75,31.57
17/05/2019,1608.11,31.72
21/05/2019,1610.49,31.88
22/05/2019,1626.91,31.98
23/05/2019,1609.79,31.98
24/05/2019,1614.12,31.89
27/05/2019,1624.84,31.78
28/05/2019,1632.04,31.79
29/05/2019,1619.36,31.83
30/05/2019,1621.57,31.8
31/05/2019,1620.22,31.76
4/6/2019,1637.69,31.36
5/6/2019,1648.46,31.4
6/6/2019,1653.41,31.38
7/6/2019,1653.5,31.35
10/6/2019,1664.73,31.36
11/6/2019,1670.41,31.31
12/6/2019,1671.11,31.25
13/06/2019,1674.14,31.22
14/06/2019,1672.33,31.2
17/06/2019,1667.23,31.26
18/06/2019,1683.6,31.37
19/06/2019,1705.98,31.25
20/06/2019,1717.82,31.04
21/06/2019,1717.14,30.84
24/06/2019,1716,30.79
25/06/2019,1721.33,30.69
26/06/2019,1722.21,30.82
27/06/2019,1731.64,30.77
28/06/2019,1730.34,30.74
1/7/2019,1740.91,30.58
2/7/2019,1732.23,30.71
3/7/2019,1738.51,30.57
4/7/2019,1724.37,30.62
5/7/2019,1731.23,30.7
8/7/2019,1731.03,30.8
9/7/2019,1721.48,30.83
10/7/2019,1739.43,30.85
11/7/2019,1740.45,30.6
12/7/2019,1731.59,30.82
15/07/2019,1727.98,30.9
17/07/2019,1718.85,30.91
18/07/2019,1723.44,30.86
19/07/2019,1735.1,30.76
22/07/2019,1727.58,30.85
23/07/2019,1724.87,30.91
24/07/2019,1725.44,30.91
25/07/2019,1730.9,30.9
26/07/2019,1717.97,30.98
30/07/2019,1706.49,30.83
31/07/2019,1711.97,30.78
1/8/2019,1699.75,30.85
2/8/2019,1684.71,30.88
5/8/2019,1665.99,30.84
6/8/2019,1671.48,30.77
7/8/2019,1669.44,30.78
8/8/2019,1665.12,30.76
9/8/2019,1650.64,30.73
13/08/2019,1620.23,30.8
14/08/2019,1619.45,30.82
15/08/2019,1604.03,30.85
16/08/2019,1631.4,30.9
19/08/2019,1637.26,30.86
20/08/2019,1625.57,30.82
21/08/2019,1638.24,30.78
22/08/2019,1633.56,30.78
23/08/2019,1646.68,30.78
26/08/2019,1622.73,30.61
27/08/2019,1615.47,30.59
28/08/2019,1616.93,30.66
29/08/2019,1639.14,30.63
30/08/2019,1654.92,30.65
2/9/2019,1654.11,30.62
3/9/2019,1642.25,30.66
4/9/2019,1658.64,30.6
5/9/2019,1669.79,30.57
6/9/2019,1670.06,30.65
9/9/2019,1671.22,30.65
10/9/2019,1665.93,30.64
11/9/2019,1674.03,30.62
12/9/2019,1660.68,30.5
13/09/2019,1661.96,30.43
16/09/2019,1662.93,30.49
17/09/2019,1663.93,30.57
18/09/2019,1654.14,30.54
19/09/2019,1640.66,30.57
20/09/2019,1636.2,30.49
23/09/2019,1622.79,30.48
24/09/2019,1630.5,30.52
25/09/2019,1628.38,30.58
26/09/2019,1636.75,30.61
27/09/2019,1643.76,30.63
30/09/2019,1637.22,30.58
1/10/2019,1624.09,30.63
2/10/2019,1613.64,30.64
3/10/2019,1610.69,30.59
4/10/2019,1605.96,30.47
7/10/2019,1613.71,30.45
8/10/2019,1612.17,30.46
9/10/2019,1616.18,30.35
10/10/2019,1607.5,30.32
11/10/2019,1626,30.43
15/10/2019,1627.01,30.42
16/10/2019,1634.46,30.42
17/10/2019,1632.8,30.35
18/10/2019,1631.43,30.28
21/10/2019,1620.78,30.27
22/10/2019,1631.46,30.29
24/10/2019,1620.97,30.28
25/10/2019,1593.28,30.21
28/10/2019,1596.48,30.21
29/10/2019,1591.21,30.22
30/10/2019,1601.83,30.23
31/10/2019,1601.49,30.18
1/11/2019,1592.52,30.16
4/11/2019,1622.25,30.17
5/11/2019,1626.87,30.21
6/11/2019,1623.99,30.29
7/11/2019,1640.88,30.33
8/11/2019,1637.85,30.4
11/11/2019,1622.12,30.35
12/11/2019,1626.2,30.34
13/11/2019,1615.14,30.3
14/11/2019,1609.47,30.21
15/11/2019,1602.23,30.21
18/11/2019,1608,30.25
19/11/2019,1607.25,30.19
20/11/2019,1596.83,30.19
21/11/2019,1591.86,30.2
22/11/2019,1597.72,30.21
25/11/2019,1614.8,30.23
26/11/2019,1609.38,30.23
27/11/2019,1607.27,30.23
28/11/2019,1597.68,30.23
29/11/2019,1590.59,30.23
2/12/2019,1569.53,30.25
3/12/2019,1567.63,30.27
4/12/2019,1565.45,30.29
6/12/2019,1558.99,30.35
9/12/2019,1552.96,30.35
11/12/2019,1551.82,30.31
12/12/2019,1563.85,30.19
13/12/2019,1573.91,30.18
16/12/2019,1549.74,30.21
17/12/2019,1548.65,30.25
18/12/2019,1563.74,30.25
19/12/2019,1573.51,30.21
20/12/2019,1572.92,30.2
23/12/2019,1573.57,30.17
24/12/2019,1568.63,30.16
25/12/2019,1573,30.16
26/12/2019,1579.03,30.16
27/12/2019,1578.22,30.16
30/12/2019,1579.84,30.12
2/1/2020,1595.82,30.11
3/1/2020,1594.97,30.16
6/1/2020,1568.5,30.15
7/1/2020,1585.23,30.14
8/1/2020,1559.27,30.29
9/1/2020,1579.64,30.31
10/1/2020,1580.63,30.26
13/01/2020,1586.16,30.19
14/01/2020,1586.9,30.26
15/01/2020,1581.05,30.26
16/01/2020,1595.87,30.31
17/01/2020,1600.48,30.46
20/01/2020,1589.11,30.38
21/01/2020,1574.94,30.37
22/01/2020,1574.59,30.39
23/01/2020,1573.7,30.46
24/01/2020,1569.55,30.51
27/01/2020,1524.15,30.67
28/01/2020,1513.26,30.79
29/01/2020,1524.59,30.89
30/01/2020,1523.99,31.2
31/01/2020,1514.14,31.13
3/2/2020,1496.06,31.19
4/2/2020,1519.38,30.98
5/2/2020,1534.14,31.1
6/2/2020,1535.79,31.08
7/2/2020,1535.24,31.19
11/2/2020,1523.93,31.19
12/2/2020,1539.84,31.16
13/02/2020,1532.77,31.15
14/02/2020,1526.3,31.16
17/02/2020,1527.25,31.18
18/02/2020,1513.68,31.23
19/02/2020,1505.54,31.19
20/02/2020,1491.24,31.33
21/02/2020,1495.09,31.61
24/02/2020,1435.56,31.73
25/02/2020,1439.1,31.67
26/02/2020,1366.41,31.87
27/02/2020,1395.08,31.8
28/02/2020,1340.52,31.64
2/3/2020,1335.72,31.36
3/3/2020,1375.02,31.55
4/3/2020,1378.61,31.38
5/3/2020,1390.83,31.46
6/3/2020,1364.57,31.61
9/3/2020,1255.94,31.51
10/3/2020,1271.25,31.43
11/3/2020,1249.89,31.49
12/3/2020,1114.91,31.57
13/03/2020,1128.91,31.96
16/03/2020,1046.08,31.99
17/03/2020,1035.17,32.17
18/03/2020,1048.15,32.36
19/03/2020,1044.19,32.65
20/03/2020,1127.24,32.52
23/03/2020,1024.46,32.98
24/03/2020,1033.84,32.89
25/03/2020,1080.03,32.86
26/03/2020,1091.96,32.8
27/03/2020,1099.76,32.47
30/03/2020,1087.82,32.66
31/03/2020,1125.86,32.7
1/4/2020,1105.51,32.92
2/4/2020,1138.27,33.07
3/4/2020,1138.84,32.91
7/4/2020,1214.95,32.8
8/4/2020,1205.77,32.82
9/4/2020,1210.48,32.79
10/4/2020,1228.03,32.68
13/04/2020,1236.78,32.74
14/04/2020,1256.35,32.74
15/04/2020,1236.1,32.61
16/04/2020,1200.15,32.71
17/04/2020,1239.24,32.54
20/04/2020,1266.4,32.48
21/04/2020,1252.92,32.53
22/04/2020,1261.81,32.46
23/04/2020,1272.53,32.34
24/04/2020,1258.78,32.44
27/04/2020,1267.41,32.47
28/04/2020,1274.99,32.5
29/04/2020,1282.68,32.42
30/04/2020,1301.66,32.36
5/5/2020,1278.63,32.38
7/5/2020,1257.98,32.45
8/5/2020,1266.02,32.28
11/5/2020,1287.3,32.15
12/5/2020,1299.69,32.14
13/05/2020,1294.55,32.08
14/05/2020,1280.4,32.11
15/05/2020,1280.76,32.08
18/05/2020,1286.53,32.05
19/05/2020,1309.95,31.92
20/05/2020,1322.2,31.88
21/05/2020,1320.69,31.85
22/05/2020,1303.97,31.87
25/05/2020,1320.98,31.97
26/05/2020,1336.09,31.92
27/05/2020,1345.11,31.87
28/05/2020,1337.51,31.87
29/05/2020,1342.85,31.83
1/6/2020,1352.37,31.73
2/6/2020,1374.18,31.58
4/6/2020,1411.01,31.62
5/6/2020,1435.7,31.5
8/6/2020,1438.66,31.47
9/6/2020,1408.37,31.37
10/6/2020,1418.77,31.2
11/6/2020,1396.77,30.95
12/6/2020,1382.56,31.03
15/06/2020,1341.99,31
16/06/2020,1367.13,31.08
17/06/2020,1376.18,31.17
18/06/2020,1372.98,31.13
19/06/2020,1370.82,31.01
22/06/2020,1352.18,30.99
23/06/2020,1356.43,30.98
24/06/2020,1333.43,30.87
25/06/2020,1325.88,30.9
26/06/2020,1330.34,30.9
29/06/2020,1329.76,30.91
30/06/2020,1339.03,30.89
1/7/2020,1349.44,30.95
2/7/2020,1374.13,31.07
3/7/2020,1372.27,31.11
7/7/2020,1373.22,31.13
8/7/2020,1362.46,31.27
9/7/2020,1365.81,31.17
10/7/2020,1350.5,31.31
13/07/2020,1342.37,31.31
14/07/2020,1341.07,31.51
15/07/2020,1354.31,31.52
16/07/2020,1347.86,31.67
17/07/2020,1359.58,31.7
20/07/2020,1358.29,31.8
21/07/2020,1377,31.73
22/07/2020,1357.04,31.58
23/07/2020,1359.65,31.64
24/07/2020,1340.92,31.74
29/07/2020,1338.35,31.49
30/07/2020,1315.74,31.42
31/07/2020,1328.53,31.22
3/8/2020,1321.23,31.23
4/8/2020,1330.81,31.12
5/8/2020,1337.35,31.01
6/8/2020,1333.22,31.07
7/8/2020,1324.4,31.17
10/8/2020,1322.01,31.17
11/8/2020,1336.84,31.11
13/08/2020,1346.69,31.05
14/08/2020,1327.05,31.07
17/08/2020,1320.91,31.16
18/08/2020,1330.11,31.17
19/08/2020,1308.67,31.19
20/08/2020,1296.79,31.39
21/08/2020,1299.26,31.46
24/08/2020,1317.11,31.57
25/08/2020,1315.99,31.48
26/08/2020,1322.55,31.36
27/08/2020,1326.81,31.26
28/08/2020,1323.31,31.23
31/08/2020,1310.66,31.08
1/9/2020,1305.57,30.99
2/9/2020,1315.88,31.23
3/9/2020,1311.95,31.34
8/9/2020,1293.8,31.41
9/9/2020,1293.4,31.39
10/9/2020,1290.89,31.3
11/9/2020,1279.96,31.31
14/09/2020,1272.34,31.28
15/09/2020,1286.18,31.23
16/09/2020,1293.48,31.17
17/09/2020,1284.4,31.2
18/09/2020,1288.39,31.14
21/09/2020,1275.16,31.08
22/09/2020,1267.63,31.38
23/09/2020,1264.01,31.49
24/09/2020,1247.46,31.61
25/09/2020,1244.94,31.52
28/09/2020,1263.02,31.7
29/09/2020,1257.34,31.7
30/09/2020,1237.04,31.66
1/10/2020,1247.59,31.59
2/10/2020,1237.54,31.62
5/10/2020,1242.99,31.51
6/10/2020,1250.15,31.25
7/10/2020,1263.71,31.31
8/10/2020,1274.83,31.21
9/10/2020,1267.14,31.12
12/10/2020,1273.43,31.09
14/10/2020,1263.99,31.19
15/10/2020,1242.96,31.17
16/10/2020,1233.68,31.2
19/10/2020,1208.75,31.22
20/10/2020,1210.67,31.25
21/10/2020,1216.48,31.23
22/10/2020,1213.61,31.27
26/10/2020,1207.97,31.32
27/10/2020,1208.95,31.26
28/10/2020,1207.94,31.17
29/10/2020,1201.64,31.24
30/10/2020,1194.95,31.19
2/11/2020,1202.16,31.16
3/11/2020,1221.33,31.08
4/11/2020,1222.44,31.13
5/11/2020,1264.32,31.03
6/11/2020,1260.08,30.68
9/11/2020,1285.88,30.49
10/11/2020,1341.24,30.47
11/11/2020,1345.34,30.25
12/11/2020,1336.31,30.27
13/11/2020,1346.47,30.25
16/11/2020,1351.06,30.17
17/11/2020,1349.81,30.18
18/11/2020,1364.59,30.25
19/11/2020,1369.42,30.37
20/11/2020,1389.34,30.33
23/11/2020,1420.43,30.28
24/11/2020,1401.63,30.39
25/11/2020,1415.72,30.36
26/11/2020,1433.56,30.32
27/11/2020,1437.78,30.29
30/11/2020,1408.31,30.28
1/12/2020,1420.87,30.26
2/12/2020,1417.95,30.23
3/12/2020,1438.32,30.21
4/12/2020,1449.83,30.16
8/12/2020,1478.92,30.13
9/12/2020,1482.67,30.02
14/12/2020,1476.13,30.08
15/12/2020,1477.21,30.08
16/12/2020,1482.09,30.05
17/12/2020,1483.89,29.9
18/12/2020,1482.38,29.81
21/12/2020,1401.78,30.02
22/12/2020,1424.39,30.16
23/12/2020,1416.02,30.21
24/12/2020,1451.52,30.18
25/12/2020,1486.31,30.08
28/12/2020,1452.67,30.13
29/12/2020,1461.95,30.07
30/12/2020,1449.35,30.01
4/1/2021,1468.24,29.9
5/1/2021,1506.65,29.9
6/1/2021,1492.36,29.93
7/1/2021,1513.78,29.94
8/1/2021,1536.44,30.1
11/1/2021,1536.49,30.15
12/1/2021,1539.85,30.17
13/01/2021,1547.31,30
14/01/2021,1535.98,30.02
15/01/2021,1519.13,30
18/01/2021,1510.13,30.11
19/01/2021,1522.59,30.05
20/01/2021,1515.72,29.98
21/01/2021,1513.51,29.94
22/01/2021,1497.88,29.98
25/01/2021,1501.62,29.98
26/01/2021,1512.83,29.97
27/01/2021,1498.13,29.98
28/01/2021,1468.51,30.04
29/01/2021,1466.98,29.99
1/2/2021,1478.05,29.93
2/2/2021,1486.25,29.98
3/2/2021,1481.75,30.02
4/2/2021,1482.98,30.03
5/2/2021,1496.61,30.12
8/2/2021,1516.43,30.04
9/2/2021,1518.27,29.97
10/2/2021,1516.94,29.92
11/2/2021,1508.35,29.91
15/02/2021,1522.72,29.86
16/02/2021,1523.11,29.87
17/02/2021,1514.91,29.98
18/02/2021,1511.03,30.01
19/02/2021,1500.51,30.01
22/02/2021,1478.14,30.01
23/02/2021,1500.61,30.01
24/02/2021,1491.11,30.03
25/02/2021,1496.78,30.04
1/3/2021,1500.92,30.34
2/3/2021,1503.36,30.34
3/3/2021,1543.4,30.3
4/3/2021,1534.11,30.36
5/3/2021,1544.11,30.45
8/3/2021,1543.76,30.69
9/3/2021,1550.59,30.84
10/3/2021,1573.05,30.76
11/3/2021,1575.13,30.62
12/3/2021,1568.19,30.66
15/03/2021,1565.73,30.73
16/03/2021,1564.03,30.73
17/03/2021,1566.76,30.8
18/03/2021,1568.82,30.76
19/03/2021,1563.96,30.88
22/03/2021,1566.36,30.91
23/03/2021,1564.25,30.96
24/03/2021,1570.83,31.02
25/03/2021,1571.04,31.09
26/03/2021,1574.86,31.15
29/03/2021,1583.89,31.2
30/03/2021,1589.53,31.22
31/03/2021,1587.21,31.36
1/4/2021,1595.12,31.28
2/4/2021,1596.27,31.25
5/4/2021,1579.66,31.37
7/4/2021,1556.56,31.32
8/4/2021,1558.83,31.45
9/4/2021,1566.34,31.44
12/4/2021,1541.12,31.55
16/04/2021,1548.96,31.27
19/04/2021,1574.91,31.24
20/04/2021,1580.04,31.22
21/04/2021,1580.01,31.31
22/04/2021,1568.21,31.32
23/04/2021,1553.59,31.4
26/04/2021,1559.53,31.44
27/04/2021,1559.23,31.42
28/04/2021,1576.79,31.4
29/04/2021,1590.46,31.25
30/04/2021,1583.13,31.2
5/5/2021,1549.22,31.18
6/5/2021,1571.91,31.2
7/5/2021,1585.03,31.23
10/5/2021,1588.15,31.12
11/5/2021,1578.93,31.1
12/5/2021,1571.85,31.22
13/05/2021,1548.13,31.33
14/05/2021,1549.48,31.36
17/05/2021,1549.16,31.43
18/05/2021,1566.8,31.47
19/05/2021,1562.24,31.44
20/05/2021,1554.54,31.39
21/05/2021,1552.44,31.39
24/05/2021,1551.85,31.38
25/05/2021,1568.58,31.34
27/05/2021,1582.96,31.28
28/05/2021,1581.98,31.29
31/05/2021,1593.59,31.25
1/6/2021,1618.59,31.18
2/6/2021,1617.55,31.16
4/6/2021,1611.53,31.24
7/6/2021,1612.59,31.21
8/6/2021,1612.88,31.21
9/6/2021,1626.27,31.16
10/6/2021,1625.27,31.14
11/6/2021,1636.56,31.09
14/06/2021,1633.06,31.12
15/06/2021,1622.31,31.13
16/06/2021,1624.79,31.18
17/06/2021,1617.65,31.34
18/06/2021,1612.98,31.4
21/06/2021,1601.13,31.56
22/06/2021,1599.23,31.66
23/06/2021,1592.08,31.8
24/06/2021,1585.72,31.9
25/06/2021,1582.67,31.79
28/06/2021,1579.17,31.9
29/06/2021,1591.43,32.01
30/06/2021,1587.79,32.05
1/7/2021,1593.75,32.02
2/7/2021,1578.49,32.18
5/7/2021,1579.28,32.17
6/7/2021,1591.43,32.13
7/7/2021,1576.6,32.3
8/7/2021,1543.67,32.45
9/7/2021,1552.09,32.66
12/7/2021,1549.84,32.61
13/07/2021,1570.99,32.61
14/07/2021,1569.7,32.65
15/07/2021,1572.01,32.65
16/07/2021,1574.37,32.75
19/07/2021,1556.01,32.87
20/07/2021,1538.86,32.83
21/07/2021,1540.88,32.87
22/07/2021,1552.36,32.85
23/07/2021,1545.1,32.92
27/07/2021,1537.63,32.92
29/07/2021,1537.78,32.88
30/07/2021,1521.92,32.89
2/8/2021,1525.11,32.96
3/8/2021,1540.51,32.99
4/8/2021,1545.86,33.08
5/8/2021,1527.66,33.14
6/8/2021,1521.72,33.36
9/8/2021,1540.19,33.45
10/8/2021,1542.62,33.47
11/8/2021,1532.71,33.38
13/08/2021,1528.32,33.28
16/08/2021,1531.24,33.41
17/08/2021,1544.22,33.42
18/08/2021,1551.87,33.2
19/08/2021,1544.28,33.41
20/08/2021,1553.18,33.35
23/08/2021,1582.07,33.34
24/08/2021,1586.98,33.13
25/08/2021,1600.49,32.84
26/08/2021,1601.91,32.76
27/08/2021,1611.2,32.69
30/08/2021,1633.77,32.51
31/08/2021,1638.75,32.34
1/9/2021,1634.48,32.32
2/9/2021,1647.75,32.45
3/9/2021,1650.33,32.56
6/9/2021,1648.37,32.42
7/9/2021,1636.45,32.5
8/9/2021,1640.45,32.78
9/9/2021,1629.12,32.74
10/9/2021,1635.35,32.69
13/09/2021,1633.76,32.8
14/09/2021,1623.84,32.92
15/09/2021,1628.04,32.91
16/09/2021,1631.7,32.93
17/09/2021,1625.65,33.18
20/09/2021,1603.06,33.36
21/09/2021,1614.86,33.43
22/09/2021,1619.59,33.44
23/09/2021,1631.15,33.5
27/09/2021,1620.02,33.43
28/09/2021,1616.5,33.67
29/09/2021,1616.98,33.86
30/09/2021,1605.68,33.9
1/10/2021,1605.17,33.73
4/10/2021,1614.48,33.71
5/10/2021,1624.24,33.81
6/10/2021,1619.48,33.9
7/10/2021,1633.72,33.8
8/10/2021,1639.41,33.88
11/10/2021,1633.44,33.81
12/10/2021,1643.64,33.48
14/10/2021,1640.97,33.21
15/10/2021,1638.34,33.25
18/10/2021,1643.92,33.46
19/10/2021,1630.39,33.34
20/10/2021,1637.55,33.42
21/10/2021,1643.42,33.38
22/10/2021,1643.42,33.38
25/10/2021,1634.2,33.15
26/10/2021,1635.97,33.12
27/10/2021,1627.61,33.25
28/10/2021,1624.31,33.29
29/10/2021,1623.43,33.18
1/11/2021,1613.78,33.41
2/11/2021,1617.89,33.31
3/11/2021,1611.92,33.35
4/11/2021,1626.27,33.38
5/11/2021,1626.22,33.33
8/11/2021,1626.13,33.09
9/11/2021,1631.69,32.79
10/11/2021,1630.47,32.77
11/11/2021,1632.44,32.88
12/11/2021,1633.94,32.81
15/11/2021,1638.73,32.71
16/11/2021,1644.01,32.73
17/11/2021,1644.6,32.77
18/11/2021,1651.02,32.61
19/11/2021,1645.06,32.62
22/11/2021,1649.54,32.87
23/11/2021,1646.42,33.07
24/11/2021,1649.82,33.29
25/11/2021,1648.46,33.33
26/11/2021,1610.61,33.54
29/11/2021,1589.69,33.75
30/11/2021,1568.69,33.72
1/12/2021,1590.81,33.7
2/12/2021,1591.84,33.82
3/12/2021,1588.19,33.89
7/12/2021,1609.28,33.82
8/12/2021,1618.36,33.51
9/12/2021,1618.23,33.42
13/12/2021,1625.83,33.43
14/12/2021,1630.64,33.41
15/12/2021,1623.66,33.41
16/12/2021,1645.32,33.45
17/12/2021,1641.73,33.38
20/12/2021,1615.8,33.49
21/12/2021,1622.25,33.68
22/12/2021,1626.79,33.77
23/12/2021,1641.47,33.59
24/12/2021,1637.22,33.52
27/12/2021,1636.5,33.51
28/12/2021,1641.52,33.55
29/12/2021,1653.33,33.55
30/12/2021,1657.62,33.38
4/1/2022,1670.28,33.31
5/1/2022,1676.79,33.2
6/1/2022,1653.03,33.37
7/1/2022,1657.62,33.6
10/1/2022,1657.06,33.69
11/1/2022,1667.12,33.51
12/1/2022,1678.5,33.38
13/01/2022,1680.02,33.24
14/01/2022,1672.63,33.2
17/01/2022,1676.87,33.21
18/01/2022,1660.27,33.01
19/01/2022,1658.24,33.19
20/01/2022,1656.96,32.94
21/01/2022,1652.73,33.01
24/01/2022,1640.54,33.03
25/01/2022,1639.09,33.04
26/01/2022,1643.44,32.96
27/01/2022,1634.17,33.19
28/01/2022,1639.51,33.27
31/01/2022,1648.81,33.43
1/2/2022,1661.75,33.24
2/2/2022,1667.75,33.21
3/2/2022,1669.05,33.16
4/2/2022,1674.22,33.02
7/2/2022,1677.24,32.94
8/2/2022,1684.23,32.97
9/2/2022,1703.16,32.89
10/2/2022,1703,32.72
11/2/2022,1699.2,32.71
14/02/2022,1684.69,32.59
15/02/2022,1701.45,32.34
17/02/2022,1711.58,32.24
18/02/2022,1713.2,32.15
21/02/2022,1694.32,32.13
22/02/2022,1691.12,32.4
23/02/2022,1696.45,32.39
24/02/2022,1662.72,32.45
25/02/2022,1679.9,32.53
28/02/2022,1685.18,32.72
1/3/2022,1694.28,32.61
2/3/2022,1689.81,32.67
3/3/2022,1696.08,32.54
4/3/2022,1671.72,32.62
7/3/2022,1626.7,32.86
8/3/2022,1619.1,33.1
9/3/2022,1643.64,33.18
10/3/2022,1647.08,33.08
11/3/2022,1658.01,33.23
14/03/2022,1660.15,33.42
15/03/2022,1644.36,33.5
16/03/2022,1667.92,33.44
17/03/2022,1681.76,33.25
18/03/2022,1678.51,33.31
21/03/2022,1673.87,33.46
22/03/2022,1677.87,33.63
23/03/2022,1677.95,33.54
24/03/2022,1680.89,33.65
25/03/2022,1676.8,33.51
28/03/2022,1684.3,33.71
29/03/2022,1689.74,33.73
30/03/2022,1698.4,33.45
31/03/2022,1695.24,33.31
1/4/2022,1701.31,33.38
4/4/2022,1702.93,33.49
5/4/2022,1701.18,33.46
7/4/2022,1682.41,33.51
8/4/2022,1686,33.57
11/4/2022,1678.46,33.64
12/4/2022,1674.34,33.68
18/04/2022,1668.06,33.66
19/04/2022,1675.62,33.72
20/04/2022,1680.35,33.82
21/04/2022,1690.55,33.83
22/04/2022,1690.59,33.92
25/04/2022,1675.33,34
26/04/2022,1668.97,34.14
27/04/2022,1661.89,34.36
28/04/2022,1667.74,34.44
29/04/2022,1667.44,34.34
3/5/2022,1652.29,34.46
5/5/2022,1643.3,34.1
6/5/2022,1629.58,34.38
9/5/2022,1604.49,34.53
10/5/2022,1622.78,34.57
11/5/2022,1613.34,34.68
12/5/2022,1584.52,34.73
13/05/2022,1584.38,34.74
17/05/2022,1614.49,34.63
18/05/2022,1620.33,34.62
19/05/2022,1605.98,34.63
20/05/2022,1622.95,34.45
23/05/2022,1635.28,34.29
24/05/2022,1626.23,34.19
25/05/2022,1625.18,34.21
26/05/2022,1633.73,34.29
27/05/2022,1638.75,34.17
30/05/2022,1653.61,34.08
31/05/2022,1663.41,34.19
1/6/2022,1660.01,34.33
2/6/2022,1647.67,34.39
6/6/2022,1646.08,34.39
7/6/2022,1631.92,34.46
8/6/2022,1636.89,34.48
9/6/2022,1641.34,34.52
10/6/2022,1632.62,34.67
13/06/2022,1600.06,34.81
14/06/2022,1603.03,34.95
15/06/2022,1593.54,35.08
16/06/2022,1561.1,34.96
17/06/2022,1559.39,35.23
20/06/2022,1559.21,35.28
21/06/2022,1574.52,35.39
22/06/2022,1560.02,35.47
23/06/2022,1557.61,35.43
24/06/2022,1568.76,35.54
27/06/2022,1580.2,35.42
28/06/2022,1594.47,35.26
29/06/2022,1586.18,35.07
30/06/2022,1568.33,35.29
1/7/2022,1572.67,35.54
4/7/2022,1560.27,35.66
5/7/2022,1541.3,35.7
6/7/2022,1541.79,36.02
7/7/2022,1562.37,36.19
8/7/2022,1557.87,35.99
11/7/2022,1557.4,36.01
12/7/2022,1546.8,36.3
14/07/2022,1536.82,36.36
15/07/2022,1533.37,36.67
18/07/2022,1544.81,36.6
19/07/2022,1533.43,36.66
20/07/2022,1539.32,36.66
21/07/2022,1546.31,36.78
22/07/2022,1552.73,36.84
25/07/2022,1560.31,36.71
26/07/2022,1553.18,36.67
27/07/2022,1576.41,36.82
1/8/2022,1593.24,36.21
2/8/2022,1589.16,36.09
3/8/2022,1594.73,36.2
4/8/2022,1598.75,36.15
5/8/2022,1601.09,35.65
8/8/2022,1608.87,35.78
9/8/2022,1618.8,35.48
10/8/2022,1617.21,35.42
11/8/2022,1622.26,35.31
15/08/2022,1625.25,35.45
16/08/2022,1629.95,35.41
17/08/2022,1639.72,35.41
18/08/2022,1636.07,35.59
19/08/2022,1625.92,35.72
22/08/2022,1615.82,35.94
23/08/2022,1633.57,36.23
24/08/2022,1631.55,36.16
25/08/2022,1643.52,35.89
26/08/2022,1644.78,35.9
29/08/2022,1626.52,36.42
30/08/2022,1639.45,36.43
31/08/2022,1638.93,36.5
1/9/2022,1621.95,36.7
2/9/2022,1622.15,36.8
5/9/2022,1622,36.75
6/9/2022,1633.87,36.46
7/9/2022,1639.92,36.75
8/9/2022,1640,36.45
9/9/2022,1654.62,36.31
12/9/2022,1665.74,36.43
13/09/2022,1661.09,36.29
14/09/2022,1656.58,36.69
15/09/2022,1642.33,36.71
16/09/2022,1630.4,37.01
19/09/2022,1631.57,36.94
20/09/2022,1638.59,36.93
21/09/2022,1633.45,37.15
22/09/2022,1645.29,37.36
23/09/2022,1631.71,37.34
26/09/2022,1621.25,37.78
27/09/2022,1610.58,37.92
28/09/2022,1599.23,38.16
29/09/2022,1592.37,38.12
30/09/2022,1589.51,37.92
3/10/2022,1558.05,38.01
4/10/2022,1578,37.73
5/10/2022,1580.27,37.4
6/10/2022,1589.18,37.25
7/10/2022,1579.66,37.42
10/10/2022,1570.57,37.8
11/10/2022,1562.68,38.12
12/10/2022,1560.78,38.14
17/10/2022,1571.4,38.18
18/10/2022,1590.36,38.08
19/10/2022,1588.72,38.11
20/10/2022,1592.73,38.31
21/10/2022,1591.32,38.34
25/10/2022,1600.66,38.23
26/10/2022,1596.46,37.92
27/10/2022,1602.33,37.76
28/10/2022,1606.07,37.75
31/10/2022,1608.76,38.02
1/11/2022,1625.73,37.9
2/11/2022,1625.02,37.66
3/11/2022,1625.62,37.85
