Date,USDTHB
04/01/2010,33.25
05/01/2010,33.11
06/01/2010,33.11
07/01/2010,33.07
08/01/2010,33.10
11/01/2010,33.01
12/01/2010,33.01
13/01/2010,33.00
14/01/2010,32.89
15/01/2010,32.82
18/01/2010,32.83
19/01/2010,32.76
20/01/2010,32.86
21/01/2010,32.91
22/01/2010,32.97
25/01/2010,32.97
26/01/2010,32.93
27/01/2010,33.00
28/01/2010,33.02
29/01/2010,33.10
01/02/2010,33.15
02/02/2010,33.10
03/02/2010,33.02
04/02/2010,33.05
05/02/2010,33.13
08/02/2010,33.13
09/02/2010,33.14
10/02/2010,33.10
11/02/2010,33.11
12/02/2010,33.12
15/02/2010,33.14
16/02/2010,33.14
17/02/2010,33.08
18/02/2010,33.13
19/02/2010,33.17
22/02/2010,33.09
23/02/2010,33.07
24/02/2010,33.03
25/02/2010,33.00
26/02/2010,33.03
02/03/2010,32.77
03/03/2010,32.62
04/03/2010,32.61
05/03/2010,32.60
08/03/2010,32.61
09/03/2010,32.68
10/03/2010,32.65
11/03/2010,32.60
12/03/2010,32.62
15/03/2010,32.55
16/03/2010,32.45
17/03/2010,32.32
18/03/2010,32.26
19/03/2010,32.28
22/03/2010,32.29
23/03/2010,32.28
24/03/2010,32.29
25/03/2010,32.34
26/03/2010,32.39
29/03/2010,32.31
30/03/2010,32.29
31/03/2010,32.32
01/04/2010,32.29
02/04/2010,32.30
05/04/2010,32.32
07/04/2010,32.30
08/04/2010,32.30
09/04/2010,32.24
12/04/2010,32.22
16/04/2010,32.20
19/04/2010,32.28
20/04/2010,32.18
21/04/2010,32.07
22/04/2010,32.14
23/04/2010,32.25
26/04/2010,32.12
27/04/2010,32.22
28/04/2010,32.25
29/04/2010,32.29
30/04/2010,32.25
04/05/2010,32.25
06/05/2010,32.30
07/05/2010,32.30
10/05/2010,32.20
11/05/2010,32.26
12/05/2010,32.27
13/05/2010,32.24
14/05/2010,32.32
17/05/2010,32.37
18/05/2010,32.32
19/05/2010,32.32
24/05/2010,32.35
25/05/2010,32.49
26/05/2010,32.49
27/05/2010,32.50
31/05/2010,32.49
01/06/2010,32.49
02/06/2010,32.54
03/06/2010,32.53
04/06/2010,32.53
07/06/2010,32.61
08/06/2010,32.59
09/06/2010,32.57
10/06/2010,32.53
11/06/2010,32.41
14/06/2010,32.38
15/06/2010,32.37
16/06/2010,32.36
17/06/2010,32.37
18/06/2010,32.36
21/06/2010,32.26
22/06/2010,32.27
23/06/2010,32.32
24/06/2010,32.34
25/06/2010,32.37
28/06/2010,32.32
29/06/2010,32.35
30/06/2010,32.39
02/07/2010,32.33
05/07/2010,32.36
06/07/2010,32.40
07/07/2010,32.40
08/07/2010,32.40
09/07/2010,32.34
12/07/2010,32.31
13/07/2010,32.32
14/07/2010,32.28
15/07/2010,32.25
16/07/2010,32.19
19/07/2010,32.24
20/07/2010,32.24
21/07/2010,32.24
22/07/2010,32.27
23/07/2010,32.20
27/07/2010,32.16
28/07/2010,32.19
29/07/2010,32.21
30/07/2010,32.22
02/08/2010,32.17
03/08/2010,32.13
04/08/2010,32.13
05/08/2010,32.07
06/08/2010,32.02
09/08/2010,31.92
10/08/2010,31.93
11/08/2010,31.89
16/08/2010,31.82
17/08/2010,31.70
18/08/2010,31.65
19/08/2010,31.54
20/08/2010,31.48
23/08/2010,31.45
24/08/2010,31.46
25/08/2010,31.46
26/08/2010,31.38
27/08/2010,31.27
30/08/2010,31.24
31/08/2010,31.25
01/09/2010,31.16
02/09/2010,31.13
03/09/2010,31.09
06/09/2010,31.07
07/09/2010,31.16
08/09/2010,31.05
09/09/2010,30.83
10/09/2010,30.80
13/09/2010,30.70
14/09/2010,30.71
15/09/2010,30.75
16/09/2010,30.86
17/09/2010,30.76
20/09/2010,30.69
21/09/2010,30.72
22/09/2010,30.62
23/09/2010,30.62
24/09/2010,30.70
27/09/2010,30.57
28/09/2010,30.53
29/09/2010,30.44
30/09/2010,30.37
01/10/2010,30.26
04/10/2010,30.16
05/10/2010,30.21
06/10/2010,30.01
07/10/2010,29.88
08/10/2010,29.99
11/10/2010,30.05
12/10/2010,30.06
13/10/2010,29.86
14/10/2010,29.84
15/10/2010,29.84
18/10/2010,29.89
19/10/2010,29.88
20/10/2010,29.97
21/10/2010,29.86
22/10/2010,29.89
26/10/2010,29.88
27/10/2010,29.93
28/10/2010,29.98
29/10/2010,29.97
01/11/2010,29.88
02/11/2010,29.87
03/11/2010,29.75
04/11/2010,29.71
05/11/2010,29.66
08/11/2010,29.66
09/11/2010,29.60
10/11/2010,29.56
11/11/2010,29.57
12/11/2010,29.82
15/11/2010,29.96
16/11/2010,29.86
17/11/2010,29.98
18/11/2010,29.99
19/11/2010,29.91
22/11/2010,29.93
23/11/2010,30.05
24/11/2010,30.07
25/11/2010,30.05
26/11/2010,30.11
29/11/2010,30.28
30/11/2010,30.22
01/12/2010,30.14
02/12/2010,30.01
03/12/2010,30.04
07/12/2010,30.01
08/12/2010,30.10
09/12/2010,30.09
13/12/2010,30.07
14/12/2010,30.04
15/12/2010,30.05
16/12/2010,30.13
17/12/2010,30.13
20/12/2010,30.19
21/12/2010,30.18
22/12/2010,30.16
23/12/2010,30.16
24/12/2010,30.17
27/12/2010,30.19
28/12/2010,30.18
29/12/2010,30.18
30/12/2010,30.15
04/01/2011,30.05
05/01/2011,30.11
06/01/2011,30.23
07/01/2011,30.28
10/01/2011,30.51
11/01/2011,30.69
12/01/2011,30.41
13/01/2011,30.37
14/01/2011,30.50
17/01/2011,30.57
18/01/2011,30.59
19/01/2011,30.48
20/01/2011,30.55
21/01/2011,30.64
24/01/2011,30.77
25/01/2011,30.99
26/01/2011,30.90
27/01/2011,30.81
28/01/2011,31.02
31/01/2011,31.14
01/02/2011,30.89
02/02/2011,30.82
03/02/2011,30.87
04/02/2011,30.85
07/02/2011,30.80
08/02/2011,30.69
09/02/2011,30.69
10/02/2011,30.75
11/02/2011,30.83
14/02/2011,30.77
15/02/2011,30.70
16/02/2011,30.69
17/02/2011,30.62
21/02/2011,30.55
22/02/2011,30.63
23/02/2011,30.61
24/02/2011,30.65
25/02/2011,30.61
28/02/2011,30.61
01/03/2011,30.58
02/03/2011,30.57
03/03/2011,30.51
04/03/2011,30.48
07/03/2011,30.46
08/03/2011,30.41
09/03/2011,30.34
10/03/2011,30.30
11/03/2011,30.41
14/03/2011,30.38
15/03/2011,30.39
16/03/2011,30.44
17/03/2011,30.34
18/03/2011,30.31
21/03/2011,30.28
22/03/2011,30.25
23/03/2011,30.25
24/03/2011,30.30
25/03/2011,30.24
28/03/2011,30.28
29/03/2011,30.32
30/03/2011,30.34
31/03/2011,30.30
01/04/2011,30.28
04/04/2011,30.24
05/04/2011,30.21
07/04/2011,30.14
08/04/2011,30.06
11/04/2011,30.04
12/04/2011,30.17
18/04/2011,30.13
19/04/2011,30.12
20/04/2011,30.02
21/04/2011,29.91
22/04/2011,29.93
25/04/2011,29.93
26/04/2011,29.99
27/04/2011,29.93
28/04/2011,29.89
29/04/2011,29.94
03/05/2011,29.91
04/05/2011,30.05
06/05/2011,30.19
09/05/2011,30.20
10/05/2011,30.19
11/05/2011,30.07
12/05/2011,30.20
13/05/2011,30.25
18/05/2011,30.26
19/05/2011,30.23
20/05/2011,30.27
23/05/2011,30.37
24/05/2011,30.39
25/05/2011,30.43
26/05/2011,30.40
27/05/2011,30.36
30/05/2011,30.31
31/05/2011,30.31
01/06/2011,30.29
02/06/2011,30.31
03/06/2011,30.31
06/06/2011,30.26
07/06/2011,30.31
08/06/2011,30.31
09/06/2011,30.42
10/06/2011,30.40
13/06/2011,30.45
14/06/2011,30.47
15/06/2011,30.46
16/06/2011,30.60
17/06/2011,30.60
20/06/2011,30.57
21/06/2011,30.56
22/06/2011,30.48
23/06/2011,30.49
24/06/2011,30.63
27/06/2011,30.83
28/06/2011,30.94
29/06/2011,30.89
30/06/2011,30.75
04/07/2011,30.44
05/07/2011,30.48
06/07/2011,30.48
07/07/2011,30.35
08/07/2011,30.25
11/07/2011,30.29
12/07/2011,30.41
13/07/2011,30.27
14/07/2011,30.12
18/07/2011,30.11
19/07/2011,29.96
20/07/2011,29.89
21/07/2011,29.88
22/07/2011,29.84
25/07/2011,29.80
26/07/2011,29.72
27/07/2011,29.70
28/07/2011,29.74
29/07/2011,29.75
01/08/2011,29.73
02/08/2011,29.74
03/08/2011,29.81
04/08/2011,29.76
05/08/2011,29.94
08/08/2011,29.78
09/08/2011,29.97
10/08/2011,29.84
11/08/2011,29.91
15/08/2011,29.88
16/08/2011,29.84
17/08/2011,29.88
18/08/2011,29.89
19/08/2011,29.89
22/08/2011,29.83
23/08/2011,29.84
24/08/2011,29.89
25/08/2011,29.96
26/08/2011,29.99
29/08/2011,29.98
30/08/2011,30.00
31/08/2011,30.02
01/09/2011,29.95
02/09/2011,29.97
05/09/2011,29.94
06/09/2011,29.92
07/09/2011,29.95
08/09/2011,30.00
09/09/2011,30.04
12/09/2011,30.12
13/09/2011,30.17
14/09/2011,30.22
15/09/2011,30.27
16/09/2011,30.35
19/09/2011,30.44
20/09/2011,30.62
21/09/2011,30.42
22/09/2011,30.67
23/09/2011,30.81
26/09/2011,31.05
27/09/2011,30.99
28/09/2011,30.96
29/09/2011,31.18
30/09/2011,31.17
03/10/2011,31.28
04/10/2011,31.17
05/10/2011,31.15
06/10/2011,31.12
07/10/2011,30.95
10/10/2011,30.92
11/10/2011,30.88
12/10/2011,31.00
13/10/2011,30.82
14/10/2011,30.85
17/10/2011,30.70
18/10/2011,30.70
19/10/2011,30.65
20/10/2011,30.92
21/10/2011,31.05
25/10/2011,30.80
26/10/2011,30.82
27/10/2011,30.75
28/10/2011,30.51
31/10/2011,30.67
01/11/2011,30.81
02/11/2011,30.85
03/11/2011,30.86
04/11/2011,30.67
07/11/2011,30.67
08/11/2011,30.69
09/11/2011,30.66
10/11/2011,30.81
11/11/2011,30.83
14/11/2011,30.78
15/11/2011,30.79
16/11/2011,30.85
17/11/2011,30.86
18/11/2011,30.97
21/11/2011,31.04
22/11/2011,31.19
23/11/2011,31.24
24/11/2011,31.34
25/11/2011,31.24
28/11/2011,31.30
29/11/2011,31.32
30/11/2011,31.22
01/12/2011,30.93
02/12/2011,30.83
06/12/2011,30.87
07/12/2011,30.80
08/12/2011,30.77
09/12/2011,30.86
13/12/2011,31.19
14/12/2011,31.25
15/12/2011,31.35
16/12/2011,31.34
19/12/2011,31.28
20/12/2011,31.29
21/12/2011,31.23
22/12/2011,31.32
23/12/2011,31.26
26/12/2011,31.31
27/12/2011,31.40
28/12/2011,31.51
29/12/2011,31.69
30/12/2011,31.69
04/01/2012,31.45
05/01/2012,31.54
06/01/2012,31.62
09/01/2012,31.79
10/01/2012,31.71
11/01/2012,31.72
12/01/2012,31.83
13/01/2012,31.77
16/01/2012,31.91
17/01/2012,31.85
18/01/2012,31.79
19/01/2012,31.73
20/01/2012,31.54
23/01/2012,31.52
24/01/2012,31.43
25/01/2012,31.49
26/01/2012,31.37
27/01/2012,31.31
30/01/2012,31.10
31/01/2012,31.04
01/02/2012,31.03
02/02/2012,30.90
03/02/2012,30.94
06/02/2012,30.91
07/02/2012,30.94
08/02/2012,30.81
09/02/2012,30.75
10/02/2012,30.80
13/02/2012,30.85
14/02/2012,30.83
15/02/2012,30.87
16/02/2012,30.85
17/02/2012,30.82
20/02/2012,30.75
21/02/2012,30.75
22/02/2012,30.65
23/02/2012,30.49
24/02/2012,30.32
27/02/2012,30.41
28/02/2012,30.41
29/02/2012,30.25
01/03/2012,30.48
02/03/2012,30.48
05/03/2012,30.63
06/03/2012,30.67
08/03/2012,30.65
09/03/2012,30.53
12/03/2012,30.63
13/03/2012,30.60
14/03/2012,30.68
15/03/2012,30.82
16/03/2012,30.71
19/03/2012,30.69
20/03/2012,30.74
21/03/2012,30.77
22/03/2012,30.77
23/03/2012,30.78
26/03/2012,30.74
27/03/2012,30.69
28/03/2012,30.75
29/03/2012,30.84
30/03/2012,30.84
02/04/2012,30.80
03/04/2012,30.81
04/04/2012,30.95
05/04/2012,31.01
10/04/2012,30.94
11/04/2012,30.96
12/04/2012,30.82
17/04/2012,30.82
18/04/2012,30.79
19/04/2012,30.90
20/04/2012,30.91
23/04/2012,30.93
24/04/2012,31.01
25/04/2012,30.95
26/04/2012,30.92
27/04/2012,30.85
30/04/2012,30.73
02/05/2012,30.77
03/05/2012,30.88
04/05/2012,30.95
08/05/2012,30.98
09/05/2012,31.03
10/05/2012,31.10
11/05/2012,31.15
14/05/2012,31.23
15/05/2012,31.37
16/05/2012,31.48
17/05/2012,31.38
18/05/2012,31.43
21/05/2012,31.30
22/05/2012,31.30
23/05/2012,31.51
24/05/2012,31.57
25/05/2012,31.66
28/05/2012,31.62
29/05/2012,31.68
30/05/2012,31.81
31/05/2012,31.90
01/06/2012,31.85
05/06/2012,31.58
06/06/2012,31.49
07/06/2012,31.46
08/06/2012,31.78
11/06/2012,31.55
12/06/2012,31.67
13/06/2012,31.60
14/06/2012,31.57
15/06/2012,31.52
18/06/2012,31.46
19/06/2012,31.43
20/06/2012,31.45
21/06/2012,31.63
22/06/2012,31.81
25/06/2012,31.87
26/06/2012,31.82
27/06/2012,31.88
28/06/2012,31.86
29/06/2012,31.83
02/07/2012,31.64
03/07/2012,31.56
04/07/2012,31.44
05/07/2012,31.54
06/07/2012,31.62
09/07/2012,31.75
10/07/2012,31.72
11/07/2012,31.73
12/07/2012,31.76
13/07/2012,31.79
16/07/2012,31.62
17/07/2012,31.56
18/07/2012,31.63
19/07/2012,31.65
20/07/2012,31.69
23/07/2012,31.74
24/07/2012,31.77
25/07/2012,31.78
26/07/2012,31.65
27/07/2012,31.58
30/07/2012,31.56
31/07/2012,31.58
01/08/2012,31.51
03/08/2012,31.60
06/08/2012,31.49
07/08/2012,31.47
08/08/2012,31.52
09/08/2012,31.47
10/08/2012,31.48
14/08/2012,31.44
15/08/2012,31.51
16/08/2012,31.53
17/08/2012,31.51
20/08/2012,31.51
21/08/2012,31.49
22/08/2012,31.42
23/08/2012,31.26
24/08/2012,31.22
27/08/2012,31.22
28/08/2012,31.34
29/08/2012,31.31
30/08/2012,31.39
31/08/2012,31.37
03/09/2012,31.26
04/09/2012,31.18
05/09/2012,31.25
06/09/2012,31.24
07/09/2012,31.22
10/09/2012,31.07
11/09/2012,31.10
12/09/2012,31.01
13/09/2012,31.00
14/09/2012,30.83
17/09/2012,30.79
18/09/2012,30.88
19/09/2012,30.82
20/09/2012,30.85
21/09/2012,30.86
24/09/2012,30.89
25/09/2012,30.93
26/09/2012,30.97
27/09/2012,30.99
28/09/2012,30.83
01/10/2012,30.85
02/10/2012,30.74
03/10/2012,30.72
04/10/2012,30.63
05/10/2012,30.55
08/10/2012,30.65
09/10/2012,30.64
10/10/2012,30.72
11/10/2012,30.74
12/10/2012,30.65
15/10/2012,30.74
16/10/2012,30.69
17/10/2012,30.62
18/10/2012,30.62
19/10/2012,30.69
22/10/2012,30.75
24/10/2012,30.77
25/10/2012,30.69
26/10/2012,30.71
29/10/2012,30.72
30/10/2012,30.74
31/10/2012,30.69
01/11/2012,30.70
02/11/2012,30.73
05/11/2012,30.77
06/11/2012,30.80
07/11/2012,30.73
08/11/2012,30.70
09/11/2012,30.67
12/11/2012,30.63
13/11/2012,30.67
14/11/2012,30.68
15/11/2012,30.70
16/11/2012,30.74
19/11/2012,30.72
20/11/2012,30.68
21/11/2012,30.70
22/11/2012,30.70
23/11/2012,30.72
26/11/2012,30.67
27/11/2012,30.69
28/11/2012,30.70
29/11/2012,30.73
30/11/2012,30.70
03/12/2012,30.68
04/12/2012,30.65
06/12/2012,30.68
07/12/2012,30.66
11/12/2012,30.64
12/12/2012,30.62
13/12/2012,30.64
14/12/2012,30.65
17/12/2012,30.59
18/12/2012,30.58
19/12/2012,30.60
20/12/2012,30.62
21/12/2012,30.64
24/12/2012,30.63
25/12/2012,30.63
26/12/2012,30.64
27/12/2012,30.66
28/12/2012,30.63
02/01/2013,30.49
03/01/2013,30.37
04/01/2013,30.43
07/01/2013,30.45
08/01/2013,30.44
09/01/2013,30.42
10/01/2013,30.39
11/01/2013,30.26
14/01/2013,30.28
15/01/2013,30.10
16/01/2013,29.93
17/01/2013,29.80
18/01/2013,29.78
21/01/2013,29.71
22/01/2013,29.78
23/01/2013,29.77
24/01/2013,29.83
25/01/2013,29.87
28/01/2013,29.95
29/01/2013,29.86
30/01/2013,29.78
31/01/2013,29.77
01/02/2013,29.87
04/02/2013,29.76
05/02/2013,29.75
06/02/2013,29.76
07/02/2013,29.79
08/02/2013,29.80
11/02/2013,29.79
12/02/2013,29.89
13/02/2013,29.80
14/02/2013,29.80
15/02/2013,29.84
18/02/2013,29.89
19/02/2013,29.88
20/02/2013,29.84
21/02/2013,29.87
22/02/2013,29.83
26/02/2013,29.85
27/02/2013,29.82
28/02/2013,29.80
01/03/2013,29.75
04/03/2013,29.81
05/03/2013,29.80
06/03/2013,29.74
07/03/2013,29.77
08/03/2013,29.74
11/03/2013,29.76
12/03/2013,29.62
13/03/2013,29.61
14/03/2013,29.63
15/03/2013,29.58
18/03/2013,29.58
19/03/2013,29.37
20/03/2013,29.21
21/03/2013,29.17
22/03/2013,29.24
25/03/2013,29.24
26/03/2013,29.34
27/03/2013,29.33
28/03/2013,29.24
29/03/2013,29.31
01/04/2013,29.29
02/04/2013,29.33
03/04/2013,29.43
04/04/2013,29.38
05/04/2013,29.28
09/04/2013,29.05
10/04/2013,28.95
11/04/2013,29.03
12/04/2013,29.05
17/04/2013,28.93
18/04/2013,28.82
19/04/2013,28.70
22/04/2013,28.63
23/04/2013,28.78
24/04/2013,28.84
25/04/2013,28.99
26/04/2013,29.29
29/04/2013,29.24
30/04/2013,29.32
02/05/2013,29.40
03/05/2013,29.61
07/05/2013,29.63
08/05/2013,29.57
09/05/2013,29.44
10/05/2013,29.65
13/05/2013,29.77
14/05/2013,29.61
15/05/2013,29.73
16/05/2013,29.68
17/05/2013,29.79
20/05/2013,29.87
21/05/2013,29.75
22/05/2013,29.79
23/05/2013,29.97
27/05/2013,29.92
28/05/2013,29.93
29/05/2013,30.14
30/05/2013,30.19
31/05/2013,30.15
03/06/2013,30.42
04/06/2013,30.41
05/06/2013,30.51
06/06/2013,30.57
07/06/2013,30.62
10/06/2013,30.69
11/06/2013,30.88
12/06/2013,31.05
13/06/2013,31.01
14/06/2013,30.57
17/06/2013,30.62
18/06/2013,30.75
19/06/2013,30.91
20/06/2013,30.98
21/06/2013,31.18
24/06/2013,31.12
25/06/2013,30.99
26/06/2013,31.05
27/06/2013,31.10
28/06/2013,31.13
02/07/2013,30.94
03/07/2013,31.03
04/07/2013,31.08
05/07/2013,31.13
08/07/2013,31.41
09/07/2013,31.38
10/07/2013,31.25
11/07/2013,31.08
12/07/2013,31.11
15/07/2013,31.17
16/07/2013,31.09
17/07/2013,31.06
18/07/2013,31.01
19/07/2013,31.12
23/07/2013,30.92
24/07/2013,30.91
25/07/2013,31.08
26/07/2013,31.10
29/07/2013,31.16
30/07/2013,31.25
31/07/2013,31.35
01/08/2013,31.27
02/08/2013,31.39
05/08/2013,31.32
06/08/2013,31.39
07/08/2013,31.44
08/08/2013,31.32
09/08/2013,31.21
13/08/2013,31.26
14/08/2013,31.31
15/08/2013,31.24
16/08/2013,31.27
19/08/2013,31.32
20/08/2013,31.61
21/08/2013,31.75
22/08/2013,32.08
23/08/2013,31.97
26/08/2013,31.92
27/08/2013,32.11
28/08/2013,32.20
29/08/2013,32.18
30/08/2013,32.08
02/09/2013,32.12
03/09/2013,32.02
04/09/2013,32.21
05/09/2013,32.17
06/09/2013,32.38
09/09/2013,32.30
10/09/2013,32.10
11/09/2013,32.13
12/09/2013,31.75
13/09/2013,31.82
16/09/2013,31.68
17/09/2013,31.81
18/09/2013,31.70
19/09/2013,31.03
20/09/2013,31.03
23/09/2013,31.10
24/09/2013,31.30
25/09/2013,31.40
26/09/2013,31.25
27/09/2013,31.23
30/09/2013,31.39
01/10/2013,31.19
02/10/2013,31.28
03/10/2013,31.19
04/10/2013,31.30
07/10/2013,31.32
08/10/2013,31.38
09/10/2013,31.41
10/10/2013,31.47
11/10/2013,31.33
14/10/2013,31.33
15/10/2013,31.28
16/10/2013,31.27
17/10/2013,31.12
18/10/2013,31.03
21/10/2013,31.10
22/10/2013,31.15
24/10/2013,31.15
25/10/2013,31.15
28/10/2013,31.07
29/10/2013,31.08
30/10/2013,31.08
31/10/2013,31.09
01/11/2013,31.19
04/11/2013,31.27
05/11/2013,31.30
06/11/2013,31.30
07/11/2013,31.27
08/11/2013,31.35
11/11/2013,31.63
12/11/2013,31.60
13/11/2013,31.58
14/11/2013,31.48
15/11/2013,31.57
18/11/2013,31.58
19/11/2013,31.58
20/11/2013,31.67
21/11/2013,31.78
22/11/2013,31.80
25/11/2013,31.92
26/11/2013,32.04
27/11/2013,32.07
28/11/2013,32.17
29/11/2013,32.10
02/12/2013,32.20
03/12/2013,32.18
04/12/2013,32.17
06/12/2013,32.29
09/12/2013,32.15
11/12/2013,32.01
12/12/2013,32.12
13/12/2013,32.09
16/12/2013,32.02
17/12/2013,32.04
18/12/2013,32.21
19/12/2013,32.37
20/12/2013,32.52
23/12/2013,32.71
24/12/2013,32.77
25/12/2013,32.73
26/12/2013,32.79
27/12/2013,32.81
02/01/2014,32.90
03/01/2014,33.01
06/01/2014,33.09
07/01/2014,33.10
08/01/2014,33.06
09/01/2014,33.02
10/01/2014,33.02
13/01/2014,33.03
14/01/2014,32.90
15/01/2014,32.82
16/01/2014,32.91
17/01/2014,32.75
20/01/2014,32.89
21/01/2014,32.83
22/01/2014,32.87
23/01/2014,32.95
24/01/2014,32.86
27/01/2014,32.90
28/01/2014,32.89
29/01/2014,32.90
30/01/2014,32.98
31/01/2014,33.00
03/02/2014,32.92
04/02/2014,32.88
05/02/2014,32.78
06/02/2014,32.79
07/02/2014,32.82
10/02/2014,32.78
11/02/2014,32.80
12/02/2014,32.68
13/02/2014,32.56
17/02/2014,32.33
18/02/2014,32.41
19/02/2014,32.59
20/02/2014,32.61
21/02/2014,32.55
24/02/2014,32.61
25/02/2014,32.51
26/02/2014,32.57
27/02/2014,32.59
28/02/2014,32.62
03/03/2014,32.59
04/03/2014,32.54
05/03/2014,32.39
06/03/2014,32.30
07/03/2014,32.27
10/03/2014,32.40
11/03/2014,32.34
12/03/2014,32.38
13/03/2014,32.38
14/03/2014,32.33
17/03/2014,32.27
18/03/2014,32.17
19/03/2014,32.12
20/03/2014,32.34
21/03/2014,32.40
24/03/2014,32.44
25/03/2014,32.50
26/03/2014,32.60
27/03/2014,32.56
28/03/2014,32.52
31/03/2014,32.44
01/04/2014,32.40
02/04/2014,32.38
03/04/2014,32.47
04/04/2014,32.53
08/04/2014,32.43
09/04/2014,32.21
10/04/2014,32.19
11/04/2014,32.32
16/04/2014,32.30
17/04/2014,32.21
18/04/2014,32.19
21/04/2014,32.20
22/04/2014,32.29
23/04/2014,32.37
24/04/2014,32.33
25/04/2014,32.37
28/04/2014,32.25
29/04/2014,32.28
30/04/2014,32.30
02/05/2014,32.40
06/05/2014,32.38
07/05/2014,32.38
08/05/2014,32.44
09/05/2014,32.55
12/05/2014,32.64
14/05/2014,32.51
15/05/2014,32.42
16/05/2014,32.48
19/05/2014,32.49
20/05/2014,32.53
21/05/2014,32.53
22/05/2014,32.43
23/05/2014,32.51
26/05/2014,32.59
27/05/2014,32.58
28/05/2014,32.65
29/05/2014,32.71
30/05/2014,32.79
02/06/2014,32.86
03/06/2014,32.74
04/06/2014,32.67
05/06/2014,32.68
06/06/2014,32.59
09/06/2014,32.45
10/06/2014,32.46
11/06/2014,32.47
12/06/2014,32.48
13/06/2014,32.42
16/06/2014,32.37
17/06/2014,32.41
18/06/2014,32.50
19/06/2014,32.41
20/06/2014,32.46
23/06/2014,32.44
24/06/2014,32.45
25/06/2014,32.46
26/06/2014,32.46
27/06/2014,32.48
30/06/2014,32.46
02/07/2014,32.39
03/07/2014,32.38
04/07/2014,32.40
07/07/2014,32.39
08/07/2014,32.39
09/07/2014,32.34
10/07/2014,32.15
14/07/2014,32.15
15/07/2014,32.16
16/07/2014,32.17
17/07/2014,32.14
18/07/2014,32.20
21/07/2014,32.06
22/07/2014,31.85
23/07/2014,31.78
24/07/2014,31.82
25/07/2014,31.86
28/07/2014,31.81
29/07/2014,31.80
30/07/2014,31.85
31/07/2014,31.99
01/08/2014,32.20
04/08/2014,32.14
05/08/2014,32.13
06/08/2014,32.18
07/08/2014,32.22
08/08/2014,32.24
13/08/2014,32.01
14/08/2014,31.90
15/08/2014,31.88
18/08/2014,31.83
19/08/2014,31.85
20/08/2014,31.90
21/08/2014,32.04
22/08/2014,31.92
25/08/2014,32.01
26/08/2014,31.93
27/08/2014,31.91
28/08/2014,31.87
29/08/2014,31.95
01/09/2014,31.95
02/09/2014,32.03
03/09/2014,32.11
04/09/2014,32.00
05/09/2014,32.09
08/09/2014,31.99
09/09/2014,32.10
10/09/2014,32.12
11/09/2014,32.15
12/09/2014,32.21
15/09/2014,32.27
16/09/2014,32.26
17/09/2014,32.22
18/09/2014,32.30
19/09/2014,32.25
22/09/2014,32.19
23/09/2014,32.25
24/09/2014,32.24
25/09/2014,32.24
26/09/2014,32.29
29/09/2014,32.34
30/09/2014,32.37
01/10/2014,32.44
02/10/2014,32.39
03/10/2014,32.45
06/10/2014,32.62
07/10/2014,32.59
08/10/2014,32.63
09/10/2014,32.47
10/10/2014,32.43
13/10/2014,32.41
14/10/2014,32.42
15/10/2014,32.52
16/10/2014,32.42
17/10/2014,32.42
20/10/2014,32.35
21/10/2014,32.25
22/10/2014,32.29
24/10/2014,32.40
27/10/2014,32.40
28/10/2014,32.43
29/10/2014,32.47
30/10/2014,32.55
31/10/2014,32.51
03/11/2014,32.61
04/11/2014,32.67
05/11/2014,32.69
06/11/2014,32.79
07/11/2014,32.88
10/11/2014,32.74
11/11/2014,32.81
12/11/2014,32.84
13/11/2014,32.81
14/11/2014,32.83
17/11/2014,32.79
18/11/2014,32.78
19/11/2014,32.81
20/11/2014,32.85
21/11/2014,32.78
24/11/2014,32.77
25/11/2014,32.82
26/11/2014,32.78
27/11/2014,32.76
28/11/2014,32.81
01/12/2014,32.90
02/12/2014,32.80
03/12/2014,32.89
04/12/2014,32.88
08/12/2014,33.05
09/12/2014,32.99
11/12/2014,32.82
12/12/2014,32.80
15/12/2014,32.81
16/12/2014,32.98
17/12/2014,33.01
18/12/2014,32.94
19/12/2014,32.83
22/12/2014,32.85
23/12/2014,32.92
24/12/2014,32.90
25/12/2014,32.89
26/12/2014,32.89
29/12/2014,32.92
30/12/2014,32.96
05/01/2015,32.96
06/01/2015,32.95
07/01/2015,32.88
08/01/2015,32.89
09/01/2015,32.85
12/01/2015,32.85
13/01/2015,32.85
14/01/2015,32.80
15/01/2015,32.75
16/01/2015,32.67
19/01/2015,32.54
20/01/2015,32.70
21/01/2015,32.69
22/01/2015,32.58
23/01/2015,32.58
26/01/2015,32.57
27/01/2015,32.58
28/01/2015,32.60
29/01/2015,32.61
30/01/2015,32.72
02/02/2015,32.64
03/02/2015,32.53
04/02/2015,32.60
05/02/2015,32.60
06/02/2015,32.56
09/02/2015,32.61
10/02/2015,32.59
11/02/2015,32.63
12/02/2015,32.68
13/02/2015,32.62
16/02/2015,32.59
17/02/2015,32.60
18/02/2015,32.58
19/02/2015,32.56
20/02/2015,32.56
23/02/2015,32.55
24/02/2015,32.57
25/02/2015,32.56
26/02/2015,32.47
27/02/2015,32.38
02/03/2015,32.37
03/03/2015,32.35
05/03/2015,32.40
06/03/2015,32.42
09/03/2015,32.57
10/03/2015,32.62
11/03/2015,32.62
12/03/2015,32.87
13/03/2015,32.82
16/03/2015,32.91
17/03/2015,32.92
18/03/2015,32.90
19/03/2015,32.73
20/03/2015,32.72
23/03/2015,32.58
24/03/2015,32.54
25/03/2015,32.53
26/03/2015,32.56
27/03/2015,32.58
30/03/2015,32.61
31/03/2015,32.56
01/04/2015,32.51
02/04/2015,32.45
03/04/2015,32.47
07/04/2015,32.48
08/04/2015,32.56
09/04/2015,32.56
10/04/2015,32.55
16/04/2015,32.42
17/04/2015,32.39
20/04/2015,32.36
21/04/2015,32.42
22/04/2015,32.38
23/04/2015,32.40
24/04/2015,32.46
27/04/2015,32.58
28/04/2015,32.64
29/04/2015,32.68
30/04/2015,32.86
06/05/2015,33.25
07/05/2015,33.37
08/05/2015,33.52
11/05/2015,33.54
12/05/2015,33.78
13/05/2015,33.68
14/05/2015,33.45
15/05/2015,33.55
18/05/2015,33.47
19/05/2015,33.37
20/05/2015,33.57
21/05/2015,33.51
22/05/2015,33.41
25/05/2015,33.51
26/05/2015,33.67
27/05/2015,33.78
28/05/2015,33.78
29/05/2015,33.74
02/06/2015,33.76
03/06/2015,33.70
04/06/2015,33.69
05/06/2015,33.74
08/06/2015,33.87
09/06/2015,33.73
10/06/2015,33.70
11/06/2015,33.65
12/06/2015,33.69
15/06/2015,33.70
16/06/2015,33.69
17/06/2015,33.68
18/06/2015,33.64
19/06/2015,33.66
22/06/2015,33.66
23/06/2015,33.72
24/06/2015,33.79
25/06/2015,33.79
26/06/2015,33.79
29/06/2015,33.86
30/06/2015,33.78
02/07/2015,33.80
03/07/2015,33.77
06/07/2015,33.82
07/07/2015,33.87
08/07/2015,34.02
09/07/2015,33.96
10/07/2015,33.92
13/07/2015,33.97
14/07/2015,34.03
15/07/2015,34.05
16/07/2015,34.20
17/07/2015,34.19
20/07/2015,34.28
21/07/2015,34.46
22/07/2015,34.53
23/07/2015,34.78
24/07/2015,34.86
27/07/2015,34.85
28/07/2015,34.87
29/07/2015,34.88
31/07/2015,35.17
03/08/2015,35.05
04/08/2015,35.11
05/08/2015,35.11
06/08/2015,35.17
07/08/2015,35.14
10/08/2015,35.10
11/08/2015,35.25
13/08/2015,35.23
14/08/2015,35.22
17/08/2015,35.34
18/08/2015,35.54
19/08/2015,35.58
20/08/2015,35.54
21/08/2015,35.66
24/08/2015,35.77
25/08/2015,35.59
26/08/2015,35.64
27/08/2015,35.64
28/08/2015,35.77
31/08/2015,35.87
01/09/2015,35.76
02/09/2015,35.75
03/09/2015,35.81
04/09/2015,35.84
07/09/2015,35.99
08/09/2015,36.19
09/09/2015,36.00
10/09/2015,36.19
11/09/2015,36.02
14/09/2015,36.03
15/09/2015,36.01
16/09/2015,35.96
17/09/2015,35.81
18/09/2015,35.74
21/09/2015,35.72
22/09/2015,35.93
23/09/2015,36.12
24/09/2015,36.24
25/09/2015,36.24
28/09/2015,36.23
29/09/2015,36.47
30/09/2015,36.37
01/10/2015,36.37
02/10/2015,36.56
05/10/2015,36.45
06/10/2015,36.34
07/10/2015,36.34
08/10/2015,35.95
09/10/2015,35.67
12/10/2015,35.53
13/10/2015,35.49
14/10/2015,35.58
15/10/2015,35.20
16/10/2015,35.29
19/10/2015,35.32
20/10/2015,35.43
21/10/2015,35.40
22/10/2015,35.60
26/10/2015,35.56
27/10/2015,35.49
28/10/2015,35.51
29/10/2015,35.60
30/10/2015,35.60
02/11/2015,35.56
03/11/2015,35.55
04/11/2015,35.52
05/11/2015,35.54
06/11/2015,35.56
09/11/2015,35.83
10/11/2015,35.90
11/11/2015,35.85
12/11/2015,35.82
13/11/2015,35.86
16/11/2015,35.96
17/11/2015,35.96
18/11/2015,36.02
19/11/2015,35.93
20/11/2015,35.74
23/11/2015,35.79
24/11/2015,35.84
25/11/2015,35.69
26/11/2015,35.72
27/11/2015,35.78
30/11/2015,35.89
01/12/2015,35.82
02/12/2015,35.78
03/12/2015,35.88
04/12/2015,35.79
08/12/2015,35.89
09/12/2015,35.93
11/12/2015,36.01
14/12/2015,36.12
15/12/2015,36.09
16/12/2015,35.98
17/12/2015,36.05
18/12/2015,36.16
21/12/2015,36.15
22/12/2015,36.09
23/12/2015,36.07
24/12/2015,36.10
25/12/2015,36.07
28/12/2015,36.09
29/12/2015,36.10
30/12/2015,36.09
04/01/2016,36.15
05/01/2016,36.14
06/01/2016,36.19
07/01/2016,36.30
08/01/2016,36.21
11/01/2016,36.31
12/01/2016,36.28
13/01/2016,36.27
14/01/2016,36.31
15/01/2016,36.31
18/01/2016,36.32
19/01/2016,36.28
20/01/2016,36.29
21/01/2016,36.26
22/01/2016,36.16
25/01/2016,35.99
26/01/2016,35.98
27/01/2016,35.83
28/01/2016,35.85
29/01/2016,35.78
01/02/2016,35.68
02/02/2016,35.64
03/02/2016,35.82
04/02/2016,35.62
05/02/2016,35.82
08/02/2016,35.54
09/02/2016,35.48
10/02/2016,35.38
11/02/2016,35.26
12/02/2016,35.38
15/02/2016,35.65
16/02/2016,35.63
17/02/2016,35.65
18/02/2016,35.59
19/02/2016,35.63
23/02/2016,35.75
24/02/2016,35.73
25/02/2016,35.68
26/02/2016,35.66
29/02/2016,35.73
01/03/2016,35.63
02/03/2016,35.61
03/03/2016,35.52
04/03/2016,35.42
07/03/2016,35.44
08/03/2016,35.44
09/03/2016,35.36
10/03/2016,35.28
11/03/2016,35.16
14/03/2016,35.08
15/03/2016,35.12
16/03/2016,35.07
17/03/2016,34.85
18/03/2016,34.82
21/03/2016,34.91
22/03/2016,34.93
23/03/2016,35.00
24/03/2016,35.28
25/03/2016,35.33
28/03/2016,35.34
29/03/2016,35.37
30/03/2016,35.29
31/03/2016,35.24
01/04/2016,35.14
04/04/2016,35.15
05/04/2016,35.33
07/04/2016,35.21
08/04/2016,35.19
11/04/2016,35.08
12/04/2016,35.03
18/04/2016,35.06
19/04/2016,34.96
20/04/2016,34.88
21/04/2016,35.02
22/04/2016,35.06
25/04/2016,35.13
26/04/2016,35.16
27/04/2016,35.13
28/04/2016,35.10
29/04/2016,34.93
03/05/2016,34.86
04/05/2016,35.10
09/05/2016,35.12
10/05/2016,35.24
11/05/2016,35.21
12/05/2016,35.25
13/05/2016,35.37
16/05/2016,35.42
17/05/2016,35.37
18/05/2016,35.59
19/05/2016,35.70
23/05/2016,35.62
24/05/2016,35.73
25/05/2016,35.74
26/05/2016,35.63
27/05/2016,35.62
30/05/2016,35.77
31/05/2016,35.73
01/06/2016,35.71
02/06/2016,35.64
03/06/2016,35.57
06/06/2016,35.36
07/06/2016,35.29
08/06/2016,35.23
09/06/2016,35.11
10/06/2016,35.24
13/06/2016,35.24
14/06/2016,35.18
15/06/2016,35.34
16/06/2016,35.20
17/06/2016,35.28
20/06/2016,35.21
21/06/2016,35.21
22/06/2016,35.25
23/06/2016,35.19
24/06/2016,35.37
27/06/2016,35.36
28/06/2016,35.30
29/06/2016,35.26
30/06/2016,35.18
04/07/2016,35.06
05/07/2016,35.11
06/07/2016,35.23
07/07/2016,35.19
08/07/2016,35.21
11/07/2016,35.13
12/07/2016,35.15
13/07/2016,35.20
14/07/2016,35.16
15/07/2016,35.01
20/07/2016,35.05
21/07/2016,35.05
22/07/2016,34.95
25/07/2016,35.01
26/07/2016,35.05
27/07/2016,35.01
28/07/2016,34.92
29/07/2016,34.88
01/08/2016,34.78
02/08/2016,34.79
03/08/2016,34.81
04/08/2016,34.95
05/08/2016,34.88
08/08/2016,34.98
09/08/2016,34.97
10/08/2016,34.80
11/08/2016,34.79
15/08/2016,34.72
16/08/2016,34.60
17/08/2016,34.65
18/08/2016,34.59
19/08/2016,34.62
22/08/2016,34.70
23/08/2016,34.62
24/08/2016,34.65
25/08/2016,34.61
26/08/2016,34.56
29/08/2016,34.66
30/08/2016,34.58
31/08/2016,34.63
01/09/2016,34.63
02/09/2016,34.60
05/09/2016,34.66
06/09/2016,34.79
07/09/2016,34.59
08/09/2016,34.65
09/09/2016,34.77
12/09/2016,34.87
13/09/2016,34.86
14/09/2016,34.95
15/09/2016,34.89
16/09/2016,34.83
19/09/2016,34.87
20/09/2016,34.83
21/09/2016,34.78
22/09/2016,34.67
23/09/2016,34.67
26/09/2016,34.66
27/09/2016,34.62
28/09/2016,34.62
29/09/2016,34.61
30/09/2016,34.70
03/10/2016,34.62
04/10/2016,34.68
05/10/2016,34.77
06/10/2016,34.81
07/10/2016,34.87
10/10/2016,35.01
11/10/2016,35.17
12/10/2016,35.42
13/10/2016,35.71
14/10/2016,35.23
17/10/2016,35.37
18/10/2016,35.16
19/10/2016,34.93
20/10/2016,34.91
21/10/2016,35.10
25/10/2016,35.05
26/10/2016,34.97
27/10/2016,35.07
28/10/2016,35.13
31/10/2016,35.02
01/11/2016,35.02
02/11/2016,35.05
03/11/2016,34.93
04/11/2016,34.96
07/11/2016,35.01
08/11/2016,34.98
09/11/2016,34.93
10/11/2016,35.06
11/11/2016,35.30
14/11/2016,35.42
15/11/2016,35.37
16/11/2016,35.42
17/11/2016,35.42
18/11/2016,35.57
21/11/2016,35.53
22/11/2016,35.45
23/11/2016,35.51
24/11/2016,35.70
25/11/2016,35.67
28/11/2016,35.56
29/11/2016,35.56
30/11/2016,35.61
01/12/2016,35.70
02/12/2016,35.64
06/12/2016,35.63
07/12/2016,35.66
08/12/2016,35.61
09/12/2016,35.65
13/12/2016,35.60
14/12/2016,35.58
15/12/2016,35.72
16/12/2016,35.77
19/12/2016,35.83
20/12/2016,35.90
21/12/2016,36.03
22/12/2016,36.00
23/12/2016,36.01
26/12/2016,35.96
27/12/2016,36.00
28/12/2016,36.02
29/12/2016,35.99
30/12/2016,35.83
04/01/2017,35.89
05/01/2017,35.76
06/01/2017,35.71
09/01/2017,35.75
10/01/2017,35.61
11/01/2017,35.57
12/01/2017,35.36
13/01/2017,35.40
16/01/2017,35.44
17/01/2017,35.40
18/01/2017,35.27
19/01/2017,35.40
20/01/2017,35.35
23/01/2017,35.29
24/01/2017,35.22
25/01/2017,35.24
26/01/2017,35.20
27/01/2017,35.31
30/01/2017,35.27
31/01/2017,35.19
01/02/2017,35.15
02/02/2017,35.10
03/02/2017,35.09
06/02/2017,35.02
07/02/2017,35.03
08/02/2017,35.04
09/02/2017,35.02
10/02/2017,35.07
14/02/2017,35.03
15/02/2017,35.03
16/02/2017,35.00
17/02/2017,35.00
20/02/2017,35.00
21/02/2017,35.05
22/02/2017,35.01
23/02/2017,35.00
24/02/2017,34.97
27/02/2017,34.88
28/02/2017,34.88
01/03/2017,34.98
02/03/2017,34.99
03/03/2017,35.04
06/03/2017,35.03
07/03/2017,35.07
08/03/2017,35.15
09/03/2017,35.32
10/03/2017,35.37
13/03/2017,35.30
14/03/2017,35.30
15/03/2017,35.27
16/03/2017,35.06
17/03/2017,34.96
20/03/2017,34.71
21/03/2017,34.72
22/03/2017,34.73
23/03/2017,34.63
24/03/2017,34.67
27/03/2017,34.47
28/03/2017,34.41
29/03/2017,34.50
30/03/2017,34.49
31/03/2017,34.45
03/04/2017,34.31
04/04/2017,34.39
05/04/2017,34.50
07/04/2017,34.61
10/04/2017,34.64
11/04/2017,34.60
12/04/2017,34.53
17/04/2017,34.29
18/04/2017,34.39
19/04/2017,34.32
20/04/2017,34.38
21/04/2017,34.42
24/04/2017,34.36
25/04/2017,34.37
26/04/2017,34.43
27/04/2017,34.51
28/04/2017,34.63
02/05/2017,34.55
03/05/2017,34.45
04/05/2017,34.59
05/05/2017,34.61
08/05/2017,34.66
09/05/2017,34.68
11/05/2017,34.78
12/05/2017,34.72
15/05/2017,34.62
16/05/2017,34.49
17/05/2017,34.48
18/05/2017,34.50
19/05/2017,34.53
22/05/2017,34.36
23/05/2017,34.37
24/05/2017,34.47
25/05/2017,34.26
26/05/2017,34.09
29/05/2017,34.09
30/05/2017,34.14
31/05/2017,34.10
01/06/2017,34.10
02/06/2017,34.19
05/06/2017,34.04
06/06/2017,34.00
07/06/2017,34.00
08/06/2017,34.04
09/06/2017,34.06
12/06/2017,34.08
13/06/2017,34.00
14/06/2017,33.91
15/06/2017,33.88
16/06/2017,33.97
19/06/2017,33.94
20/06/2017,33.97
21/06/2017,34.04
22/06/2017,33.96
23/06/2017,33.98
26/06/2017,33.95
27/06/2017,33.98
28/06/2017,33.97
29/06/2017,33.96
30/06/2017,33.98
03/07/2017,33.96
04/07/2017,34.00
05/07/2017,34.00
06/07/2017,34.04
07/07/2017,34.09
11/07/2017,34.10
12/07/2017,34.01
13/07/2017,33.95
14/07/2017,33.92
17/07/2017,33.73
18/07/2017,33.60
19/07/2017,33.64
20/07/2017,33.63
21/07/2017,33.53
24/07/2017,33.43
25/07/2017,33.45
26/07/2017,33.50
27/07/2017,33.33
31/07/2017,33.33
01/08/2017,33.27
02/08/2017,33.31
03/08/2017,33.30
04/08/2017,33.25
07/08/2017,33.27
08/08/2017,33.27
09/08/2017,33.28
10/08/2017,33.24
11/08/2017,33.25
15/08/2017,33.26
16/08/2017,33.29
17/08/2017,33.25
18/08/2017,33.25
21/08/2017,33.22
22/08/2017,33.25
23/08/2017,33.27
24/08/2017,33.35
25/08/2017,33.35
28/08/2017,33.23
29/08/2017,33.20
30/08/2017,33.20
31/08/2017,33.21
01/09/2017,33.18
04/09/2017,33.19
05/09/2017,33.16
06/09/2017,33.16
07/09/2017,33.13
08/09/2017,33.07
11/09/2017,33.13
12/09/2017,33.13
13/09/2017,33.09
14/09/2017,33.13
15/09/2017,33.07
18/09/2017,33.09
19/09/2017,33.08
20/09/2017,33.08
21/09/2017,33.12
22/09/2017,33.11
25/09/2017,33.09
26/09/2017,33.14
27/09/2017,33.25
28/09/2017,33.38
29/09/2017,33.37
02/10/2017,33.38
03/10/2017,33.49
04/10/2017,33.35
05/10/2017,33.37
06/10/2017,33.42
09/10/2017,33.40
10/10/2017,33.35
11/10/2017,33.22
12/10/2017,33.15
16/10/2017,33.07
17/10/2017,33.09
18/10/2017,33.10
19/10/2017,33.15
20/10/2017,33.14
24/10/2017,33.16
25/10/2017,33.20
27/10/2017,33.28
30/10/2017,33.25
31/10/2017,33.23
01/11/2017,33.19
02/11/2017,33.11
03/11/2017,33.10
06/11/2017,33.17
07/11/2017,33.12
08/11/2017,33.14
09/11/2017,33.11
10/11/2017,33.09
13/11/2017,33.09
14/11/2017,33.07
15/11/2017,33.05
16/11/2017,33.01
17/11/2017,32.87
20/11/2017,32.80
21/11/2017,32.83
22/11/2017,32.75
23/11/2017,32.71
24/11/2017,32.68
27/11/2017,32.68
28/11/2017,32.63
29/11/2017,32.58
30/11/2017,32.60
01/12/2017,32.66
04/12/2017,32.65
06/12/2017,32.61
07/12/2017,32.63
08/12/2017,32.64
12/12/2017,32.59
13/12/2017,32.60
14/12/2017,32.51
15/12/2017,32.52
18/12/2017,32.56
19/12/2017,32.78
20/12/2017,32.74
21/12/2017,32.72
22/12/2017,32.73
25/12/2017,32.73
26/12/2017,32.76
27/12/2017,32.81
28/12/2017,32.71
29/12/2017,32.68
03/01/2018,32.44
04/01/2018,32.31
05/01/2018,32.21
08/01/2018,32.15
09/01/2018,32.23
10/01/2018,32.23
11/01/2018,32.07
12/01/2018,31.95
15/01/2018,31.92
16/01/2018,31.95
17/01/2018,31.93
18/01/2018,31.96
19/01/2018,31.87
22/01/2018,31.89
23/01/2018,31.82
24/01/2018,31.74
25/01/2018,31.44
26/01/2018,31.38
29/01/2018,31.34
30/01/2018,31.46
31/01/2018,31.38
01/02/2018,31.36
02/02/2018,31.33
05/02/2018,31.49
06/02/2018,31.63
07/02/2018,31.47
08/02/2018,31.71
09/02/2018,31.83
12/02/2018,31.63
13/02/2018,31.56
14/02/2018,31.41
15/02/2018,31.30
16/02/2018,31.24
19/02/2018,31.29
20/02/2018,31.43
21/02/2018,31.52
22/02/2018,31.60
23/02/2018,31.47
26/02/2018,31.38
27/02/2018,31.28
28/02/2018,31.46
02/03/2018,31.46
05/03/2018,31.42
06/03/2018,31.38
07/03/2018,31.35
08/03/2018,31.31
09/03/2018,31.37
12/03/2018,31.32
13/03/2018,31.27
14/03/2018,31.18
15/03/2018,31.15
16/03/2018,31.23
19/03/2018,31.24
20/03/2018,31.19
21/03/2018,31.21
22/03/2018,31.18
23/03/2018,31.27
26/03/2018,31.18
27/03/2018,31.14
28/03/2018,31.21
29/03/2018,31.26
30/03/2018,31.23
02/04/2018,31.17
03/04/2018,31.20
04/04/2018,31.20
05/04/2018,31.22
09/04/2018,31.25
10/04/2018,31.25
11/04/2018,31.19
12/04/2018,31.15
17/04/2018,31.18
18/04/2018,31.23
19/04/2018,31.23
20/04/2018,31.26
23/04/2018,31.39
24/04/2018,31.52
25/04/2018,31.49
26/04/2018,31.58
27/04/2018,31.63
30/04/2018,31.50
02/05/2018,31.70
03/05/2018,31.73
04/05/2018,31.64
07/05/2018,31.77
08/05/2018,31.87
09/05/2018,32.07
10/05/2018,32.13
11/05/2018,31.95
14/05/2018,31.84
15/05/2018,31.89
16/05/2018,32.09
17/05/2018,32.03
18/05/2018,32.12
21/05/2018,32.21
22/05/2018,32.13
23/05/2018,32.08
24/05/2018,32.12
25/05/2018,32.02
28/05/2018,31.91
30/05/2018,32.12
31/05/2018,32.02
01/06/2018,32.06
04/06/2018,32.02
05/06/2018,31.98
06/06/2018,31.91
07/06/2018,31.90
08/06/2018,32.03
11/06/2018,32.04
12/06/2018,32.08
13/06/2018,32.12
14/06/2018,32.15
15/06/2018,32.38
18/06/2018,32.69
19/06/2018,32.69
20/06/2018,32.72
21/06/2018,32.89
22/06/2018,32.92
25/06/2018,32.96
26/06/2018,32.95
27/06/2018,33.01
28/06/2018,33.05
29/06/2018,33.17
02/07/2018,33.09
03/07/2018,33.23
04/07/2018,33.12
05/07/2018,33.21
06/07/2018,33.21
09/07/2018,33.12
10/07/2018,33.10
11/07/2018,33.26
12/07/2018,33.32
13/07/2018,33.24
16/07/2018,33.30
17/07/2018,33.26
18/07/2018,33.33
19/07/2018,33.36
20/07/2018,33.46
23/07/2018,33.34
24/07/2018,33.47
25/07/2018,33.38
26/07/2018,33.23
31/07/2018,33.31
01/08/2018,33.19
02/08/2018,33.18
03/08/2018,33.33
06/08/2018,33.24
07/08/2018,33.34
08/08/2018,33.22
09/08/2018,33.18
10/08/2018,33.25
14/08/2018,33.33
15/08/2018,33.34
16/08/2018,33.30
17/08/2018,33.20
20/08/2018,33.17
21/08/2018,32.81
22/08/2018,32.70
23/08/2018,32.79
24/08/2018,32.83
27/08/2018,32.61
28/08/2018,32.55
29/08/2018,32.67
30/08/2018,32.69
31/08/2018,32.75
03/09/2018,32.76
04/09/2018,32.74
05/09/2018,32.80
06/09/2018,32.79
07/09/2018,32.79
10/09/2018,32.85
11/09/2018,32.83
12/09/2018,32.81
13/09/2018,32.63
14/09/2018,32.59
17/09/2018,32.69
18/09/2018,32.62
19/09/2018,32.55
20/09/2018,32.37
21/09/2018,32.40
24/09/2018,32.47
25/09/2018,32.45
26/09/2018,32.45
27/09/2018,32.45
28/09/2018,32.41
01/10/2018,32.28
02/10/2018,32.33
03/10/2018,32.35
04/10/2018,32.60
05/10/2018,32.77
08/10/2018,32.89
09/10/2018,32.92
10/10/2018,32.89
11/10/2018,32.92
12/10/2018,32.70
16/10/2018,32.65
17/10/2018,32.55
18/10/2018,32.60
19/10/2018,32.62
22/10/2018,32.62
24/10/2018,32.80
25/10/2018,32.92
26/10/2018,33.01
29/10/2018,33.12
30/10/2018,33.27
31/10/2018,33.27
01/11/2018,33.03
02/11/2018,32.91
05/11/2018,32.89
06/11/2018,32.96
07/11/2018,32.92
08/11/2018,32.85
09/11/2018,33.01
12/11/2018,33.09
13/11/2018,33.03
14/11/2018,32.91
15/11/2018,32.89
16/11/2018,32.98
19/11/2018,32.92
20/11/2018,32.96
21/11/2018,33.00
22/11/2018,32.93
23/11/2018,32.99
26/11/2018,33.06
27/11/2018,33.03
28/11/2018,33.04
29/11/2018,32.90
30/11/2018,32.92
03/12/2018,32.83
04/12/2018,32.74
06/12/2018,32.80
07/12/2018,32.81
11/12/2018,32.83
12/12/2018,32.76
13/12/2018,32.72
14/12/2018,32.75
17/12/2018,32.80
18/12/2018,32.74
19/12/2018,32.70
20/12/2018,32.76
21/12/2018,32.64
24/12/2018,32.63
25/12/2018,32.58
26/12/2018,32.58
27/12/2018,32.58
28/12/2018,32.45
02/01/2019,32.37
03/01/2019,32.22
04/01/2019,32.07
07/01/2019,31.95
08/01/2019,32.01
09/01/2019,32.02
10/01/2019,31.93
11/01/2019,31.92
14/01/2019,31.93
15/01/2019,31.88
16/01/2019,31.83
17/01/2019,31.63
18/01/2019,31.68
21/01/2019,31.74
22/01/2019,31.80
23/01/2019,31.74
24/01/2019,31.69
25/01/2019,31.69
28/01/2019,31.49
29/01/2019,31.56
30/01/2019,31.46
31/01/2019,31.25
01/02/2019,31.32
04/02/2019,31.31
05/02/2019,31.31
06/02/2019,31.25
07/02/2019,31.27
08/02/2019,31.33
11/02/2019,31.41
12/02/2019,31.39
13/02/2019,31.26
14/02/2019,31.38
15/02/2019,31.31
18/02/2019,31.22
20/02/2019,31.11
21/02/2019,31.13
22/02/2019,31.26
25/02/2019,31.30
26/02/2019,31.28
27/02/2019,31.38
28/02/2019,31.48
01/03/2019,31.62
04/03/2019,31.79
05/03/2019,31.88
06/03/2019,31.81
07/03/2019,31.87
08/03/2019,31.83
11/03/2019,31.71
12/03/2019,31.67
13/03/2019,31.65
14/03/2019,31.65
15/03/2019,31.75
18/03/2019,31.67
19/03/2019,31.66
20/03/2019,31.71
21/03/2019,31.64
22/03/2019,31.72
25/03/2019,31.60
26/03/2019,31.56
27/03/2019,31.71
28/03/2019,31.88
29/03/2019,31.81
01/04/2019,31.69
02/04/2019,31.74
03/04/2019,31.75
04/04/2019,31.75
05/04/2019,31.84
09/04/2019,31.86
10/04/2019,31.82
11/04/2019,31.77
12/04/2019,31.83
17/04/2019,31.80
18/04/2019,31.80
19/04/2019,31.81
22/04/2019,31.86
23/04/2019,31.90
24/04/2019,32.00
25/04/2019,32.06
26/04/2019,32.01
29/04/2019,31.90
30/04/2019,31.93
02/05/2019,31.96
03/05/2019,32.03
07/05/2019,31.91
08/05/2019,31.84
09/05/2019,31.80
10/05/2019,31.66
13/05/2019,31.63
14/05/2019,31.56
15/05/2019,31.54
16/05/2019,31.55
17/05/2019,31.70
21/05/2019,31.85
22/05/2019,31.98
23/05/2019,31.96
24/05/2019,31.89
27/05/2019,31.78
28/05/2019,31.81
29/05/2019,31.84
30/05/2019,31.80
31/05/2019,31.76
04/06/2019,31.35
05/06/2019,31.39
06/06/2019,31.40
07/06/2019,31.34
10/06/2019,31.34
11/06/2019,31.33
12/06/2019,31.25
13/06/2019,31.24
14/06/2019,31.21
17/06/2019,31.25
18/06/2019,31.35
19/06/2019,31.25
20/06/2019,31.05
21/06/2019,30.84
24/06/2019,30.79
25/06/2019,30.68
26/06/2019,30.82
27/06/2019,30.75
28/06/2019,30.74
01/07/2019,30.61
02/07/2019,30.72
03/07/2019,30.58
04/07/2019,30.61
05/07/2019,30.69
08/07/2019,30.78
09/07/2019,30.82
10/07/2019,30.84
11/07/2019,30.62
12/07/2019,30.78
15/07/2019,30.91
17/07/2019,30.90
18/07/2019,30.87
19/07/2019,30.77
22/07/2019,30.85
23/07/2019,30.88
24/07/2019,30.92
25/07/2019,30.91
26/07/2019,30.98
30/07/2019,30.84
31/07/2019,30.80
01/08/2019,30.86
02/08/2019,30.87
05/08/2019,30.83
06/08/2019,30.80
07/08/2019,30.77
08/08/2019,30.77
09/08/2019,30.73
13/08/2019,30.80
14/08/2019,30.81
15/08/2019,30.85
16/08/2019,30.88
19/08/2019,30.86
20/08/2019,30.83
21/08/2019,30.79
22/08/2019,30.79
23/08/2019,30.78
26/08/2019,30.64
27/08/2019,30.58
28/08/2019,30.65
29/08/2019,30.63
30/08/2019,30.64
02/09/2019,30.63
03/09/2019,30.65
04/09/2019,30.60
05/09/2019,30.56
06/09/2019,30.66
09/09/2019,30.66
10/09/2019,30.65
11/09/2019,30.62
12/09/2019,30.51
13/09/2019,30.44
16/09/2019,30.51
17/09/2019,30.56
18/09/2019,30.53
19/09/2019,30.57
20/09/2019,30.50
23/09/2019,30.48
24/09/2019,30.51
25/09/2019,30.57
26/09/2019,30.61
27/09/2019,30.64
30/09/2019,30.59
01/10/2019,30.60
02/10/2019,30.64
03/10/2019,30.61
04/10/2019,30.49
07/10/2019,30.44
08/10/2019,30.47
09/10/2019,30.35
10/10/2019,30.31
11/10/2019,30.42
15/10/2019,30.39
16/10/2019,30.41
17/10/2019,30.36
18/10/2019,30.29
21/10/2019,30.28
22/10/2019,30.28
24/10/2019,30.28
25/10/2019,30.23
28/10/2019,30.21
29/10/2019,30.23
30/10/2019,30.22
31/10/2019,30.18
01/11/2019,30.17
04/11/2019,30.17
05/11/2019,30.21
,Source: CEIC Data
